id,title,latitude,longitude,coordinate_source
1,Big Brother,-17.644022027872712,100.1953125,PADI_MAP_API
8,Christ of the Abyss,44.313516033402465,9.175161123275757,PADI_MAP_API
9,Mohawk Deer,44.30824952455147,9.191393852233885,PADI_MAP_API
11,Secca Isuela,44.32126907118045,9.143028259277344,PADI_MAP_API
12,Punta Manara,44.248642114058605,9.403610229492188,PADI_MAP_API
14,Brixham Breakwater Beach,50.399928741294595,-3.5040593147277828,PADI_MAP_API
15,Kleiner Parkplatz,47.294141001680906,8.598137497901917,PADI_MAP_API
20,Zollbruecke,47.64706405496327,8.603142499923706,PADI_MAP_API
21,Zigeunerplatz,47.117723135754574,8.497382998466492,PADI_MAP_API
22,Wassersport Zentrum Tiefenbrunnen,47.34604546200589,8.56357991695404,PADI_MAP_API
23,Schoggiwand,47.31969412903459,8.55282425880432,PADI_MAP_API
24,Steilwand Wallhausen,47.74868062565801,9.13338840007782,PADI_MAP_API
26,"Halbinsel Au, Vordere Au",47.24900640108341,8.651561737060547,PADI_MAP_API
27,Grosser Parkplatz,47.29162685237502,8.600481748580933,PADI_MAP_API
28,Riff Williams,47.28492065689085,8.608367443084717,PADI_MAP_API
29,Terlinden,47.328962949730396,8.57282817363739,PADI_MAP_API
30,Pumpenhaus Rüschlikon,47.30283226987181,8.561165928840637,PADI_MAP_API
31,Ermitage,47.32162511594154,8.577371835708618,PADI_MAP_API
32,"Eichwald Wrack Bruno, Brunnen",46.9977180910866,8.569738268852234,PADI_MAP_API
34,Lopper Acheregg,46.97928247920605,8.33112895488739,PADI_MAP_API
36,Ledi Wracks,47.115532817329665,9.292588233947754,PADI_MAP_API
37,Weesen Tunnel 1,47.13930025253085,9.119558930397034,PADI_MAP_API
38,Tiefenwinkel Murg,47.11548170882337,9.184098243713379,PADI_MAP_API
41,Rheinau - Ellikon,47.63806445788038,8.596957325935364,PADI_MAP_API
42,Halbinsel Au,47.25046659810204,8.648369908332825,PADI_MAP_API
43,Pflegheim am See,47.308706888808025,8.584039807319641,PADI_MAP_API
44,Pozzo del Posse 1,46.25274215560238,8.842851519584656,PADI_MAP_API
45,Zollerbucht,47.301373517179684,8.591356873512268,PADI_MAP_API
46,Bocciaplatz,47.293326008341765,8.598872423171997,PADI_MAP_API
47,Matterhorn,47.287970025359755,8.605454564094543,PADI_MAP_API
49,Riedsort,47.02351653418371,8.456720709800718,PADI_MAP_API
50,Brougierpark Vitznau,47.019632750557136,8.47072720527649,PADI_MAP_API
51,Rheinfall - Dachsen,47.67718515553508,8.610674142837524,PADI_MAP_API
52,Strick,47.07233227860543,8.49869191646576,PADI_MAP_API
53,Chlausenegg,47.08643318702843,8.522971272468567,PADI_MAP_API
54,Rossblatten,47.09398623176041,8.519334197044373,PADI_MAP_API
56,Hafen,47.65182345594918,8.883358240127563,PADI_MAP_API
57,Kloster,47.64281022177158,8.60527753829956,PADI_MAP_API
58,Ellikon - Rüdlingen,47.60562775269376,8.596758842468262,PADI_MAP_API
59,Rüdlingen - Tössegg,47.577242243633314,8.579152822494507,PADI_MAP_API
60,Tössegg - Eglisau,47.55208545226485,8.55458378791809,PADI_MAP_API
61,Neue Rheinbrücke,47.669285332095846,9.163160920143127,PADI_MAP_API
62,Strahlegg,47.13598687998592,9.144546389579773,PADI_MAP_API
63,Broder,47.11429524755914,9.271742105484009,PADI_MAP_API
64,Hafen Murg,47.11832180710109,9.172135591506958,PADI_MAP_API
65,Lothenbach,47.1155255161175,8.499754071235657,PADI_MAP_API
66,Grafstatt,47.10932277447803,8.502988815307617,PADI_MAP_API
67,Fischchratte,47.078937521052026,8.48689019680023,PADI_MAP_API
69,Gola di Ponte Brolla,46.18633006251151,8.755985498428345,PADI_MAP_API
70,Gola del Lupo,46.34497238930234,8.611752390861511,PADI_MAP_API
71,Blausee,46.53257250437643,7.665125727653503,PADI_MAP_API
77,Blue Buoy,-16.242302792385647,145.86221158504486,PADI_MAP_API
78,Chebeh Island,2.9330976376298064,104.09829139709471,PADI_MAP_API
79,Balky Point,37.63032624785593,-0.701225996017456,PADI_MAP_API
82,Lake Geneva,46.37251678434439,6.3226318359375,PADI_MAP_API
86,Pecio Cordero Gonzalez,42.37997756917532,-8.920040130615234,PADI_MAP_API
87,Mar Menuda,41.72213859292662,2.939497232437134,PADI_MAP_API
88,Pecio Afroditi-P,42.41078355118542,-8.870429992675781,PADI_MAP_API
89,Pecio Isurus,42.316416277076605,-8.881759643554688,PADI_MAP_API
90,Bahia Lila,27.776367171837546,-15.707745550753316,PADI_MAP_API
91,Sapi House Reef,6.0087977052786465,116.00954174995421,PADI_MAP_API
96,Um El Faroud - Oil Tanker,35.81919206805768,14.450942873954773,PADI_MAP_API
97,P-29 - Patrol Boat,35.98871932644964,14.326000213623047,PADI_MAP_API
98,Tug Boat Rozi - Cirkewwa,35.99016036794371,14.326536655426025,PADI_MAP_API
99,House Reef - DiveBase,35.95399181957488,14.415398240089418,PADI_MAP_API
102,Karwela - MV,36.01665434479996,14.28546130657196,PADI_MAP_API
103,Cominoland - MV,36.01707522557408,14.287397861480713,PADI_MAP_API
104,HMS Maori,35.90249547103081,14.515321254730225,PADI_MAP_API
105,Amphitheatre,34.8569008361762,32.34797716140747,PADI_MAP_API
106,Pistol bay,34.85885527654197,32.34650731086731,PADI_MAP_API
108,Columbi beach,34.70039525673909,33.10407042503357,PADI_MAP_API
110,Playa de los frailes,43.392184948314444,-1.7899560928344727,PADI_MAP_API
111,Las Cuevas,43.38824378752414,-1.8119609355926514,PADI_MAP_API
112,Lago de Panticosa,42.75950669936206,-0.2354443073272705,PADI_MAP_API
113,Small river,38.133138827652935,24.019203186035156,PADI_MAP_API
115,Old quarry,38.15268108852518,24.060916900634766,PADI_MAP_API
116,Small cave,38.15939647721454,24.061431884765625,PADI_MAP_API
117,Psilos Kavos,38.15021749945389,24.064264297485348,PADI_MAP_API
118,Small reef,38.15094308570193,24.064843654632565,PADI_MAP_API
119,Car wreck,38.162905781037644,24.08074378967285,PADI_MAP_API
120,Purple wall,38.16189349919205,24.076366424560547,PADI_MAP_API
121,Seals cave,38.120107745917586,24.079799652099606,PADI_MAP_API
122,Cleio shipwreck,38.11781187396181,24.07550811767578,PADI_MAP_API
123,Kassandra shipwreck,38.10687172804138,24.09164428710937,PADI_MAP_API
124,Schinias bay,38.13948472974821,24.0340518951416,PADI_MAP_API
125,Marathon Cape,38.1334763895322,24.05353546142578,PADI_MAP_API
126,Comino Island - Blue Lagoon,36.012940083008274,14.32369351387024,PADI_MAP_API
135,Labas Island,2.8900662536258954,104.06627655029297,PADI_MAP_API
137,Blenheim Bomber,35.83535005665761,14.576797485351562,PADI_MAP_API
138,Blue Hole And Remains Of Azure Window,36.052776820204066,14.18855309486389,PADI_MAP_API
139,Mosquito Fighter Bomber,35.83047908481941,14.569244384765625,PADI_MAP_API
140,HMS Hellespont,35.901496053776405,14.533624649047852,PADI_MAP_API
141,Inland Sea,36.05380901921525,14.191149473190308,PADI_MAP_API
142,SS Margit / MV Odile,35.89059724133258,14.522477388381958,PADI_MAP_API
143,HMS Drifter Eddy,35.904902711216174,14.5308780670166,PADI_MAP_API
144,HMS Southwold,35.87036006114851,14.587612152099608,PADI_MAP_API
145,Schnellboot,35.89016264832639,14.57782745361328,PADI_MAP_API
146,HMS St Angelo,35.90476366684424,14.541006088256834,PADI_MAP_API
147,Le Polynesian,35.859004808859524,14.602203369140625,PADI_MAP_API
148,HMS Stubborn,35.98356261296409,14.441184997558592,PADI_MAP_API
150,CS Levant II,35.90893489172885,14.538688659667967,PADI_MAP_API
151,Lockhead P2V Neptune Plane,35.94896746147443,14.47105407714844,PADI_MAP_API
152,Tug 2,35.921273477886736,14.499378204345703,PADI_MAP_API
153,Two Tugs - Tug 10 & Tug St.Michael,35.86655197256188,14.575059413909912,PADI_MAP_API
154,X127 Lighter / Carolita,35.90118319012913,14.504045248031616,PADI_MAP_API
155,MV Pippo,35.98272917308846,14.390201568603516,PADI_MAP_API
156,Cirkewwa Arch,35.98841548903969,14.327813386917114,PADI_MAP_API
157,Cirkewwa - Paradise Bay Reef,35.98677040617284,14.327829480171202,PADI_MAP_API
158,Cirkewwa -  Susie's Pool,35.98880613692327,14.327507615089415,PADI_MAP_API
160,Divers Leap [Fundiving Curacao Homereef],12.074081,-68.879195,PADI_MAP_API
161,Sweet Bottom,12.076326,-68.882717,PADI_MAP_API
162,Beacon Point,12.070451,-68.87371,PADI_MAP_API
166,Double Reef,12.106424,-68.949337,PADI_MAP_API
167,Klein Curacao,11.991847,-68.64897,PADI_MAP_API
168,East Point,12.036131,-68.807314,PADI_MAP_API
169,West Point,12.353585,-69.160598,PADI_MAP_API
170,Comino Island - Crystal Lagoon,36.01069668824374,14.328247904777525,PADI_MAP_API
171,Comino Island - Santa Marija Cave,36.01800809762838,14.340462684631348,PADI_MAP_API
172,Comino Island - P31 Patrol Boat,36.00925602196477,14.32394564151764,PADI_MAP_API
173,Comino Island - Lantern Point,36.00386196832295,14.32517945766449,PADI_MAP_API
174,Comino Island - Alex's Cave,36.010553490665515,14.325195550918577,PADI_MAP_API
175,Cathedral Cave,36.081430491953924,14.230148792266844,PADI_MAP_API
177,Xlendi Bay,36.02981339854462,14.216131567955015,PADI_MAP_API
178,Wied iz-Zurrieq (Blue Grotto),35.819661848758926,14.451447129085862,PADI_MAP_API
179,Mgarr ix-Xini,36.02013847565962,14.271594285964966,PADI_MAP_API
180,Qawra Point,35.959285071568054,14.425907135009764,PADI_MAP_API
181,Red bay,36.01914922377687,14.289060831069946,PADI_MAP_API
182,Fortizza Reef -  Sliema,35.91748521532354,14.505922794342041,PADI_MAP_API
183,MV Xlendi,36.016858277002136,14.284307956695557,PADI_MAP_API
184,Anchor Bay (Popeye Village),35.959975469605546,14.339808225468003,PADI_MAP_API
185,Coral Cave,36.05233010803181,14.188188314437866,PADI_MAP_API
186,L'Ahrax Point,35.998632465087965,14.367864131927488,PADI_MAP_API
187,Coral Gardens,36.05256864397322,14.188300967216492,PADI_MAP_API
189,HMS Nasturtium,35.8929440023465,14.676361083984375,PADI_MAP_API
190,Sirens Bay,35.94944515837496,14.404733776882495,PADI_MAP_API
191,HMS Russell,35.90963007449912,14.654388427734377,PADI_MAP_API
192,Merkanti Reef (Divewise House Reef),35.924557650421455,14.494603872299194,PADI_MAP_API
204,Paradise,8.72060637939087,-83.86353492736816,PADI_MAP_API
206,The Lighthouse,8.70295956812555,-83.89211654663086,PADI_MAP_API
236,Secca di Washignton,41.263807716639036,9.32790756225586,PADI_MAP_API
237,Secca di Spargi,41.25179026613305,9.319818019866943,PADI_MAP_API
242,Coral Hills,4.24096466294413,118.63916873931883,PADI_MAP_API
247,Stingray City,4.233132619287936,118.63114356994627,PADI_MAP_API
252,Panglima,4.245822202053829,118.62528562545776,PADI_MAP_API
259,Black Ray Channel,4.2107916008364255,118.67950916290283,PADI_MAP_API
272,Mid Reef,4.112689008703825,118.63599300384521,PADI_MAP_API
278,Hawksbill Highway,4.655689121449002,118.65732192993164,PADI_MAP_API
281,Left Shoulder,4.6488666763399005,118.65644216537474,PADI_MAP_API
283,Churchill Barrier 3,58.8713500895748,-2.9159796237945557,PADI_MAP_API
284,Scapa Flow,58.866679710325414,-3.1805419921874996,PADI_MAP_API
311,Arashi,12.601475166388846,-70.07904052734375,PADI_MAP_API
312,Veronical L,12.04435707925505,-61.770973205566406,PADI_MAP_API
314,Purple Rain,12.019677220971108,-61.80067062377929,PADI_MAP_API
315,Underwater Sculpture Park,12.085485134183564,-61.76307678222656,PADI_MAP_API
316,Blue Springs State Park,28.945053879865352,-81.33923828601837,PADI_MAP_API
324,RMS Rhone,18.366255969430792,-64.5285415649414,PADI_MAP_API
325,Wreck Alley,18.370817592033145,-64.51240539550781,PADI_MAP_API
326,Chimney,18.483353643072657,-64.46142196655273,PADI_MAP_API
327,Sharkplaneo,18.480138187252326,-64.45519924163818,PADI_MAP_API
328,Seal Dog Rock,18.50988902503296,-64.43150997161865,PADI_MAP_API
329,POS,18.493986603754244,-64.46502685546875,PADI_MAP_API
330,Kodiak Queen,18.49776140044444,-64.4168758392334,PADI_MAP_API
331,Vanishing Rock,18.378240153146383,-64.52001214027405,PADI_MAP_API
332,Bronco Billy,18.49320314496013,-64.46069240570068,PADI_MAP_API
333,Cathedral,28.917903084812377,-13.668075799942017,PADI_MAP_API
339,Bajo de Fuera,37.66277777777778,-0.6363888888888889,PADI_MAP_API
340,Bajo de Dentro,37.64611111111111,-0.6655555555555556,PADI_MAP_API
341,"Tegnue ""Marina del Sole/Chioggia""",45.21542212118822,12.474288940429688,PADI_MAP_API
342,Qarouh,28.817266326870023,48.77562761306763,PADI_MAP_API
344,Mammoth Lake,29.029109,-95.421045,PADI_MAP_API
345,Lake Longhorn,29.497921,-95.04015,PADI_MAP_API
349,Piles 1,37.63972222222222,-0.6788888888888889,PADI_MAP_API
354,Flamingo,28.85692758296155,-13.842945098876953,PADI_MAP_API
357,Baia del Rogiolo,43.46090935500369,10.359452962875366,PADI_MAP_API
358,Shake'm,12.024546215925072,-61.7856502532959,PADI_MAP_API
359,Tyrrel Bay,12.037574541367595,-61.78170204162598,PADI_MAP_API
360,Kahonee,12.020013016555325,-61.7896842956543,PADI_MAP_API
361,Flamingo Bay,12.091653797791846,-61.758012771606445,PADI_MAP_API
362,Dragon Bay,12.088338683329036,-61.76307678222656,PADI_MAP_API
363,Happy Valley,12.090940422199653,-61.7605447769165,PADI_MAP_API
368,GROTTO,15.258931157052865,145.8246660232544,PADI_MAP_API
369,Lau Lau Beach,15.160018241761664,145.751114487648,PADI_MAP_API
370,Playa Chica Bay,28.918612110043494,-13.668660521507263,PADI_MAP_API
371,Harbour Wall,28.919175570346635,-13.669846057891844,PADI_MAP_API
373,Marine NP El Toro,39.46800484919317,2.473297119140625,PADI_MAP_API
376,Isla Sa Porassa,39.50483540366633,2.547454833984375,PADI_MAP_API
377,Punta Martin,39.46588451142044,2.4987030029296875,PADI_MAP_API
378,Punta Cautius,39.4637641090409,2.5069427490234375,PADI_MAP_API
381,Illetes,39.53476241309834,2.588653564453125,PADI_MAP_API
382,Punta Mula,39.46243882474595,2.5251388549804688,PADI_MAP_API
383,Carlotta,39.45766759232811,2.517242431640625,PADI_MAP_API
384,Portalls Vells,39.474630488311654,2.5244522094726562,PADI_MAP_API
386,Starfish Garden,9.383672210611502,-84.1676115989685,PADI_MAP_API
387,South Point,9.37909934385819,-84.16550874710083,PADI_MAP_API
388,Geos Ridge,9.368365572629534,-84.15810585021973,PADI_MAP_API
389,Punta Quepos,9.393685731290745,-84.18213844299316,PADI_MAP_API
390,El Aquario,9.375394430753673,-84.15789127349854,PADI_MAP_API
391,Bajo del Diablo,9.410282556971595,-84.18411254882812,PADI_MAP_API
392,El Toro,9.387715760134935,-84.17917728424072,PADI_MAP_API
393,Canyon Reef,9.381110565830463,-84.1673755645752,PADI_MAP_API
397,Wing Crevasse,15.275408673614436,145.7932949066162,PADI_MAP_API
398,Wing Arch,15.276567847177002,145.79466819763184,PADI_MAP_API
399,Banzai,15.288304118673379,145.8154821395874,PADI_MAP_API
400,Spot Light,15.28658615172003,145.8165979385376,PADI_MAP_API
401,Naftan,15.095452436980716,145.7451868057251,PADI_MAP_API
405,Fischbalme,46.68780850853037,7.744594216346741,PADI_MAP_API
406,Three Rocks,34.857578732914305,32.349650859832764,PADI_MAP_API
407,Seepolizei,47.09144432081439,7.1517401933670035,PADI_MAP_API
408,Bubblecave,34.85956837159946,32.3453164100647,PADI_MAP_API
409,DORI Liberty Ship Wreck,37.74397841428505,-25.625782012939453,PADI_MAP_API
410,Caloura Arches,37.70972959918342,-25.516605377197266,PADI_MAP_API
411,The Mirrors,37.76718664006672,-25.7658576965332,PADI_MAP_API
414,Car Pile (The Dive Bus House Reef),12.088779,-68.904254,PADI_MAP_API
415,Willy Wonka,37.74333363742671,-25.608701705932617,PADI_MAP_API
416,Mobulas Hot Spot,37.10119357072203,-25.4278564453125,PADI_MAP_API
418,Secca di Porto Leccio,41.044897890875085,8.927754163742065,PADI_MAP_API
419,Bashful Bommie,-16.241334531653635,145.86397647857663,PADI_MAP_API
429,Advanced Bommie,-16.054964124010148,145.86386919021606,PADI_MAP_API
433,Anybody's,-16.01636864351552,145.79447507858276,PADI_MAP_API
435,The Farne Islands,55.627899,-1.634045,PADI_MAP_API
438,Nest Ends Gully,55.87541014629012,-2.081630229949951,PADI_MAP_API
439,Greenends Gully,55.875139,-2.082816,PADI_MAP_API
440,Eyemouth Boat Trips to St Abbs,55.871218,-2.087451,PADI_MAP_API
442,St Mary's Island - West Bay,55.0701,-1.452749,PADI_MAP_API
446,Palm-Mar Roncadores,28.0223333,-16.7083889,PADI_MAP_API
454,Paddy's Head,44.52614476409712,-63.94798278808593,PADI_MAP_API
455,Mill Cove Wharf Jetty Side,44.58025098323171,-64.05364036560059,PADI_MAP_API
456,Mill Cove Wharf Beach Side,44.58013635601557,-64.05508875846861,PADI_MAP_API
457,Mill Cove Beach,44.58788464710576,-64.06283497810364,PADI_MAP_API
458,Juturna Springs,39.526781,-77.298378,PADI_MAP_API
459,Birchy Head Dive Site,44.56840497604163,-64.03620600700378,PADI_MAP_API
462,Fox Point Beach,44.59828285040412,-64.0619444847107,PADI_MAP_API
463,Estella Reef,18.322562,-67.248457,PADI_MAP_API
464,"Walk in the Park, Rincon, PR",18.322002,-67.25041,PADI_MAP_API
465,The Lodge,44.55839895247023,-64.03162479400635,PADI_MAP_API
466,Admirals Point,44.514471350536084,-64.03076648712158,PADI_MAP_API
467,New Harbour,44.473925183846724,-64.08847689628601,PADI_MAP_API
468,Bachman's Beach,44.406668824702194,-64.26532030105591,PADI_MAP_API
469,HMCS Saguenay,44.32507,-64.21989,PADI_MAP_API
470,Fralick Cove,44.044414134860716,-64.66127872467041,PADI_MAP_API
471,Cranberry Cove,44.50128048637208,-63.922748565673835,PADI_MAP_API
472,Polly Cove,44.48917348226732,-63.88912439346313,PADI_MAP_API
473,Burns Point,44.48859179300198,-63.871368169784546,PADI_MAP_API
474,West Dover Govt Wharf,44.49284717518614,-63.86848211288453,PADI_MAP_API
475,Prospect Wharf,44.469078881105936,-63.783992528915405,PADI_MAP_API
476,Sandy Cove,44.46185078790107,-63.707871437072754,PADI_MAP_API
477,Terence Bay Wharf,44.467777277853784,-63.71451258659363,PADI_MAP_API
478,Bear Cove,44.538764106483676,-63.54357004165649,PADI_MAP_API
479,Ferguson's Cove,44.60309167666355,-63.55717957019806,PADI_MAP_API
480,Black Rock Beach,44.62457947695297,-63.56416940689087,PADI_MAP_API
481,Stetson Bank NMS,28.1667,-94.3,PADI_MAP_API
482,Africville Ramp Dive Site,44.67586294266216,-63.615560531616204,PADI_MAP_API
483,MacDonald Bridge,44.666054738193935,-63.583019971847534,PADI_MAP_API
484,Smugglers Cove,44.171339114583326,-66.18185520172118,PADI_MAP_API
485,Boutiliers Point,44.656969891482376,-63.94664168357849,PADI_MAP_API
486,Arrow,45.44664375276733,-61.11145019531249,PADI_MAP_API
487,Baleine,45.48228066163947,-61.2103271484375,PADI_MAP_API
488,Grand Narrows,45.95887714138538,-60.79664468765259,PADI_MAP_API
496,Polhena Reef,5.93608823831072,80.52622318267822,PADI_MAP_API
497,Rock Wall,5.9228,80.47834,PADI_MAP_API
499,Dondra Point,5.91219,80.58963,PADI_MAP_API
500,Umbria Wreck,19.643412059325556,37.3040771484375,PADI_MAP_API
501,Sanganeb Reef,19.739561404984595,37.44003295898437,PADI_MAP_API
505,Indian Point,44.633543423280216,-63.93540859222412,PADI_MAP_API
506,Portugese Cove,44.52025480187854,-63.532036542892456,PADI_MAP_API
507,Herring Cove,44.56963554457819,-63.55687379837036,PADI_MAP_API
528,Cynthiana,34.76192255039478,32.400054931640625,PADI_MAP_API
531,Colosseum,-23.450648316816462,35.67535400390625,PADI_MAP_API
533,Banners,-23.51236709734913,35.66093444824219,PADI_MAP_API
534,West Wales - Skomer Island,51.736384102036176,-5.266571044921875,PADI_MAP_API
537,The Office,-23.53755013111107,35.654754638671875,PADI_MAP_API
539,Reggies,-23.55643424320944,35.649261474609375,PADI_MAP_API
541,Melanda Beach,34.65128519895413,32.750244140625,PADI_MAP_API
542,EN1,-23.60929531766475,35.47828674316406,PADI_MAP_API
543,Lighthouse,-23.77749052119731,35.54180145263672,PADI_MAP_API
547,Constandis Wreck,34.63094797335811,33.14025878906249,PADI_MAP_API
548,Limassol Wrecks Reefs,34.642247047768535,33.105926513671875,PADI_MAP_API
552,Alexandria Wreck,34.918592949176926,33.71704101562499,PADI_MAP_API
558,Simons Town,-23.89337152586044,35.548152923583984,PADI_MAP_API
559,Marble Arch,-23.902788191253986,35.54351806640625,PADI_MAP_API
561,Praia Da Rocha,-23.926640673501304,35.53133010864258,PADI_MAP_API
562,Krakatoa,-23.930524131136025,35.530128479003906,PADI_MAP_API
563,Robs Bottom,-23.95394008097932,35.53253173828125,PADI_MAP_API
565,Hogwarts,-23.997073913200502,35.51931381225586,PADI_MAP_API
569,Daniel Stienman,44.438927833660216,-63.553504943847656,PADI_MAP_API
570,Kolkhosnik/Russian,44.42054008115568,-63.577880859375,PADI_MAP_API
571,Portia,44.44603621377982,-63.601226806640625,PADI_MAP_API
572,National Aquarium in Baltimore,39.28506683286448,-76.6082614660263,PADI_MAP_API
573,Gildenburgh Water,52.554244,-0.106169,PADI_MAP_API
574,Dosthill Quarry,52.59641,-1.6878,PADI_MAP_API
575,Koh Bon,8.827854,97.79508,PADI_MAP_API
577,Three Trees,8.680706,97.651842,PADI_MAP_API
579,Kata Beach South,7.814345,98.297917,PADI_MAP_API
581,Koh Tachai Pinnacle,9.05802,97.811724,PADI_MAP_API
585,Samaesan,12.526807,100.957423,PADI_MAP_API
588,Arlington Pool (Yorktown Highschool),38.904137,-77.1434,PADI_MAP_API
593,Hood College (Huntsinger Aquatics Center),39.424028,-77.419563,PADI_MAP_API
594,Annapolis YMCA Pool,39.0504,-76.519644,PADI_MAP_API
596,"Les Iles, Sion",46.213769,7.33087,PADI_MAP_API
597,Lac des Bousses,46.254735,7.45491,PADI_MAP_API
599,Martha's Quarry,36.22166868359653,-86.43801569938658,PADI_MAP_API
600,Bellevue Quarry,36.0896153381823,-87.0216965675354,PADI_MAP_API
601,Baie de Ngor,14.75388433389407,-17.508838176727295,PADI_MAP_API
602,White Star Quarry,41.37146268793953,-83.31716895103455,PADI_MAP_API
604,Cedar Hills,44.806769647809716,-81.00489020347594,PADI_MAP_API
605,St Clair River,42.99670648242824,-82.42248058319092,PADI_MAP_API
606,Lake Ouachita,34.574270506263034,-93.43754053115845,PADI_MAP_API
607,Greers Ferry Lake,35.51769118790059,-92.11074468679726,PADI_MAP_API
608,Nudi Garden,6.007581336454326,116.00914478302003,PADI_MAP_API
609,Rons Reef,6.004636432258074,116.00536823272705,PADI_MAP_API
610,Sapi Slope,6.006343625036563,116.00459575653078,PADI_MAP_API
612,Ribbon Reef,6.013300380250722,116.00335121154785,PADI_MAP_API
614,Padang Point,6.010568904144487,116.01330757141113,PADI_MAP_API
615,Mangrove corner,5.995801624171918,116.03673934936522,PADI_MAP_API
629,South Reef,5.961485362142948,116.01292133331297,PADI_MAP_API
630,The Rock,5.967546350905828,116.0122776031494,PADI_MAP_API
648,"Genteng Kecil House Reef, Pulau Seribu, Jakarta",-5.623684129764767,106.54808163642883,PADI_MAP_API
649,"Genteng Kecil Reef 1, Pulau Seribu, Jakarta",-5.6244635646916015,106.5492296218872,PADI_MAP_API
650,"Genteng Kecil, West Reef, Pulau Seribu, Jakarta",-5.624783880112227,106.54105424880981,PADI_MAP_API
651,"Bunder 1, Pulau Seribu, Jakarta",-5.628115150029902,106.57408833503723,PADI_MAP_API
652,"Bunder 2, Pulau Seribu, Jakarta",-5.627570616828814,106.57045125961304,PADI_MAP_API
653,"Matahari Reef, Pulau Seribu, Jakarta",-5.6070167853222594,106.54189109802245,PADI_MAP_API
657,Shark & Yolanda Reef - Ras Mohammed,27.725209092218293,34.25889015197754,PADI_MAP_API
659,Wood House - Straits of Tiran,28.001146326353883,34.4655704498291,PADI_MAP_API
660,Thomas Reef - Straits of Tiran,27.992279327926045,34.46093559265137,PADI_MAP_API
664,Dover YMCA,39.573036,-76.737665,PADI_MAP_API
665,Indian River Inlet,38.5917952,-75.168384,PADI_MAP_API
669,Vinkeveense Plas,52.14064,4.57719,PADI_MAP_API
670,Red Sea College - House Reef,27.90939071085247,34.32711482048035,PADI_MAP_API
672,Ras Za'atar - Ras Mohammed,27.76664632824637,34.25588607788086,PADI_MAP_API
673,Anemone City - Ras Mohammed,27.727070497706297,34.2584502696991,PADI_MAP_API
674,"Pulau Genteng Besar, Pulau Seribu, Jakarta",-5.617053552086579,106.54845714569092,PADI_MAP_API
675,Jackfish Alley - Ras Mohammed,27.75525360939757,34.25236701965332,PADI_MAP_API
676,Shark Observatory - Ras Mohammed,27.73212272380552,34.260789155960076,PADI_MAP_API
677,"Bintang Reef, Pulau Seribu, Jakarta",-5.586259350188154,106.5413761138916,PADI_MAP_API
678,Lundy Island,51.16642774275134,-4.678802490234375,PADI_MAP_API
679,SS Dunraven Wreck,27.704655543784973,34.123878479003906,PADI_MAP_API
680,2WIN House Reef,4.596060007408008,118.86107325553895,PADI_MAP_API
681,Mataking Wreck Post,4.583109048573315,118.94636750221252,PADI_MAP_API
682,Near Garden,27.908262471489692,34.34759616851806,PADI_MAP_API
683,Middle Garden,27.91278483898988,34.34952735900879,PADI_MAP_API
684,Far Garden,27.91445342159142,34.362616539001465,PADI_MAP_API
686,Temple,27.84731059323184,34.3088436126709,PADI_MAP_API
687,Ras Katy,27.846836272730865,34.303157329559326,PADI_MAP_API
688,Tower,27.88270801795547,34.324153661727905,PADI_MAP_API
689,Ras Nasrani,27.964119878717483,34.41699028015136,PADI_MAP_API
690,Ras Ghazlani - Ras Mohammed,27.806283691459722,34.26361083984375,PADI_MAP_API
691,Koh Haa,7.4333918296729,98.897443402528,PADI_MAP_API
692,Hin Bida,7.655,98.7656,PADI_MAP_API
693,Hin Muang,7.159417,98.831317,PADI_MAP_API
696,Anthias Divers House Reef,27.913694978145696,34.33104157447815,PADI_MAP_API
697,3 Rocks (Sharm rock),25.482583142378857,56.36593580245972,PADI_MAP_API
698,Shark Island,25.35207363018928,56.378520727157586,PADI_MAP_API
699,Hole in the Wall,25.34084562472647,56.37818813323974,PADI_MAP_API
701,Martini Rock,25.335531835715592,56.381449699401855,PADI_MAP_API
702,Snoopy Island,25.49255837439694,56.36411190032959,PADI_MAP_API
703,Dibba Island,25.60325681776105,56.35121583938598,PADI_MAP_API
704,Coral Gardens,25.353799431523395,56.380805969238274,PADI_MAP_API
705,Anenome Gardens,25.35193789196091,56.38007640838623,PADI_MAP_API
706,Inchcape 2,25.338382693140638,56.380677223205566,PADI_MAP_API
708,Inchcape 1,25.5100662937171,56.37737274169921,PADI_MAP_API
709,Artificial Reef,25.604263049906766,56.34982109069824,PADI_MAP_API
710,Islas Marietas,20.696388611365716,-105.56831359863281,PADI_MAP_API
733,Cuevas del cabo de salou,41.055408088140396,1.1806869506835938,PADI_MAP_API
734,Wreck Vapor del Miracle,41.10580779310919,1.2690067291259766,PADI_MAP_API
735,Cristo degli Abissi,44.313516033402465,9.175161123275757,PADI_MAP_API
737,marades,37.66099365286694,24.29523468017578,PADI_MAP_API
745,Evdokia II,45.184211,12.453,PADI_MAP_API
747,"Tegnue ""Serenissima""",45.19534491397116,12.436180114746094,PADI_MAP_API
748,"Tegnue ""Adria""",45.211794234824886,12.449569702148438,PADI_MAP_API
750,"Tegnue ""Padova""",45.199699608826734,12.405967712402344,PADI_MAP_API
751,Stella Maris/Ferro,45.1278045274732,12.645263671875,PADI_MAP_API
753,Torbogen,39.390321920334074,3.251159191131592,PADI_MAP_API
754,St. Andrews Jetties,30.12476953136383,-85.73298633098602,PADI_MAP_API
756,Destin Jetties,30.38579618049916,-86.50606870651245,PADI_MAP_API
758,Crosses,-34.28950598907205,18.822262287139893,PADI_MAP_API
759,Coral Gardens,-34.30182629637073,18.81306767463684,PADI_MAP_API
760,Balcony,-34.36880293727623,18.819236755371094,PADI_MAP_API
762,Sassello,46.474727784469636,8.636600375175476,PADI_MAP_API
763,Chez Hortense,44.63128347874532,-1.2441587448120117,PADI_MAP_API
765,LE MACCHINE,45.88096406461929,9.341737031936646,PADI_MAP_API
766,RIVA DI GITTANA - AUTOBOTTE,46.027999567595515,9.28695559501648,PADI_MAP_API
767,RAPA NUI - MOREGALLO,45.87799883470275,9.34962272644043,PADI_MAP_API
768,Regionalbad Gänserndorf,48.34161764707479,16.721051931381226,PADI_MAP_API
769,Neufeldersee,47.97521412341618,16.27452850341797,PADI_MAP_API
770,Punta Santa Anna,41.67371320781778,2.8018999099731445,PADI_MAP_API
773,Pinnacle,-34.17449446310723,18.833259344100952,PADI_MAP_API
774,le jardin des kiosques,-21.18375150981124,55.28416872024536,PADI_MAP_API
775,le banc doré,-21.185212064563586,55.2846622467041,PADI_MAP_API
776,les arches,-21.17986996541387,55.28393268585205,PADI_MAP_API
777,Bosy's canyon,-21.199156634559717,55.27945876121521,PADI_MAP_API
778,le nez du pharaon,-21.19367499499964,55.26979207992554,PADI_MAP_API
779,la pointe au sel,-21.200977134092938,55.271573066711426,PADI_MAP_API
780,le sec jaune,-21.205848360407746,55.27989864349365,PADI_MAP_API
781,l'arche de noel,-21.210979478415812,55.282859802246094,PADI_MAP_API
782,Sec a zitte,-21.155137733958096,55.27374029159546,PADI_MAP_API
783,Antonio Lorenzo,-21.14939430254616,55.26745319366455,PADI_MAP_API
784,Passe de l'Ermitage,-21.085260883371312,55.22157669067383,PADI_MAP_API
785,Passe de 3 bassins,-21.111325935029143,55.249364376068115,PADI_MAP_API
786,Stone Dog,-34.17342930092254,18.835389018058777,PADI_MAP_API
787,Cow and Calf,-34.171844847300115,18.837454319000244,PADI_MAP_API
788,Bikini Beach,-34.165688718589855,18.857882022857662,PADI_MAP_API
789,Vogelsteen,-34.171560796447494,18.839235305786133,PADI_MAP_API
790,Tony's Reef,-34.17614543792399,18.8295578956604,PADI_MAP_API
791,JUANCITO,45.895944645240135,9.312071800231934,PADI_MAP_API
808,Porteau Cove Provincial Park,49.56013540816714,-123.23558449745177,PADI_MAP_API
809,Gili Mimpang,-8.53426,115.568079,PADI_MAP_API
811,Chesil Beach,50.55874668203289,-2.4480950832366943,PADI_MAP_API
822,Agua Dolç,42.35006038632218,3.226826190948486,PADI_MAP_API
823,El Boc i la Cabra,42.35001281189061,3.235023021697998,PADI_MAP_API
824,Cap gros,42.347792631702646,3.238649368286133,PADI_MAP_API
826,Figarola,42.341655011346255,3.238370418548584,PADI_MAP_API
827,Isla Galera,42.339513840022754,3.2426404953002925,PADI_MAP_API
828,El Brasco,42.33599264419933,3.2564163208007812,PADI_MAP_API
829,Punta de los Farallons,42.34106817905165,3.2599353790283203,PADI_MAP_API
830,Bajo del Moli,42.34163915108597,3.2665014266967773,PADI_MAP_API
831,Cala Sardina,42.33878423906496,3.271350860595703,PADI_MAP_API
832,Les 3 Frères,42.33732501175293,3.2786035537719727,PADI_MAP_API
833,Cala Guillosa,42.335421620892056,3.279848098754883,PADI_MAP_API
834,El Woodside,42.33380369336488,3.2832813262939453,PADI_MAP_API
835,Isla de Portalo,42.33383541783409,3.285512924194336,PADI_MAP_API
836,Islas Fullolas,42.33059943954435,3.297443389892578,PADI_MAP_API
837,Bajo de Cullero,42.3294255631322,3.3048248291015625,PADI_MAP_API
838,Bajo de la Torre,42.331582940752924,3.2997608184814453,PADI_MAP_API
839,Rooi Els Point,-34.347971491244955,18.80988121032715,PADI_MAP_API
840,Encalladora,42.321429930269694,3.3243942260742188,PADI_MAP_API
841,Massa d'or,42.32111262228869,3.330402374267578,PADI_MAP_API
842,Popa del vaixell,42.31362368943786,3.3158111572265625,PADI_MAP_API
843,Morro de Cala Bona,42.310069307772004,3.3074855804443355,PADI_MAP_API
844,Niagara River Drift dives,43.0095051668962,-78.9103338739369,PADI_MAP_API
846,"Tegnue ""Delfino Bianco - Free Diver""",45.212036101115885,12.417984008789062,PADI_MAP_API
848,Nave Cannoniera,45.04975516197155,12.53814697265625,PADI_MAP_API
849,"Tegnue ""G.S Monselice""",45.20187683128089,12.378158569335936,PADI_MAP_API
850,"Tegnue ""Mestre""",45.21518026929742,12.353782653808592,PADI_MAP_API
851,"Tegnue ""Cittadella""",45.22158899687032,12.360992431640625,PADI_MAP_API
852,"Tegnue ""Montagnana""",45.22146808416795,12.38485336303711,PADI_MAP_API
853,"Tegnue ""Rovigo""",45.223886289357665,12.408370971679686,PADI_MAP_API
854,Pierbaai Reef (The Dive Bus House Reef),12.089503,-68.905145,PADI_MAP_API
855,"Tegnue ""Medoacus Sub"" - ""A.S.D. SubShark""",45.2150593429663,12.398757934570312,PADI_MAP_API
856,Vaersenbaai (Kokomo Beach),12.160522,-69.005363,PADI_MAP_API
860,Porto Mari,12.211914,-69.086119,PADI_MAP_API
862,Peschereccio Ferreo,45.18106885549976,12.59033203125,PADI_MAP_API
864,Playa Piscado,12.369556,-69.154065,PADI_MAP_API
867,CUEVAS DE CANTARRIJÁN,36.7378265918864,-3.7782990932464595,PADI_MAP_API
868,LA HUERTA,36.73107265652747,-3.771169781684876,PADI_MAP_API
869,TERRITORIO CONGRIO,36.72940020265461,-3.7679243087768555,PADI_MAP_API
871,LOS MOLINOS,36.73031597239811,-3.7632036209106445,PADI_MAP_API
872,CALAIZA,36.733364160136446,-3.762173652648926,PADI_MAP_API
874,LOS PASADIZOS,36.73934840235645,-3.7854230403900146,PADI_MAP_API
884,Hans Reef,-8.348237296183255,116.0870361328125,PADI_MAP_API
885,Blousteen,-34.2723254515692,18.838162422180176,PADI_MAP_API
886,Containers Bay,-34.378933367360084,18.843870162963867,PADI_MAP_API
887,SAS Fleur Wreck,-34.18880183835931,18.58509063720703,PADI_MAP_API
888,York Shoal,-34.15954545771159,18.619766235351562,PADI_MAP_API
889,Clan Stuart,-34.17204456998344,18.42952251434326,PADI_MAP_API
890,Sunny Cove,-34.14420310897079,18.43806266784668,PADI_MAP_API
891,Maison verte,-21.19345492493171,55.28373956680298,PADI_MAP_API
893,Long Beach,-34.18700911165697,18.426754474639893,PADI_MAP_API
894,Baumgarten Immensee,47.1049,8.4756,PADI_MAP_API
896,Las Catalinas Classico,10.479076693024592,-85.87129712104797,PADI_MAP_API
898,Rambler Rock,-34.183121781293764,18.456859588623043,PADI_MAP_API
899,Las Catalinas North,10.478291779820262,-85.86896896362303,PADI_MAP_API
901,Friskies Pinnacle,-34.18113367096234,18.577880859375,PADI_MAP_API
902,Tivoli Pinnacles,-34.18113367096234,18.58749389648437,PADI_MAP_API
903,Castor Rock,-34.17318076114498,18.579940795898438,PADI_MAP_API
905,PUNTA DE LA MONA,36.71925721497618,-3.7272191047668457,PADI_MAP_API
906,ENSENADA DE MARINA,36.720052707520836,-3.728259801864624,PADI_MAP_API
907,ROQUEO DE LOS 14 / MARINA DEL ESTE RIGHT BAY,36.72129967925511,-3.728286623954773,PADI_MAP_API
908,PIEDRA DE LA HIGUERA,36.720641796690494,-3.727707266807556,PADI_MAP_API
909,PUNTA DEL VAPOR / MARINA DEL ESTE LEFT SIDE,36.722907812913135,-3.72661292552948,PADI_MAP_API
910,Livingstone,-34.17204456998344,18.57341766357422,PADI_MAP_API
911,LOS CANDELABROS,36.731928216532104,-3.773712515830993,PADI_MAP_API
912,Target Reef,-34.17204456998344,18.562774658203125,PADI_MAP_API
913,Roman Rock,-34.16749965237791,18.56964111328125,PADI_MAP_API
914,Brunswick,-34.18113367096234,18.426733016967773,PADI_MAP_API
915,HNMS Bato wreck,-34.18319278436766,18.426132202148438,PADI_MAP_API
916,Cirkewwa,35.98863251588048,14.328060150146484,PADI_MAP_API
917,Anchor bay,35.95994507483455,14.340977668762205,PADI_MAP_API
924,Shrimp Cave,28.918184817272635,-13.66948127746582,PADI_MAP_API
925,Las Coloradas,28.85316887077653,-13.80002975463867,PADI_MAP_API
926,Waikiki,28.91798760463081,-13.653806447982788,PADI_MAP_API
927,Richies Reef,28.91776221829525,-13.657894134521484,PADI_MAP_API
928,Eagle Ray,17.7616,-64.6988,PADI_MAP_API
929,Blue Chute,17.761583333,-64.70455,PADI_MAP_API
945,Costandis,34.646554,33.092022,PADI_MAP_API
953,El Natural,18.463034205258403,-67.16800689697266,PADI_MAP_API
956,sua'ab Rumi,19.9526963975442,37.41256713867187,PADI_MAP_API
957,Jumna,19.454291278067455,37.72979736328125,PADI_MAP_API
958,"sha""ab Anbar (south platform)",19.242439612988647,37.733917236328125,PADI_MAP_API
959,SEl ADA Kebir,19.242439612988647,37.8204345703125,PADI_MAP_API
968,Mike's Point,-34.38084596839498,18.8265323638916,PADI_MAP_API
970,Whirlpool Cove,-34.28289305031746,18.826274871826172,PADI_MAP_API
971,Phoenix Shoal,-34.190630025357386,18.44881296157837,PADI_MAP_API
972,Ammunition Barges,-34.193771574528654,18.454456329345703,PADI_MAP_API
973,Noah's Ark,-34.19632732480692,18.457889556884766,PADI_MAP_API
975,Dangerous Dough Reef,-34.197392197894025,18.460206985473633,PADI_MAP_API
976,Windmill Beach,-34.20048025379394,18.4560227394104,PADI_MAP_API
977,A-Frame,-34.20438453037401,18.45801830291748,PADI_MAP_API
978,SAS Pietermaritsburg,-34.22308705595999,18.474884033203125,PADI_MAP_API
979,Millers Point,-34.23140781291441,18.476064205169678,PADI_MAP_API
980,Partridge Point,-34.258635244980276,18.48252296447754,PADI_MAP_API
982,All dive sits surrounding Gem & Kapas Island,5.233016197158791,103.26075553894042,PADI_MAP_API
983,divearound Ruinerwold,52.706451159060194,6.233196258544922,PADI_MAP_API
984,divearound Dwingeloo,52.81106300100147,6.3720703125,PADI_MAP_API
993,Gilboa Quarry,41.01596797776327,-83.93348693847656,PADI_MAP_API
994,Casino Point Dive Park,33.349064036241636,-118.32421302795412,PADI_MAP_API
997,Pulau Renggis,2.809442325583394,104.13545608520506,PADI_MAP_API
998,Soyak Island,2.875279194982679,104.1472578048706,PADI_MAP_API
1000,Batu Malang,2.903224430799768,104.1044282913208,PADI_MAP_API
1010,Capernwray,54.1352256178208,-2.7251887321472164,PADI_MAP_API
1019,Richelieu Rock,9.362797,98.022043,PADI_MAP_API
1020,Koh Bon Similan National Park,8.827854,97.79508,PADI_MAP_API
1021,Koh Tachai Similan National Park,9.05802,97.811724,PADI_MAP_API
1022,Vobster Quay,51.24612154137664,-2.4247169494628906,PADI_MAP_API
1025,Canyon,28.55471848766553,34.520909786224365,PADI_MAP_API
1026,Abu Helal,28.542212373946718,34.516693353652954,PADI_MAP_API
1027,Eel Garden,28.505033970265824,34.52009439468384,PADI_MAP_API
1028,Flying Manta,11.306697731168978,-60.50788879394531,PADI_MAP_API
1029,TDE Special,11.292557685195094,-60.50642967224121,PADI_MAP_API
1030,Round Table,11.302152792438884,-60.528445243835456,PADI_MAP_API
1031,Japanese Gardens,11.297102776008908,-60.51973342895508,PADI_MAP_API
1032,Angel Reef,11.301563628438402,-60.51994800567627,PADI_MAP_API
1044,Koloa Landing Dive Site,21.87908222538648,-159.46857511997223,PADI_MAP_API
1045,Sheraton Caverns,21.873407156419425,-159.46627378463745,PADI_MAP_API
1046,El Galeon,36.472625,-4.986425,PADI_MAP_API
1047,Playa Seghers,36.41598578985636,-5.169024467468262,PADI_MAP_API
1048,DiveINN - Potápačský klub,48.21568,17.433039,PADI_MAP_API
1049,Ras Abu Galum South,28.611773493838406,34.553385972976685,PADI_MAP_API
1050,Ras Abu Galum North,28.61496637778333,34.5599627494812,PADI_MAP_API
1051,Red Tooth Trigger Bay,28.61988,34.56652,PADI_MAP_API
1052,Tiger Reef,28.56643160863839,34.53131675720215,PADI_MAP_API
1053,Rick´s Reef,28.55743,34.52375,PADI_MAP_API
1054,Lighthouse,28.49902,34.51988,PADI_MAP_API
1055,Bannerfish Bay,28.4989,34.51875,PADI_MAP_API
1056,Mashraba,28.4952,34.51702,PADI_MAP_API
1057,Napoleon Reef,28.47083,34.5076,PADI_MAP_API
1058,Djabeda,-19.945757879133616,57.62054443359375,PADI_MAP_API
1059,Silsersee / Plaun Da Lej,46.41976895285827,9.727224111557007,PADI_MAP_API
1060,Speicherbecken Geeste,52.59457593741889,7.278823256492615,PADI_MAP_API
1061,Playa Las Vistas,28.04940940304283,-16.721797585487366,PADI_MAP_API
1062,Montaña Guaza,28.032269775838838,-16.709282398223877,PADI_MAP_API
1063,Fresh Water Dive Spot Thiruvankulam,9.955039440241698,76.38791799545288,PADI_MAP_API
1064,Neil's Rock,9.667092188303734,76.20735168457031,PADI_MAP_API
1067,"Egg, Arth",47.0766,8.5259,PADI_MAP_API
1070,"Kreidsee, Hemmoor",53.42,9.8,PADI_MAP_API
1072,Lodestone Reef,-18.694870817296273,147.09290027618408,PADI_MAP_API
1073,Keeper Reef,-18.74648982067532,147.266149520874,PADI_MAP_API
1074,Thalassa House Reef,1.5331232573174731,124.83205139636992,PADI_MAP_API
1075,Museum of Underwater Art (MOUA) at John Brewer Reef,-18.624448512391016,147.05543518066406,PADI_MAP_API
1076,Yongala Wreck,-19.37917049994128,147.67547607421875,PADI_MAP_API
1077,Molas Shipwreck,1.5338525568805674,124.83087658882141,PADI_MAP_API
1078,Big Broadhurst Reef,-18.929670491513264,147.71873474121094,PADI_MAP_API
1079,Black Rock,1.5347802684655714,124.82963204383849,PADI_MAP_API
1081,Timur,1.6041376182921323,124.78511810302733,PADI_MAP_API
1084,"Lekuan 1, 2, 3",1.5982176132123678,124.76752281188966,PADI_MAP_API
1087,Sahaung Point,1.7411615141690082,125.16385674476622,PADI_MAP_API
1088,Batu Mandi,1.687798727446141,125.16212940216066,PADI_MAP_API
1089,City Extra,1.4412885537760352,124.74175214767456,PADI_MAP_API
1090,Critter Circus,1.4193227437483662,124.70289230346678,PADI_MAP_API
1092,Varella Wreck,3.2556928748506118,103.7603759765625,PADI_MAP_API
1100,Stingray City,4.553067482825477,118.92786026000975,PADI_MAP_API
1101,Lobster Wall,4.589236988194753,118.86737108230591,PADI_MAP_API
1109,Playa Grande,28.918818712510088,-13.664878606796265,PADI_MAP_API
1110,Veril de Fariones,28.91780917382222,-13.665817379951475,PADI_MAP_API
1111,Los Arcos,28.917330226449703,-13.663843274116514,PADI_MAP_API
1112,La Pared,28.917123621017964,-13.660780191421509,PADI_MAP_API
1113,Captain Mike's,26.899453440079718,-80.03415584564209,PADI_MAP_API
1115,Wreck Trek,26.956043511526325,-80.02312660217284,PADI_MAP_API
1116,Haigh Quarry,41.148415,-87.815951,PADI_MAP_API
1117,"Vista Point, Lake Pleasant",33.855038691904994,-112.25584924221039,PADI_MAP_API
1118,Beijing jellyfish lake,39.31,115.47,PADI_MAP_API
1119,Underwater Great Wall,40.416,118.2661,PADI_MAP_API
1121,Beijing golden fish spring,39.689,115.97,PADI_MAP_API
1123,Cara-a-Cara Marco's Place Shark Dive,16.304323337114724,-86.50531768798828,PADI_MAP_API
1126,Caves,28.41668,34.45607,PADI_MAP_API
1127,El Shugarat,28.35598,34.43992,PADI_MAP_API
1134,St Abbs Marine Park,55.94304778489654,-2.164306640625,PADI_MAP_API
1137,Grotta dei Gamberi,38.16681980526526,12.770082950592041,PADI_MAP_API
1138,Cala Rossa Shoal,38.16067874242505,12.771263122558594,PADI_MAP_API
1139,Cataratta Shoal,38.15338977681851,12.777957916259766,PADI_MAP_API
1140,Kent Wreck,38.15467214765404,12.777013778686523,PADI_MAP_API
1141,Punta Negra Wall,38.159227756429175,12.723069190979002,PADI_MAP_API
1143,Capua Wreck,38.08154102988819,12.817010879516602,PADI_MAP_API
1144,Salzgittersee,52.15428056170762,10.299425125122069,PADI_MAP_API
1146,Tauchsportzentrum Nordhausen,51.48144971190595,10.809452533721924,PADI_MAP_API
1148,The Anchor,43.13643560967986,27.942459583282467,PADI_MAP_API
1150,La Playita - Punta King Kong,-1.5658503288435854,-80.8396553993225,PADI_MAP_API
1151,Parcela Marina - Salango,-1.592340489838365,-80.86270093917847,PADI_MAP_API
1152,Islotes - Salango,-1.5956436926333246,-80.87557554244995,PADI_MAP_API
1153,La piedra de la Ballena - Salango,-1.602346604066928,-80.86028695106506,PADI_MAP_API
1154,WWII USSR Submarine Sht-211,43.10788453128748,28.12094433593746,PADI_MAP_API
1155,Regele Carol I,43.193162620926074,28.028869628906246,PADI_MAP_API
1156,WWII USSR Submarine Sht-204,42.89055498353176,28.05976867675781,PADI_MAP_API
1157,Islote Horno de Pan,-1.4991408416606613,-80.80952882766724,PADI_MAP_API
1158,Bahia Drake - Isla de la Plata,-1.2693213121033624,-81.06152772903442,PADI_MAP_API
1159,El acuario - Isla de la Plata,-1.2610728485990113,-81.0697889328003,PADI_MAP_API
1160,Tres Rocas,-1.257833522873487,-81.07281446456908,PADI_MAP_API
1161,Roca Honda - Isla de la Plata,-1.258090952879682,-81.07488512992859,PADI_MAP_API
1162,El pináculo - Isla de la Plata,-1.2588203377592984,-81.07837200164795,PADI_MAP_API
1163,Islote el Sucre - Machalilla,-1.4730356383199725,-80.78332901000977,PADI_MAP_API
1164,Islote Los Ahorcados,-1.6746615609589641,-80.83414077758789,PADI_MAP_API
1165,Flat Rock,-27.390668558357884,153.55183124542236,PADI_MAP_API
1166,Shag Rock,-27.413776291076204,153.52614641189575,PADI_MAP_API
1167,Manta Ray Bommie,-27.423642754058726,153.5481297969818,PADI_MAP_API
1170,Little Canada,46.70284227058173,13.354471921920776,PADI_MAP_API
1171,Rock Ronacher,46.70922097221072,13.345234394073486,PADI_MAP_API
1172,Laka Wand,46.699288410925256,13.369760513305664,PADI_MAP_API
1173,Tschöllankofel,46.705204023070586,13.363838195800781,PADI_MAP_API
1176,Rietli Goldach,47.48524370357177,9.477483630180357,PADI_MAP_API
1178,El Condecito,28.00239674179252,-16.700677871704098,PADI_MAP_API
1179,Coral Habitat,12.197747166649668,-69.07897353172302,PADI_MAP_API
1180,Rif St Marie,12.198460256124543,-69.07908082008362,PADI_MAP_API
1182,Red Coral (Playa Chica Wall),28.918119079767038,-13.669180870056152,PADI_MAP_API
1183,Loberia Punta Loma,-42.824711466297344,-64.88061904907227,PADI_MAP_API
1184,Mala (Charco del Palo),29.083406096280612,-13.449443578720091,PADI_MAP_API
1185,The Elevator (Skulls Cave),29.076350362206444,-13.452930450439453,PADI_MAP_API
1186,Hundimiento Hu Shun Yu #809,-42.76919491914051,-65.00601768493652,PADI_MAP_API
1187,Hundimiento Urabain,-42.77410933915149,-65.00970840454102,PADI_MAP_API
1188,Hundimiento Miralles,-42.78053530000889,-64.96936798095703,PADI_MAP_API
1189,Hundimiento Albatros,-42.772156218916564,-65.00988006591795,PADI_MAP_API
1190,Naufragio Folias,-42.79436145417295,-64.94211673736572,PADI_MAP_API
1191,Mushroom Forest,12.2875644,-69.2201416,PADI_MAP_API
1192,Punta Cuevas,-42.777763398679184,-64.99855041503906,PADI_MAP_API
1193,Parque las Piedras,-42.7345308888639,-65.03077983856201,PADI_MAP_API
1194,Naufragio Emma,-42.76544583656446,-65.02288341522217,PADI_MAP_API
1195,Parque Nuevo,-42.7703605540342,-65.02161741256714,PADI_MAP_API
1196,Circleville Twin Quarries,39.62669724161661,-82.95325219631195,PADI_MAP_API
1197,Lakeview RV Park,39.68428653371552,-82.56486296653748,PADI_MAP_API
1205,Tambuli Aeroplane Wreck,10.288661531267126,124.0097451210022,PADI_MAP_API
1206,Tauchsportcenter Wassermann,52.05512613262235,11.8412446975708,PADI_MAP_API
1207,El Cabrón - The Table Top,27.87401149071257,-15.38208246231079,PADI_MAP_API
1208,Playa del Cabrón,27.871782715393252,-15.385580062866211,PADI_MAP_API
1210,Frederiksted Pier,17.714200544135945,-64.88481690917979,PADI_MAP_API
1211,Hole in the Wall and Punta de la Monja,27.87214311621217,-15.382318496704102,PADI_MAP_API
1212,Wreck of the Waome,45.0832378,-79.5072494,PADI_MAP_API
1217,Siladen Jetty,1.6276458745727451,124.79970932006835,PADI_MAP_API
1218,Hermance,46.3038,6.240717,PADI_MAP_API
1222,Land's End,22.87593795327003,-109.89274263381958,PADI_MAP_API
1223,Neptune's Finger,22.877460234676143,-109.89518880844116,PADI_MAP_API
1226,Ansell Point,49.399237,123.252351,PADI_MAP_API
1228,Negro Bar/ Rainbow Bridge,38.6796052781016,-121.18152737617491,PADI_MAP_API
1229,Scotch Bank,17.7686333333,-64.6912166667,PADI_MAP_API
1230,Philadelphia Quarry,35.67540454073311,-84.45359945297241,PADI_MAP_API
1231,Canterbury Wreck,-35.19371341692494,174.29471611976624,PADI_MAP_API
1232,Rainbow Warrior Wreck,-34.974172938813496,173.9337122440338,PADI_MAP_API
1233,Magic Island House Reef,9.93251974857945,123.37735533714296,PADI_MAP_API
1234,Pescador South,9.921761319465075,123.34352731704712,PADI_MAP_API
1235,Sardine Ball,9.949227373716983,123.36489915847777,PADI_MAP_API
1237,Acqua dolce,40.2859342378093,9.640663862228394,PADI_MAP_API
1238,Rütenen Beckenried,46.9634,8.5084,PADI_MAP_API
1241,Elefäntli Weggis,47.02153079310746,8.468506336212158,PADI_MAP_API
1242,Glasi Hergiswil,46.98148571930165,8.311854600906372,PADI_MAP_API
1244,Holzlager Greppen,47.05421846232778,8.427119851112366,PADI_MAP_API
1246,Lopper I Hergiswil,46.97944717637286,8.323066234588623,PADI_MAP_API
1247,Kindli Gersau,46.99037461467767,8.555962443351746,PADI_MAP_API
1248,Messinghausen  See im Berg,51.386148,8.664372,PADI_MAP_API
1250,Hunsfels-Stromberg,49.946414932080245,7.769780158996582,PADI_MAP_API
1251,ProDive - Der Tauchplatz,51.4829864484029,8.084564208984375,PADI_MAP_API
1252,Hallenbad in Balve,51.326830622390304,7.86944031715393,PADI_MAP_API
1254,American Wreck,5.120010829316149,115.10547637939452,PADI_MAP_API
1256,Cement Wreck,5.187030066606318,115.08865356445312,PADI_MAP_API
1261,Petani Mistral Wreck,5.37129600565628,114.73571777343749,PADI_MAP_API
1264,Taucherbucht Möhnesee,51.48237844145821,8.085052371025085,PADI_MAP_API
1265,Labuan Wreck,5.055036495009247,115.08865356445312,PADI_MAP_API
1268,Silfra,64.2552500539323,-21.116881370544434,PADI_MAP_API
1270,Lake Kleifarvatn,63.92590628347532,-21.97265625,PADI_MAP_API
1272,Abana Reef,5.092824998378504,115.0956916809082,PADI_MAP_API
1274,La Morra,37.63916666666667,-0.6808333333333333,PADI_MAP_API
1275,Testa,37.63944444444444,-0.6841666666666667,PADI_MAP_API
1279,Chichiriviche de la costa,10.547559017608286,-67.24169254302979,PADI_MAP_API
1280,Sunset Beach,36.58218506509812,-4.5325469970703125,PADI_MAP_API
1281,La Herradura Beach,36.727671818732595,-3.735963106155396,PADI_MAP_API
1283,The 3 Peaks,36.72470509892068,-3.7374329566955566,PADI_MAP_API
1285,Fraggle Rock,36.72080089299066,-3.7274551391601562,PADI_MAP_API
1286,Morro de Gaira,11.208481595994511,-74.2395007610321,PADI_MAP_API
1289,Inca Inca,11.216069443485214,-74.23491954803467,PADI_MAP_API
1290,South Kihei Boat Ramp Shore Dive,20.707468463530272,-156.4463210105896,PADI_MAP_API
1291,Keawakapu South,20.6956158016175,-156.4448618888855,PADI_MAP_API
1293,Mokapu Beach,20.692072870158093,-156.44443273544312,PADI_MAP_API
1294,Wailea Beach North,20.684264077508224,-156.44333839416504,PADI_MAP_API
1296,Polo Beach North,20.67676605398523,-156.44384264945984,PADI_MAP_API
1297,Polo Beach Middle Reef,20.675431025680904,-156.4438533782959,PADI_MAP_API
1298,White Rock North,20.671415832218997,-156.44351005554196,PADI_MAP_API
1299,Whiterock South,20.669669189926225,-156.44293069839478,PADI_MAP_API
1300,Five Graves at Makena Landing,20.656398067771114,-156.44298434257504,PADI_MAP_API
1301,Five Caves at Makena Landing,20.65381799492841,-156.44107460975647,PADI_MAP_API
1302,Reefs End at Molokini Crater,20.634792370679836,-156.4975941181183,PADI_MAP_API
1303,Enenue at Molokini Dive Site,20.633446933014103,-156.49460077285767,PADI_MAP_API
1320,Wahoo Point,-10.266434416015999,150.77860951423645,PADI_MAP_API
1321,Sponge Heaven,-10.264418010502789,150.77183961868286,PADI_MAP_API
1322,White Beach,9.98529221573813,123.36758136749268,PADI_MAP_API
1323,Deacon's Reef,-10.25645783394488,150.69941997528076,PADI_MAP_API
1324,Airplane Wreck,9.992519497541217,123.36959838867188,PADI_MAP_API
1325,Tongo Point Marine Sanctuary,9.939600250579785,123.3699417114258,PADI_MAP_API
1326,Coral Garden,-10.255560454006915,150.7018768787384,PADI_MAP_API
1327,Lauadi or Dinah's Beach,-10.259012713487099,150.69873332977295,PADI_MAP_API
1328,Barracuda Point,-10.255233173631993,150.7046127319336,PADI_MAP_API
1330,Kevin's Reef,-28.77232371611086,114.58551406860352,PADI_MAP_API
1331,Supermarket,-28.77826703048075,114.5740234851837,PADI_MAP_API
1332,Explosives,-28.777458308237353,114.57526803016663,PADI_MAP_API
1333,Aquarium Reef 1,-28.783937313824566,114.57453846931458,PADI_MAP_API
1334,Aquarium Reef 2,-28.785281962663543,114.57409858703613,PADI_MAP_API
1335,KT Mawa,-20.08125,57.48305,PADI_MAP_API
1337,Ronda Bay Marine Sanctuary,9.998732295618908,123.37861061096191,PADI_MAP_API
1343,Bell'ommo,40.762861133145016,13.862686157226562,PADI_MAP_API
1344,Mezzatorre,40.76149591445305,13.87247085571289,PADI_MAP_API
1345,Nave,40.70784013505986,13.854103088378906,PADI_MAP_API
1346,Scannella,40.70296019132363,13.862257003784178,PADI_MAP_API
1347,Secca della rana,40.70296019132363,13.860540390014648,PADI_MAP_API
1348,Punta Sant'Angelo,40.69280876302079,13.893756866455078,PADI_MAP_API
1349,twiske kurejanstrand Den Ilp,52.454389614276096,4.897308647632599,PADI_MAP_API
1350,Twiske Oostzaanzijde,52.4505123649511,4.885748326778412,PADI_MAP_API
1352,portland,50.5690648054516,-2.4420547485351562,PADI_MAP_API
1355,Benwood Shipwreck,25.03144,-80.1993,PADI_MAP_API
1356,Devils Lake - North Shore,43.42457773418721,-89.7270905971527,PADI_MAP_API
1358,Pichidangui,-32.132391,-71.533214,PADI_MAP_API
1359,Los Molles,-32.238608,-71.515129,PADI_MAP_API
1360,Tuble Marine Sanctuary,9.971217574851819,123.36989879608153,PADI_MAP_API
1361,Sunken Island,9.858733,123.344233,PADI_MAP_API
1365,Sterna,38.04621538961797,22.878974676132202,PADI_MAP_API
1366,VIZAKIA BAY,35.004163432805896,34.06383991241455,PADI_MAP_API
1378,Pamilacan Island,9.490782765557535,123.92440795898439,PADI_MAP_API
1379,Cabilao Island,9.878554956791117,123.77162933349608,PADI_MAP_API
1380,Doljo Point,9.591779189174176,123.71566772460936,PADI_MAP_API
1381,Alona Beach House Reef,9.545694607318126,123.7711250782013,PADI_MAP_API
1382,Tawala MPA,9.548868676812576,123.79789352416991,PADI_MAP_API
1384,Hoyo Hoy,9.553523925230115,123.80441665649414,PADI_MAP_API
1386,Sunrise,9.559448694781938,123.81042480468749,PADI_MAP_API
1387,BBC,9.564865536655516,123.81437301635741,PADI_MAP_API
1389,Arco Point,9.57095938061286,123.81849288940431,PADI_MAP_API
1390,Libaong,9.575021882542638,123.82844924926758,PADI_MAP_API
1391,Kalipayan,9.542689794283904,123.76012802124023,PADI_MAP_API
1394,Bita-Ug,9.538965482209388,123.74107360839844,PADI_MAP_API
1395,Gak-Ang,9.54082764333272,123.72854232788086,PADI_MAP_API
1397,Puntod,9.56503481157384,123.71309280395506,PADI_MAP_API
1398,Doljo Housereef,9.593302539640277,123.72562408447264,PADI_MAP_API
1399,Momo Beach,9.599226615257637,123.74467849731444,PADI_MAP_API
1400,Napaling,9.616321223903029,123.76853942871095,PADI_MAP_API
1405,Capo Noli,44.198881943760625,8.420151631544284,PADI_MAP_API
1406,Mini-Blue Hole,35.880705313847436,14.557743072509766,PADI_MAP_API
1407,Garður,64.07501407072316,-22.64453887939453,PADI_MAP_API
1409,Davíðsgjá,64.2363511167445,-21.045684814453125,PADI_MAP_API
1410,Seebad (Gummiberg) Vitznau,47.002953406453436,8.485329151153563,PADI_MAP_API
1411,Krikri,35.202051064274755,25.733832120895386,PADI_MAP_API
1412,"Krikri ""The anchor""",35.20333977251172,25.730538368225098,PADI_MAP_API
1413,Pleora Point,35.23233468264814,25.740408897399902,PADI_MAP_API
1414,"""The Wall""",35.22711145535215,25.733585357666016,PADI_MAP_API
1415,"""Kamini""",35.2252885049273,25.72946548461914,PADI_MAP_API
1416,"""Mantigo wreck""",35.22325516575442,25.72225570678711,PADI_MAP_API
1418,Murner See - Rutsch'n,49.34682950588683,12.198568582534788,PADI_MAP_API
1428,Water Treatment Plant,26.3229,127.7462,PADI_MAP_API
1429,Kadena North Steps,26.3594,127.7392,PADI_MAP_API
1430,Pucusana,-12.479361421672003,-76.79711580276489,PADI_MAP_API
1433,The Gorgonias,40.55972134684838,8.163957595825195,PADI_MAP_API
1438,18th Palm,12.137851301214186,-68.27658534049988,PADI_MAP_API
1439,LA CALDERA,-33.191860047095446,-71.70214176177977,PADI_MAP_API
1441,EL FALUCHO,-33.19085446705651,-71.70177698135376,PADI_MAP_API
1442,LOS JARDINES,-33.188241700667454,-71.69881582260132,PADI_MAP_API
1444,LA ISLA,-33.19036065120346,-71.70538187026978,PADI_MAP_API
1445,EL FRAILE,-33.18524275933725,-71.71308517456055,PADI_MAP_API
1446,Blue Hole,17.7599833333,-64.7046833333,PADI_MAP_API
1447,Sleeping Shark Hole,17.7601666667,-64.7071,PADI_MAP_API
1448,WAPA Gardens,17.7601333333,-64.7112333333,PADI_MAP_API
1449,Sugar Beach,17.7604666667,-64.7161333333,PADI_MAP_API
1450,Love Shack,17.7641666667,-64.72445,PADI_MAP_API
1451,Cormorant,17.7656666667,-64.7274833333,PADI_MAP_API
1452,WAPA Beach,17.761806305417796,-64.72037315368652,PADI_MAP_API
1454,Koh Doc Mai,7.797568309285076,98.5305404663086,PADI_MAP_API
1455,Isola Gallinara,44.02528553752004,8.22601318359375,PADI_MAP_API
1456,Zevenhuizerplas,51.97909154170347,4.566020965576172,PADI_MAP_API
1458,Ex USS Kittiwake,19.36394784071565,-81.40530109405518,PADI_MAP_API
1459,Sisters Rocks - Deep Blue,12.464150758706815,-61.51897430419922,PADI_MAP_API
1460,Grotta delle Monete,37.531960856158676,15.121575593948362,PADI_MAP_API
1461,Archi e Grotte,37.531041974262344,15.120148658752441,PADI_MAP_API
1462,Cerianthus 38 mt,37.53109302355359,15.121103525161743,PADI_MAP_API
1463,Gorgonie,37.530557004252984,15.120567083358765,PADI_MAP_API
1464,Isolotto e Anfore,37.53151843295507,15.121800899505615,PADI_MAP_API
1465,Pinnacoli,37.53094838380434,15.12069582939148,PADI_MAP_API
1466,Ricci Matita,37.530574020797914,15.121275186538696,PADI_MAP_API
1469,Canalone,37.58067090200506,15.179629325866701,PADI_MAP_API
1471,Middle Wall,22.878967,-109.898183,PADI_MAP_API
1472,Missiones,22.889981,-109.864547,PADI_MAP_API
1475,Blow Hole,22.930942,-109.811141,PADI_MAP_API
1476,Bezdan,42.66194444444444,18.0194444444444,PADI_MAP_API
1477,Majahuitas,20.50667153861344,-105.39296150207518,PADI_MAP_API
1480,Koh Sii,7.93007746718201,98.80547761917114,PADI_MAP_API
1481,Koh Haa,7.926507035693427,98.8033103942871,PADI_MAP_API
1482,Koh Yawasam,7.947525379765887,98.77921342849731,PADI_MAP_API
1484,Koh Talu,7.9555158936497,98.78963112831114,PADI_MAP_API
1485,Mala Afrika,42.650555555555556,18.058333333333334,PADI_MAP_API
1486,Protea Banks Northern Shark Caves,-30.80171808157304,30.48500061035156,PADI_MAP_API
1487,Protea Banks Southern Shark Arena,-30.81233372259829,30.483627319335938,PADI_MAP_API
1488,Toolenburgerplas,52.299859,4.644522,PADI_MAP_API
1489,Grec (Sagona),42.99,6.27,PADI_MAP_API
1490,Donator (Prosper Schiaffino),42.98,6.26,PADI_MAP_API
1491,Punta Maravilla,28.005011199909013,-16.647602319717407,PADI_MAP_API
1492,Togo,43.17,6.58,PADI_MAP_API
1494,Trafik,43.15,6.67,PADI_MAP_API
1495,Rubis,43.18,6.7,PADI_MAP_API
1496,Wildcat (Grumman F4F),43.1,6.38,PADI_MAP_API
1497,Hellcat (Grimman F6F),43.13,6.45,PADI_MAP_API
1499,Pointe de la croix,42.9934891304376,6.402561664581299,PADI_MAP_API
1500,Pointe du vaisseau,42.99561574050449,6.40653133392334,PADI_MAP_API
1501,Tombant de la Gabinière,42.988089878370275,6.396424770355225,PADI_MAP_API
1502,Sec de la Gabinière,42.9866301154048,6.394665241241454,PADI_MAP_API
1503,Pointe de Montrémian,43.0187682692704,6.362864971160889,PADI_MAP_API
1504,Pactola Lake,44.0702896149344,-103.49301338195801,PADI_MAP_API
1509,Wolf Rock,-25.916769905027447,153.20005416870117,PADI_MAP_API
1510,Blue Lagoon,-8.52914,115.514163,PADI_MAP_API
1511,USAT Liberty Shipwreck,-8.273958,115.593069,PADI_MAP_API
1513,Jardines,20.62551463334141,-87.06318497657776,PADI_MAP_API
1515,Sand Pit Reef,12.025259768126775,119.94006156921385,PADI_MAP_API
1516,Landing Craft,12.031429817022952,119.9201488494873,PADI_MAP_API
1518,Lusong Gunboat,11.970804007733346,120.0246798992157,PADI_MAP_API
1527,ARRAIA Reef,38.655705995909685,-27.235461473464966,PADI_MAP_API
1528,Trigger reef,36.94354670857111,27.164801359176636,PADI_MAP_API
1533,Thumb Rock,18.36812950759271,-64.50837135314941,PADI_MAP_API
1534,Carvel Rock,18.37212089062611,-64.4886302947998,PADI_MAP_API
1535,Ginger Steps,18.38458318610276,-64.48039054870605,PADI_MAP_API
1536,Middle Finger,36.01578220325809,14.27945852279663,PADI_MAP_API
1537,Carrot Shoal,18.324136726066893,-64.57386016845703,PADI_MAP_API
1538,Pedra do Spinola,38.69100342185769,-9.441665410668065,PADI_MAP_API
1539,Blanck Eck,54.35580600147711,10.868053436279297,PADI_MAP_API
1542,Langholst,54.51172739131711,9.98307466506958,PADI_MAP_API
1544,Relitto Angelika,41.25906552377484,9.24149751663208,PADI_MAP_API
1546,Tahiti,41.21333570868988,9.48643684387207,PADI_MAP_API
1547,Lavezzi Citta' delle cernie,41.340215943707705,9.277997016906738,PADI_MAP_API
1548,Lavezzi Tete' de cheval,41.33921708907213,9.244093894958496,PADI_MAP_API
1550,Scoglio del Paganetto,41.24540156694457,9.270572662353516,PADI_MAP_API
1551,Grottino di San Francesco,41.230346934770516,9.48268175125122,PADI_MAP_API
1552,Punta Zanotto/motore d'aereo,41.25458109268849,9.33760643005371,PADI_MAP_API
1554,Salt River - Outer East Wall,17.786666666,-64.75745,PADI_MAP_API
1555,Salt River - Inner East Wall,17.786116667,-64.75753333,PADI_MAP_API
1556,Salt River - Outer West Wall,17.78493333,-64.7594166,PADI_MAP_API
1557,Salt River - Inner West Wall,17.78371666,-64.7582,PADI_MAP_API
1558,Rainbow River,29.0475,-82.4582,PADI_MAP_API
1562,Twin wreck,20.519579,-86.946779,PADI_MAP_API
1572,Tatawa besar,-8.510105821120368,119.63840961456299,PADI_MAP_API
1573,Hausbucht Mopla (Basis1),46.71632714994794,13.295377492904661,PADI_MAP_API
1574,Amed,-8.337508,115.65961,PADI_MAP_API
1575,Islas Cíes,42.21577327955592,-8.901929855346678,PADI_MAP_API
1576,Profitas Illias,37.75853530178306,24.076720476150513,PADI_MAP_API
1577,Ninfeo - Parco Archeologico Sommerso di Baia,40.82200990951575,14.077316522598267,PADI_MAP_API
1578,Vodelée,50.16470749291549,4.727447032928467,PADI_MAP_API
1579,Playa de las Vistas,28.049674524996114,-16.722350120544434,PADI_MAP_API
1582,Hausbucht Strandbad (Basis2),46.71440725007825,13.296632766723633,PADI_MAP_API
1583,Stone Island,46.70212857426766,13.355491161346436,PADI_MAP_API
1584,Roncadores del Palm-mar,28.021501663412558,-16.709153652191162,PADI_MAP_API
1587,Finnwoodcity,46.70043626694908,13.3603835105896,PADI_MAP_API
1590,Steinwandl Nord/Ost,46.70349709704453,13.380146026611328,PADI_MAP_API
1591,Große Steinwand,46.70455657472434,13.374567031860352,PADI_MAP_API
1592,BOCA do INFERNO,38.68917779318519,-9.429423809051514,PADI_MAP_API
1594,Grissini Bay,46.70461543398579,13.371305465698242,PADI_MAP_API
1595,Cueva del Zorro,28.001515768789226,-16.698296070098873,PADI_MAP_API
1596,CANYON do INFERNO,38.685174766727094,-9.43450927734375,PADI_MAP_API
1597,Kleine Steinwand,46.70490972933039,13.369159698486326,PADI_MAP_API
1598,Carinas Point,46.71589315556939,13.307898044586182,PADI_MAP_API
1599,Fischmühle,46.71420127975176,13.321233987808226,PADI_MAP_API
1600,NALÓN,37.55070187442934,-1.2351036071777344,PADI_MAP_API
1601,Rose Garden,46.71066288103952,13.302919864654541,PADI_MAP_API
1602,Eldas Wrack,46.71690825559928,13.301460742950438,PADI_MAP_API
1604,FREO,37.546210584345204,-1.2575912475585938,PADI_MAP_API
1605,Techendorfer Brücke,46.71577546157696,13.294594287872313,PADI_MAP_API
1606,Argentarola,42.417222,11.081944,PADI_MAP_API
1607,BATEAS,42.34281279954019,-8.784942626953125,PADI_MAP_API
1608,LA ISLA DE PACO,37.55628158512072,-1.270294189453125,PADI_MAP_API
1609,Tschatscheleria,46.71447345465909,13.28548550605774,PADI_MAP_API
1610,Sulzer Bay,46.720026994196274,13.264693021774292,PADI_MAP_API
1612,"Spiegel plas,",52.276586918380474,5.067325830459595,PADI_MAP_API
1617,Canons de Tamariu,41.92115152754027,3.2268047332763667,PADI_MAP_API
1618,Turquoise Bay,17.76175,-64.7192166667,PADI_MAP_API
1619,Cruzan Comfort,17.7674,-64.7311166667,PADI_MAP_API
1620,Knobby Knoll,17.77995,-64.7399,PADI_MAP_API
1621,Twin Anchors,17.7831166667,-64.742366667,PADI_MAP_API
1622,Little Cozumel,17.785,-64.7438833333,PADI_MAP_API
1623,White Horse Reef,17.7873666667,-64.7497,PADI_MAP_API
1624,Shark Shanty,17.78865,-64.75465,PADI_MAP_API
1625,Lampione,35.55373654269702,12.32168197631836,PADI_MAP_API
1626,Linosa,35.86623897084075,12.865676879882812,PADI_MAP_API
1627,Isla Mujeres,21.293213032797862,-86.76177978515624,PADI_MAP_API
1634,Whale shark point,21.424946712203017,-86.77276611328125,PADI_MAP_API
1635,Grand Baie Aquarium,-19.5965,57.3376,PADI_MAP_API
1638,Shamentha,-19.9993,57.57317,PADI_MAP_API
1641,Carpenter Reef,-19.9501,57.62483,PADI_MAP_API
1642,Djabeda Wreck,-19.945322,57.619321,PADI_MAP_API
1647,Kulkwitzsee Delfin,51.30566056513694,12.252159118652344,PADI_MAP_API
1652,"The Rosalie (wreck), Weybourne",52.950945633109775,1.1335015296936035,PADI_MAP_API
1653,Plataforma Mariana,38.78811119751709,1.4738845825195312,PADI_MAP_API
1656,Cane Bay Drop-off,17.77388333,-64.81361667,PADI_MAP_API
1657,Northstar,17.76833333,-64.82166667,PADI_MAP_API
1658,Swirling Reef of Death,17.70666667,-64.88965,PADI_MAP_API
1660,Devils Key,18.362060799353635,-65.53331851959229,PADI_MAP_API
1661,Sand Slide,18.339942829276573,-65.56408882141113,PADI_MAP_API
1662,"Tulamben Area (Seraya, Sidem)",-8.284774,115.605122,PADI_MAP_API
1667,Sea Tiger,21.288654592777043,-157.87070274353027,PADI_MAP_API
1668,YO-257,21.247622276118634,-157.83233642578125,PADI_MAP_API
1669,Corsair,21.44907437236385,-157.71869659423828,PADI_MAP_API
1670,Navy Tug,21.273058860987774,-157.98648834228516,PADI_MAP_API
1671,Mayne Rock,6.442906217083629,116.29508972167967,PADI_MAP_API
1672,Mayne Reef,6.446317749457659,116.3129425048828,PADI_MAP_API
1673,Ella's Garden,6.440347552748755,116.3393783569336,PADI_MAP_API
1674,North Hill,6.436083083530553,116.34744644165039,PADI_MAP_API
1675,Leopard Reef,6.33236022397594,116.2489128112793,PADI_MAP_API
1676,Pulau Pandan,6.351639250175718,116.30805015563965,PADI_MAP_API
1677,Rice Bowl Wreck,6.4661041842577065,116.3222122192383,PADI_MAP_API
1678,Fish Bowl,6.426189377092163,116.3232421875,PADI_MAP_API
1679,Blue Maomao Arch,-35.48817494721275,174.73943710327148,PADI_MAP_API
1680,Northern Arch,-35.44809385477425,174.73146557807922,PADI_MAP_API
1681,Mangrove,-8.661384467320804,115.46502113342284,PADI_MAP_API
1682,Koh Bida Nai & Nok / PhiPhi,7.656298045718425,98.76708984374999,PADI_MAP_API
1684,Hin Bida Reef,7.635796763465028,98.82167816162108,PADI_MAP_API
1686,Mawan,-8.555389645336124,119.63253021240234,PADI_MAP_API
1688,EL CORRALÓN,37.541480827265765,-1.1638641357421875,PADI_MAP_API
1689,LA GARITA,37.54110651713013,-1.1605167388916016,PADI_MAP_API
1690,TAJO COLORAO,37.54001760423249,-1.1445307731628418,PADI_MAP_API
1691,CALA CERRADA,37.540425948432734,-1.1540794372558594,PADI_MAP_API
1692,CALA ABIERTA,37.54144679914927,-1.1481571197509766,PADI_MAP_API
1693,EL MUELLECICO,37.538954197382594,-1.1411404609680176,PADI_MAP_API
1694,PUNTA DE LAS ANIMAS,37.54066414818345,-1.1580705642700195,PADI_MAP_API
1695,EL ARCO,37.53795032740039,-1.1323320865631104,PADI_MAP_API
1696,"CUEVAS, CT 12 ,CT 17 ,CT 11",37.53811196839516,-1.1319458484649658,PADI_MAP_API
1697,Drop Off,-8.277788808551643,115.59651374816895,PADI_MAP_API
1698,Canalone,44.234699393852566,8.446211814880371,PADI_MAP_API
1700,Werbellinsee Tauchplatz Dornbusch,52.92398836946245,13.703985214233398,PADI_MAP_API
1701,Straussee,52.58412103310634,13.87947678565979,PADI_MAP_API
1702,Shanty Bay,44.40905246253092,-79.57833051681519,PADI_MAP_API
1703,PUNTA SEAME,42.38752199571583,-8.826055526733398,PADI_MAP_API
1704,La gruta,42.38562012491261,-8.840775489807129,PADI_MAP_API
1705,Cabo Udra,42.33761051541322,-8.839187622070312,PADI_MAP_API
1706,Bajo Zacarías,42.414649077488,-8.933687210083008,PADI_MAP_API
1707,El Elmo,42.38352800047944,-8.8385009765625,PADI_MAP_API
1708,Faro Mourisca,42.34699969120303,-8.819618225097656,PADI_MAP_API
1709,Pecio Aries,42.57229842044635,-8.939437866210938,PADI_MAP_API
1711,El Muelle - Embajadores,-12.409586169420471,-76.78035736083984,PADI_MAP_API
1713,Grayton Beach State Park,30.307688867381398,-86.15890502929688,PADI_MAP_API
1714,El Chuncho - Pucusana,-12.472353313946488,-76.79869294166564,PADI_MAP_API
1715,Musa,21.200837096463875,-86.72720074653625,PADI_MAP_API
1716,La Pared,21.14951437656273,-86.74478530883789,PADI_MAP_API
1718,Chitales Reef,21.155918183054748,-86.75251007080078,PADI_MAP_API
1719,Duzillet,46.288833664468314,6.961383819580077,PADI_MAP_API
1720,Patch Reefs - 20-30 ft,24.90979251097979,-80.57270050048828,PADI_MAP_API
1721,Barrier Reef Shallow- 30-45 ft,24.88986231692738,-80.54265975952148,PADI_MAP_API
1722,Barrier Reef Deep - 60-90ft,24.892820908477518,-80.5078125,PADI_MAP_API
1723,The Eagle Shipwreck 75-110ft,24.822262567785316,-80.55587768554686,PADI_MAP_API
1725,Bluewater,25.37791928931006,56.41676902770996,PADI_MAP_API
1727,Maracaibo,20.258895798562314,-86.99056148529053,PADI_MAP_API
1733,Cape Hedo Dome,26.8658,128.2457,PADI_MAP_API
1735,Menjangan Island,-8.096598,114.511034,PADI_MAP_API
1736,Secret Bay,-8.156125,114.453785,PADI_MAP_API
1738,Gili Selang,-8.39887,115.711795,PADI_MAP_API
1739,Gili Tepekong,-8.561099,115.596792,PADI_MAP_API
1741,"Kubu, Boga Wreck",-8.249548,115.580635,PADI_MAP_API
1744,Limassol Wrecks,34.6853988670716,33.08037042617798,PADI_MAP_API
1745,Erlaufsee,47.79246,15.265276,PADI_MAP_API
1746,Playa de Jablillo,28.99296707993551,-13.488829135894775,PADI_MAP_API
1748,Dreischor Frans Kokrif,51.71104946771399,3.99503231048584,PADI_MAP_API
1752,Pecio Rabat,28.95742266831697,-13.53991985321045,PADI_MAP_API
1753,Marina de Arrecife,28.951470813318508,-13.550026416778563,PADI_MAP_API
1754,Marianna shipwreck,37.046203382699645,25.31670570373535,PADI_MAP_API
1756,Graviera/ Frouros,37.09890025668861,25.34468650817871,PADI_MAP_API
1757,Calypso,37.067026276477,25.316362380981445,PADI_MAP_API
1759,Virgin,37.015163930679556,25.316619873046875,PADI_MAP_API
1760,Bristol Beaufighter,36.96189454313457,25.361595153808594,PADI_MAP_API
1761,Black Rock,36.954864586804895,25.411934852600098,PADI_MAP_API
1762,Arado plane,36.82757035962665,25.421708822250366,PADI_MAP_API
1763,Panteronisi,36.968958138160794,25.121355056762695,PADI_MAP_API
1764,Amaras Reef,37.04935458221809,25.316791534423828,PADI_MAP_API
1765,St Nickolas,37.06151287565745,25.34597396850586,PADI_MAP_API
1766,Vriokastro,37.12317334578963,25.28930425643921,PADI_MAP_API
1767,Trapezaki,36.96532355461283,25.41008949279785,PADI_MAP_API
1768,Panagia,37.02845831745129,25.361251831054688,PADI_MAP_API
1769,Carrière de Floreffe,50.42593650345451,4.741973876953125,PADI_MAP_API
1770,Agyll's Reef,6.026445417052455,116.00455284118654,PADI_MAP_API
1772,Edgell Patches,5.996740596081588,115.99313735961913,PADI_MAP_API
1773,Bulijong Reef,6.044967428373977,116.01588249206543,PADI_MAP_API
1774,North Sulug Reef,5.964217083680018,115.99227905273438,PADI_MAP_API
1775,South Sulug Reef,5.957985324048251,115.99545478820801,PADI_MAP_API
1776,Turtle Patch,6.0071545397315305,116.02274894714354,PADI_MAP_API
1777,Hanging Gardens,6.017738999664844,116.00626945495605,PADI_MAP_API
1778,"Viva Shallow, Guadalupe",18.34626690263564,-68.829345703125,PADI_MAP_API
1779,Beacon Point,47.62929829980698,-116.70692682266235,PADI_MAP_API
1780,Osprey Point,47.62915369105682,-116.70090794563295,PADI_MAP_API
1781,Higgins Point,47.629464599375005,-116.68683171272276,PADI_MAP_API
1782,Sanders Beach,47.666095443997534,-116.76956176757812,PADI_MAP_API
1786,Peñon,18.27190114201733,-68.7868595123291,PADI_MAP_API
1787,De Nekker,51.021570351980266,4.502441883087158,PADI_MAP_API
1788,Flying Reef,11.14320316360361,-60.83147048950195,PADI_MAP_API
1790,Maverick Wreck,11.201977568219448,-60.79997062683105,PADI_MAP_API
1791,The Wall,18.3758678192346,-69.00650024414062,PADI_MAP_API
1792,Cove Ledge,11.133602775540373,-60.79936981201171,PADI_MAP_API
1793,Aquarium,18.366581803615748,-69.02366638183594,PADI_MAP_API
1794,Mount Irvine Wall,11.200798829085853,-60.79653739929199,PADI_MAP_API
1799,Diver's Thirst,11.11254818490004,-60.85670471191406,PADI_MAP_API
1800,Il Fungo,41.25858160718231,9.336662292480469,PADI_MAP_API
1802,Blue Hole,36.0528,14.1886,PADI_MAP_API
1803,Daedalus,24.95,35.8333,PADI_MAP_API
1804,Gerardia savaglia,41.241416380153055,9.332542419433594,PADI_MAP_API
1807,"Tumon bay, Guam",13.523470681605863,144.79680061340332,PADI_MAP_API
1808,Krebsgarten,47.68839528891841,9.280818700790405,PADI_MAP_API
1810,Ludwigshafen Lehmschiff,47.815892328297124,9.049837589263916,PADI_MAP_API
1811,Aare Worblaufen,46.97722189177411,7.457571029663085,PADI_MAP_API
1813,Blizzard Ridge Lighthouse Bay Ningaloo Reef,-21.800786204612866,114.12374496459961,PADI_MAP_API
1814,Capernwray Dive site,54.2379454042067,-2.68341064453125,PADI_MAP_API
1815,Loch Long,56.19141255327515,-4.778451919555664,PADI_MAP_API
1822,Crystal Bay,-8.71547361874814,115.45626640319824,PADI_MAP_API
1824,Toyapakeh,-8.682766523117294,115.48175811767578,PADI_MAP_API
1825,Gamat Bay,-8.700626393750825,115.46791791915894,PADI_MAP_API
1826,Ped,-8.674377181041217,115.51498532295226,PADI_MAP_API
1828,Sental,-8.674875668046793,115.52767753601073,PADI_MAP_API
1829,Buyuk,-8.673348386618674,115.54098129272461,PADI_MAP_API
1830,Tugu,-8.670039255554194,115.55385589599608,PADI_MAP_API
1831,Ceningan Wall,-8.709746901780562,115.44725418090819,PADI_MAP_API
1832,Amok,-8.707583452546956,115.46092271804808,PADI_MAP_API
1833,Batu Bolong,-8.771866480008995,115.48386096954346,PADI_MAP_API
1834,Stevns,55.257447,12.4277,PADI_MAP_API
1835,Lochaline,56.53603866860148,-5.775032043457031,PADI_MAP_API
1836,Dorniermole,47.66573417597784,9.387130737304688,PADI_MAP_API
1837,Punta Malgrats,39.495455731404505,2.447558641433716,PADI_MAP_API
1838,El Toro,39.46228972868353,2.472224235534668,PADI_MAP_API
1839,Piscina Malgrats,39.50073764430315,2.4536633491516113,PADI_MAP_API
1840,La Mola,39.53085674317472,2.3668670654296875,PADI_MAP_API
1845,Scoglio a Penna,40.56959963440032,14.340033531188965,PADI_MAP_API
1865,Foneas caves,36.868084,22.24265,PADI_MAP_API
1868,Gubal Island,27.694472314556965,33.80218505859375,PADI_MAP_API
1869,Roman Harbour,34.99199979727537,34.07431125640869,PADI_MAP_API
1870,THE HOLE / GREEN BAY CAVES,34.999892304338466,34.06867861747742,PADI_MAP_API
1871,ELPIDA WRECK,34.94863896410289,33.70322227478027,PADI_MAP_API
1872,Umm Usk,27.60323689456203,33.877716064453125,PADI_MAP_API
1873,Unterwilen,47.019234,8.471672,PADI_MAP_API
1874,Triton Caverns,39.129319533646,23.780572414398193,PADI_MAP_API
1875,Mourtias Reef,39.13966377940444,23.832650184631348,PADI_MAP_API
1876,Gorgonian Gardens,39.14322524361124,23.81290912628174,PADI_MAP_API
1877,Agios Georgios Pinnacle,39.12889507920298,23.7929105758667,PADI_MAP_API
1878,Agios Georgios Wall,39.132182453658785,23.798468112945557,PADI_MAP_API
1879,Agios Georgios Wall 2,39.131982718829896,23.8004207611084,PADI_MAP_API
1880,Mikros Mourtias Beach,39.14220175716014,23.838261365890503,PADI_MAP_API
1881,Votsi Wall,39.1455134725002,23.87203574180603,PADI_MAP_API
1882,Rousoum Beach,39.14798467615099,23.869879245758057,PADI_MAP_API
1883,Nudi Rock,39.12018071386805,23.985300064086914,PADI_MAP_API
1884,Agios Petros,39.188826006653635,23.927428722381592,PADI_MAP_API
1885,Blue Cave,39.24373722146051,23.96593451499939,PADI_MAP_API
1886,Summersville Lake Winter Boat Ramp,38.22282467481163,-80.8969259262085,PADI_MAP_API
1887,punta meliso,39.793484931879576,18.367971181869507,PADI_MAP_API
1888,Terradico,39.79913978763057,18.374751806259155,PADI_MAP_API
1889,peschereccio greco,39.80324462487281,18.377723693847656,PADI_MAP_API
1890,Tevfik kaptan 1,39.825231828881975,18.276207447052002,PADI_MAP_API
1891,Secca del Pisello,39.76909613327911,18.37738037109375,PADI_MAP_API
1892,James Egan Layne,50.325737866569895,-4.2263031005859375,PADI_MAP_API
1893,HMS Scylla,50.366488762738264,-4.32861328125,PADI_MAP_API
1894,Secca del Papa,40.91364230033718,9.744915962219237,PADI_MAP_API
1895,Tegghia Liscia,40.89862503266616,9.709510803222656,PADI_MAP_API
1896,Oued Yquem Wreck,40.850436490715694,9.743499755859375,PADI_MAP_API
1897,Brechtsee,49.2150952044854,8.403457403182983,PADI_MAP_API
1898,Streitköpflesee,49.11846154814147,8.384671211242676,PADI_MAP_API
1899,Vogelstang,49.50506363570382,8.540035486221313,PADI_MAP_API
1900,Oostvoornse meer,51.93175029313101,4.080390930175781,PADI_MAP_API
1901,Sint Annaland,51.60671715623634,4.104509353637694,PADI_MAP_API
1902,Walensee Hafen Mols,47.113941129379064,9.287492036819458,PADI_MAP_API
1907,Going Throught,35.41748876433294,25.020976066589355,PADI_MAP_API
1909,Balcony,35.41549522736382,25.02039670944214,PADI_MAP_API
1910,The Anchor,35.41720022914024,25.022928714752197,PADI_MAP_API
1911,Chimney,35.417296407652614,25.021855831146237,PADI_MAP_API
1912,The Island,35.418433054102756,25.02161979675293,PADI_MAP_API
1914,Milligerplas,52.54765275628457,6.064367294311523,PADI_MAP_API
1915,Wythmenerplas,52.496407741535954,6.153802871704102,PADI_MAP_API
1926,"Sand Harbor- Lake Tahoe, Nevada",39.198912074845374,-119.9319076538086,PADI_MAP_API
1928,Molasses Reef,25.0547,-80.224715,PADI_MAP_API
1929,City of Washington,25.08786,-80.15354,PADI_MAP_API
1932,Bibb,24.5971,-80.2277,PADI_MAP_API
1933,Duane,24.5938,-80.2292,PADI_MAP_API
1934,Spiegel Grove,25.04,-80.18,PADI_MAP_API
1935,Grecian Rocks,25.062587250954792,-80.17307281494139,PADI_MAP_API
1936,Christ of the Abyss,25.076270372538804,-80.1753044128418,PADI_MAP_API
1938,Casa Blanca,20.36359809837071,-87.0287775993347,PADI_MAP_API
1942,Kalithea,36.37954694108831,28.238983154296875,PADI_MAP_API
1944,Kolymbia,36.24316561280259,28.16310882568359,PADI_MAP_API
1945,Lindos,36.08462129606931,28.0975341796875,PADI_MAP_API
1946,Pefkos,36.05687084084707,28.08517456054687,PADI_MAP_API
1947,Naufrágio do Porto,-3.8338534507263877,-32.4041748046875,PADI_MAP_API
1948,Ilha do Meio,-3.8165542765484193,-32.39275932312012,PADI_MAP_API
1949,Ressurreta,-3.8145845464724357,-32.39035606384277,PADI_MAP_API
1952,Buraco do Inferno,-3.808760970284132,-32.38100051879883,PADI_MAP_API
1953,Cordilheiras,-3.806962504965232,-32.38039970397949,PADI_MAP_API
1954,Plimiri,35.92019610057511,27.85858154296875,PADI_MAP_API
1955,Pontal do Norte,-3.802766071282402,-32.38297462463379,PADI_MAP_API
1956,Macaxeira,-3.8059348088105986,-32.37645149230957,PADI_MAP_API
1957,Pedras Secas,-3.852950647357136,-32.36640930175781,PADI_MAP_API
1958,Caieiras,-3.839762494459619,-32.39301681518555,PADI_MAP_API
1959,Ilha do Frade,-3.8616855452140655,-32.400054931640625,PADI_MAP_API
1960,Trinta Réis,-3.8651109708283418,-32.41189956665039,PADI_MAP_API
1961,Cabeço Submarino,-3.874359550842693,-32.414302825927734,PADI_MAP_API
1962,Iuias,-3.8914862837173323,-32.42623329162598,PADI_MAP_API
1963,Caverna da Sapata,-3.873845743492074,-32.476701736450195,PADI_MAP_API
1964,Cabeço da Sapata,-3.8674231252971905,-32.48906135559082,PADI_MAP_API
1965,Corveta V17,-3.8480693418317813,-32.473440170288086,PADI_MAP_API
1966,Laje dois Irmãos,-3.8389061138427416,-32.44588851928711,PADI_MAP_API
1967,Morro de Fora,-3.8347098364080825,-32.415761947631836,PADI_MAP_API
1968,Marine Park,36.28745625417975,27.826995849609375,PADI_MAP_API
1969,Villeneuve,46.4029327536389,6.926332712173462,PADI_MAP_API
1970,Argentario - Isola di Giannutri,42.25291778330197,11.11541748046875,PADI_MAP_API
1973,Ahorcados,-1.6768064105007467,-80.83611488342285,PADI_MAP_API
1975,Morphy,16.253694948801503,-61.80547239149746,PADI_MAP_API
1976,Pointe de Ferry,16.275323808198852,-61.81182861328124,PADI_MAP_API
1977,Franjack,16.16340484237922,-61.78024291992187,PADI_MAP_API
1978,Reserve Cousteau North wall,16.174121484783985,-61.78985595703124,PADI_MAP_API
1979,Breakwater,36.609447628057126,-121.89534902572632,PADI_MAP_API
1981,Del Monte Beach,36.601265564020615,-121.8884289264679,PADI_MAP_API
1983,Manta Point,-8.55046682824691,119.59922790527342,PADI_MAP_API
1984,Crystal Rock,-8.439028713294062,119.56660151481627,PADI_MAP_API
1985,Cauldron,-8.45827961757232,119.56111907958983,PADI_MAP_API
1986,Castle Rock,-8.42890409287538,119.56283569335938,PADI_MAP_API
1987,Pengah Kecil,-8.577149007275645,119.6804988384247,PADI_MAP_API
1988,Wae Nilu,-8.627230052480156,119.70655918121336,PADI_MAP_API
1989,Siaba Kecil,-8.541215155135395,119.64377403259277,PADI_MAP_API
1990,Sebayur Kecil,-8.508450546909845,119.70239639282227,PADI_MAP_API
1991,Laguna Beach - multiple sites,33.490426178626954,-117.73828983306885,PADI_MAP_API
1992,Bird Rock - Catalina Island,33.45149531390295,-118.48759174346924,PADI_MAP_API
2000,coral bay 2,10.631115912997668,103.30385327339172,PADI_MAP_API
2005,Ladiko,36.32057130432064,28.205444812774655,PADI_MAP_API
2008,Tascó Gros,42.042153895364,3.2270407676696777,PADI_MAP_API
2010,Wallhausen,47.74868062565801,9.13338840007782,PADI_MAP_API
2012,Baita al Lago,45.675032385707276,11.892893314361572,PADI_MAP_API
2013,Wolfgangsee,47.740708659993324,13.395252227783203,PADI_MAP_API
2014,Fuschlsee,47.797935422748544,13.296203613281248,PADI_MAP_API
2015,Mattsee,47.977742280760076,13.108062744140623,PADI_MAP_API
2019,gasselterveld,52.97115417693006,6.7446184158325195,PADI_MAP_API
2020,Reina,42.04633685008644,3.2247233390808105,PADI_MAP_API
2024,Salpatxot,42.0497228498208,3.220871686935425,PADI_MAP_API
2027,Sant Istiu,42.04295066987666,3.2256996631622314,PADI_MAP_API
2028,Salinas,42.06105069442097,3.2114839553833003,PADI_MAP_API
2032,Reggio Messina,42.08067446826469,3.2018280029296875,PADI_MAP_API
2033,Point Dume,33.998721055067286,-118.80724668502806,PADI_MAP_API
2035,La Jenelle,34.14443397514629,-119.21727061271666,PADI_MAP_API
2036,Butterfly Beach,34.41573441207462,-119.64361310005188,PADI_MAP_API
2038,Ponds Forge International Venue,53.38225967023794,-1.4626407623291016,PADI_MAP_API
2039,"Monestary Beach, Carmel CA",36.5237254695679,-121.92620515823364,PADI_MAP_API
2040,"Shadow Cliffs Regional Recreation Area, Pleasanton CA",37.670081004888985,-121.83730602264403,PADI_MAP_API
2045,Blue Corner,7.138707642720883,134.2144775390625,PADI_MAP_API
2046,Alex Places,10.17129045699318,-75.76201915740965,PADI_MAP_API
2047,Roca Muladera,41.707154251844734,2.914241552352905,PADI_MAP_API
2048,Silver Steps,50.14626446024669,-5.050996541976929,PADI_MAP_API
2051,Swanpool,50.13985619584225,-5.074717998504639,PADI_MAP_API
2052,Släggö,58.268066814458074,11.434868574142456,PADI_MAP_API
2053,Sun Mariner,26.97073162427705,-80.0460433959961,PADI_MAP_API
2055,Punta Galera,39.116601435867516,1.5135383605957031,PADI_MAP_API
2056,Sa Aigua Blanca,39.11574404693392,1.523580551147461,PADI_MAP_API
2057,Punta Jaime,39.11497821498774,1.5099978446960447,PADI_MAP_API
2058,Agujeros Azules,39.10983360638922,1.4923381805419922,PADI_MAP_API
2059,Punta Xarraca,39.110849238486544,1.488025188446045,PADI_MAP_API
2061,Scraggane Bay,52.31032842523749,-10.033725500106812,PADI_MAP_API
2062,The Necklace 8-16 mts,52.335516076415225,-10.04599928855896,PADI_MAP_API
2063,POLLACK ALLEY: 12-16mts,52.335653746112214,-10.05472183227539,PADI_MAP_API
2064,THE POINT: 18-22mts.,52.33512928783033,-10.056931972503662,PADI_MAP_API
2065,THE GULLY: 8-20mts,52.33733197082112,-10.05199670791626,PADI_MAP_API
2066,Square Rock 12-22 mts,52.33236266746223,-10.054035186767578,PADI_MAP_API
2067,THE RIDGE HOLES: 10-22mts.,52.33688619859419,-10.05648136138916,PADI_MAP_API
2069,Isla Murada,39.09306523687491,1.4315271377563477,PADI_MAP_API
2070,Cueva de la Luz,39.072178295636704,1.3820886611938474,PADI_MAP_API
2071,OverHang 16-20mts,52.32733379348538,-10.070106983184814,PADI_MAP_API
2072,Cuevas de Ses Caletes,39.09761157421241,1.5696394443511963,PADI_MAP_API
2073,Bajo de Ses Caletes,39.101608112171455,1.5526986122131348,PADI_MAP_API
2074,Las Anclas,39.113205115604394,1.5434181690216064,PADI_MAP_API
2075,Montañas Rusas,39.09982635031737,1.4575767517089844,PADI_MAP_API
2076,Islas Hormigas,39.10072556286271,1.589541435241699,PADI_MAP_API
2077,Portitxol,39.07772543092478,1.4035892486572266,PADI_MAP_API
2079,THE CROSS ROADS: 20-22mts,52.32772065024239,-10.07018208503723,PADI_MAP_API
2080,The Pinicale: 14 to 18 mts,52.32675022350231,-10.069516897201538,PADI_MAP_API
2081,THE INNER REEF: 18-33mts,52.32922870360689,-10.065836906433105,PADI_MAP_API
2082,THE OUTER REEF: 24-35mts.,52.32519618499313,-10.074387788772583,PADI_MAP_API
2083,Kubbar Island,29.071531744808755,48.49280261390959,PADI_MAP_API
2084,Blue Lagoon,53.67301914988616,-1.206597089767456,PADI_MAP_API
2086,South point - Koh Larn,12.89765651422799,100.7724380493164,PADI_MAP_API
2087,HTMS Kut Shipwreck,12.956215296201842,100.79329490661621,PADI_MAP_API
2088,HTMS Mataporn Shipwreck,12.896987191668222,100.78136444091797,PADI_MAP_API
2089,HTMS Khram Shipwreck,12.930618433077148,100.69493293762207,PADI_MAP_API
2090,Koh Krock,12.92866300913252,100.80405592918396,PADI_MAP_API
2091,Submarine Reef Koh Sak,12.94405502268154,100.78947544097899,PADI_MAP_API
2092,Koh Klung Badan Bay,12.90309469364649,100.6802773475647,PADI_MAP_API
2093,Koh Pai,12.924218806832714,100.67716598510742,PADI_MAP_API
2095,Koh Rin,12.798912138424638,100.70343017578125,PADI_MAP_API
2096,Breman ship wreck,12.665629676356131,100.80711364746094,PADI_MAP_API
2097,Hardeep,12.533492391334558,100.95439910888672,PADI_MAP_API
2098,Shark Fin Rock,12.53690661907366,100.93759775161743,PADI_MAP_API
2099,Koh Chuang,12.517824067026558,100.95667362213135,PADI_MAP_API
2100,Koh Chan,12.517321324285362,100.97293853759766,PADI_MAP_API
2103,Blue Hole,34.94046887452967,-104.67326045036314,PADI_MAP_API
2104,Lake Murray,34.027953040427896,-97.05175280570984,PADI_MAP_API
2105,Riihiniemi,61.472408666128196,23.89490962028503,PADI_MAP_API
2106,Avlaki Blue Flag Beach,37.86618078529668,24.040403366088867,PADI_MAP_API
2107,Panorama Beach,37.86349579633157,24.040145874023438,PADI_MAP_API
2108,Kabouri,37.86065824110945,24.048686027526855,PADI_MAP_API
2109,Koroni Island,37.87004293222994,24.05010223388672,PADI_MAP_API
2110,Rafti Island,37.88250883204013,24.044265747070312,PADI_MAP_API
2111,Tourko Limano,37.90188098807133,24.04581069946289,PADI_MAP_API
2112,Praso Island,37.88230560059138,24.023323059082028,PADI_MAP_API
2113,Stanley Reef,-19.238549860797406,148.0902099609375,PADI_MAP_API
2114,Plataforma MX-1,-4.159387708968579,-81.15926742553711,PADI_MAP_API
2121,La Bota,38.87593316088266,1.1903858184814453,PADI_MAP_API
2122,La aguja de Bestorre,38.8650323485478,1.1899888515472412,PADI_MAP_API
2123,Cañones de Vedranell,38.86830694445929,1.2067151069641113,PADI_MAP_API
2124,la caseta,43.388489386633395,-1.811671257019043,PADI_MAP_API
2125,Escalón de Espartà,38.95668069244375,1.19925856590271,PADI_MAP_API
2126,Las Gorgonias,38.96901887678791,1.1656129360198972,PADI_MAP_API
2127,abades bay,28.14284328774692,-16.44001007080078,PADI_MAP_API
2128,Shark Point,5.886443089554543,102.74637222290039,PADI_MAP_API
2129,Temple Wall,-8.129058361247802,114.64493036270142,PADI_MAP_API
2130,Marsa Shagra House Reef,25.2450744135263,34.795567989349365,PADI_MAP_API
2132,Kolsva Fältspatsgruva,59.57091856139304,15.822114944458008,PADI_MAP_API
2136,Blue moon,-8.357334375681413,115.69597005844116,PADI_MAP_API
2138,Melasti,-8.3333121069707,115.64162850379944,PADI_MAP_API
2139,mari mari house reef,6.059541330340395,116.07285261154175,PADI_MAP_API
2140,pancang point,6.0577809604235275,116.06615781784058,PADI_MAP_API
2141,clement reef,6.081753504172815,116.08171463012695,PADI_MAP_API
2142,California,-32.35480555532667,-71.46391868591309,PADI_MAP_API
2143,Mola Mola,-32.353717966265926,-71.45906925201416,PADI_MAP_API
2144,M/F Aerosund Ferry,55.03658131471993,10.461151599884033,PADI_MAP_API
2145,Littlebelt,55.513859525888456,9.722900390625,PADI_MAP_API
2147,Blue Bay The Wall,12.134652140658561,-68.98676991462708,PADI_MAP_API
2150,Sa Foradada,39.754844722093964,2.620067596435547,PADI_MAP_API
2151,SA COVA DES PINTOR,39.78571905170522,2.6666736602783203,PADI_MAP_API
2152,MARGARITA,41.847762023058614,3.1408560276031494,PADI_MAP_API
2153,Gala Pita Gala,6.001381,80.236806,PADI_MAP_API
2155,ILLES FORMIGUES,41.862018386633096,3.1891250610351562,PADI_MAP_API
2157,Aluth Gala,6.004375,80.236129,PADI_MAP_API
2159,POBLAT IBERIC,41.85951735987744,3.159416913986206,PADI_MAP_API
2161,Napolioan Reef,5.996915,80.25427,PADI_MAP_API
2171,zacatoso,17.654654810102087,-101.62336349487305,PADI_MAP_API
2172,El chato,17.649665659696613,-101.62203311920166,PADI_MAP_API
2173,Torrecillas,17.646557594482765,-101.6326332092285,PADI_MAP_API
2174,San Gabriel,17.64749819882598,-101.62950038909912,PADI_MAP_API
2176,Piedra solitaria,17.58544869575653,-101.57649993896484,PADI_MAP_API
2177,Manzanillo,17.62029025770808,-101.52445435523987,PADI_MAP_API
2179,Underwater forest,13.849288828792565,-89.5301628112793,PADI_MAP_API
2180,Palancar,20.32933566478941,-87.02768325805664,PADI_MAP_API
2208,Shark Point,9.43432960468907,123.39071273803711,PADI_MAP_API
2209,Sumilon The Wall,9.433398236144455,123.38616371154784,PADI_MAP_API
2210,Sumilon Manit,9.427217272075627,123.38976860046387,PADI_MAP_API
2212,Caccerees Sunken Island The Wall,9.5167880548741,123.49491119384767,PADI_MAP_API
2220,Critter Corner,13.129896772758435,-61.20360016822814,PADI_MAP_API
2221,Indian Bay,13.13496417420792,-61.20644330978393,PADI_MAP_API
2222,Matherson Bay,-36.300652081994,174.79841351509094,PADI_MAP_API
2223,Lake Pupuke - Pumphouse,-36.78519490695827,174.7677719593048,PADI_MAP_API
2224,Goat Island,-36.270071712111395,174.79564547538754,PADI_MAP_API
2225,Ti Point,-36.31777911588756,174.7845196723938,PADI_MAP_API
2226,Jones Bay,-36.37839809911361,174.81831550598145,PADI_MAP_API
2227,Wonderland,-36.29638919164581,174.80284452438354,PADI_MAP_API
2228,Outpost,-36.29044842652743,174.8184335231781,PADI_MAP_API
2229,Majestic Unicorn Cove (MUC),-36.29120077551029,174.8091208934784,PADI_MAP_API
2230,Penguin Point,-36.29449545974355,174.80836987495422,PADI_MAP_API
2231,Fishermans Cove,-36.60419398140237,174.7918152809143,PADI_MAP_API
2232,Little Wooden Island,-36.58844812365517,174.88361120224,PADI_MAP_API
2233,Waikato Drift Dive/Snorkel,-38.678558333299506,176.08320236206052,PADI_MAP_API
2234,White Island,-37.5311695974249,177.18998908996582,PADI_MAP_API
2235,Shears Rock,-36.59564096827249,174.90667819976807,PADI_MAP_API
2236,ILLA DE SES ÀGUILES,40.014575287494694,4.212806224822998,PADI_MAP_API
2237,COVES DE ADDAIA,40.020121544288294,4.210853576660156,PADI_MAP_API
2238,PARED DE LA ILLA PETITA,40.01837965737674,4.21175479888916,PADI_MAP_API
2241,PUNTA GROSSA,40.021764793065564,4.198451042175293,PADI_MAP_API
2242,EL CORMORÁN,40.0355993782536,4.187808036804199,PADI_MAP_API
2243,LA CUEVA GRANDE,40.02989829171239,4.195683002471924,PADI_MAP_API
2244,LA CHIMENEA,40.03036655453518,4.195468425750732,PADI_MAP_API
2245,Gavers,50.83948405698474,3.3182573318481445,PADI_MAP_API
2247,Solha Corner,5.4944224029173805,72.83377647399902,PADI_MAP_API
2249,Durdle Door,50.62102995277043,-2.2763049602508545,PADI_MAP_API
2251,Swanage Pier,50.608238093113776,-1.950995922088623,PADI_MAP_API
2252,Morrito Largo,11.317491671709917,-74.20242190361023,PADI_MAP_API
2253,Morrito Largo Tec,11.317912479865496,-74.2036235332489,PADI_MAP_API
2254,Dos Morritos Tec,11.326854506902745,-74.20061945915222,PADI_MAP_API
2255,Dos Morritos,11.32511872351229,-74.19986844062805,PADI_MAP_API
2256,Calichan,11.312957424598677,-74.19478297233582,PADI_MAP_API
2257,Black Jungle,11.311779139815282,-74.19491171836852,PADI_MAP_API
2258,Las 3 Piedras,11.306771375416112,-74.19268012046814,PADI_MAP_API
2259,Travesia,11.31803872219154,-74.20144557952881,PADI_MAP_API
2260,Punta Aguja,11.318080802954539,-74.19977188110352,PADI_MAP_API
2261,Salidero,11.308728201335718,-74.19247627258301,PADI_MAP_API
2262,El Morro de Santa Marta,11.24903900866788,-74.23097133636475,PADI_MAP_API
2263,El Morro Tec,11.250270164228704,-74.23171162605286,PADI_MAP_API
2264,Cueva del Toro,11.34800917749286,-74.10446763038634,PADI_MAP_API
2266,Remanso,11.273040331425168,-74.20633792877197,PADI_MAP_API
2267,El Cantil,11.302152792438884,-74.1950511932373,PADI_MAP_API
2268,Granate,11.290453452101657,-74.19522285461426,PADI_MAP_API
2269,Playa Brava,11.304509436332207,-74.18818473815917,PADI_MAP_API
2270,El Torin,11.310800738945614,-74.19037342071533,PADI_MAP_API
2271,El Coro,11.319048658795731,-74.19054508209229,PADI_MAP_API
2272,Punta Negra,11.322899009407427,-74.19534087181091,PADI_MAP_API
2273,Bonito Gordo,11.302405290925593,-74.16788578033447,PADI_MAP_API
2274,La Vigia,11.318985537862359,-74.15822982788086,PADI_MAP_API
2275,Punta Vigia,11.325003004245119,-74.16043996810913,PADI_MAP_API
2276,Moto,11.329000551805128,-74.15089130401611,PADI_MAP_API
2277,Chengue,11.334186760495504,-74.1457200050354,PADI_MAP_API
2278,Chengue Tec,11.334933650954252,-74.14672851562499,PADI_MAP_API
2279,Barritas de Gairaca,11.335922488840849,-74.1241979598999,PADI_MAP_API
2280,Neguange,11.321468284080757,-74.0857458114624,PADI_MAP_API
2281,Cinto,11.342002714682275,-74.06454563140869,PADI_MAP_API
2282,Isla Ballena,5.573702026009538,-72.92110919952393,PADI_MAP_API
2283,Cantil Isla San Pedro,5.550594139645185,-72.90570259094237,PADI_MAP_API
2284,Bahia Rocas Lindas,5.559948458049067,-72.8862190246582,PADI_MAP_API
2286,Barry's Place,5.521248809034448,-72.91857719421387,PADI_MAP_API
2287,Leo's Point tec,5.558336023350928,-72.90501594543457,PADI_MAP_API
2288,Unterwasserwald,47.923412,13.581196,PADI_MAP_API
2291,Gili Medas,-8.914241953259507,116.2928581237793,PADI_MAP_API
2292,Gili Sarang,-8.897621956877753,116.04888439178467,PADI_MAP_API
2293,Magnet,-8.90741597474359,116.0066771507263,PADI_MAP_API
2294,Pink Beach,-8.851149802786706,116.57867431640624,PADI_MAP_API
2296,7 Seas Reef,10.260364046395603,123.98529410362244,PADI_MAP_API
2297,Nalusuan Island Marine Sanctuary,10.189918148517625,123.99985313415526,PADI_MAP_API
2298,Hilutungan Island Marine Sanctuary,10.207784503356535,123.98530483245848,PADI_MAP_API
2299,Talima Marine Sancturay,10.285953823395964,124.05461311340333,PADI_MAP_API
2301,Agus Bay,10.277181323815473,123.99601221084595,PADI_MAP_API
2303,Green Cay Slope,17.7779,-64.6727666667,PADI_MAP_API
2304,19th Hole,17.7744,-64.6846333333,PADI_MAP_API
2305,Stingraysted,17.7661166667,-64.694,PADI_MAP_API
2306,Split Rock,15.605202242831755,-61.46560907363891,PADI_MAP_API
2307,Toucari Caves,15.610742910955672,-61.467239856719964,PADI_MAP_API
2308,River Gurara P,38.40410147066251,-9.218559265136719,PADI_MAP_API
2309,Tube Reef,15.60865355312066,-61.46700382232666,PADI_MAP_API
2310,Shark's mouth,15.58112825594835,-61.47524356842041,PADI_MAP_API
2311,Coral garden,15.591334416835487,-61.4686131477356,PADI_MAP_API
2312,Cannon site,15.59067717024956,-61.47249698638915,PADI_MAP_API
2313,Toucari North,15.612423061623396,-61.46803379058838,PADI_MAP_API
2314,Secret Arch,15.622985169259774,-61.46622061729431,PADI_MAP_API
2315,Five fingers,15.590780511049594,-61.4755654335022,PADI_MAP_API
2316,One finger,15.590106728089635,-61.477797031402595,PADI_MAP_API
2317,Three Oaks Recreation Area,42.219237634761214,-88.30214023590088,PADI_MAP_API
2318,Pole to pole,15.581888878363438,-61.471402645111084,PADI_MAP_API
2319,Hot sulfur,15.555988927869045,-61.46685361862182,PADI_MAP_API
2323,Kennedy Cove,31.70236593606872,-116.68537259101868,PADI_MAP_API
2325,Campo 7 sección 1,31.748596754043824,-116.72600269317626,PADI_MAP_API
2326,Roca el Aguila,31.74312253550993,-116.74518585205078,PADI_MAP_API
2327,Roca Blanca,31.731324494563562,-116.73640966415405,PADI_MAP_API
2328,Isla Todos Santos,31.802746697408622,-116.78621292114258,PADI_MAP_API
2329,Bajo de San Miguel,31.86297937330099,-116.76063537597656,PADI_MAP_API
2330,El Reef,31.556267376601358,-116.71553134918214,PADI_MAP_API
2332,El Vapor Chocholita,36.98987076481853,-1.8923950195312498,PADI_MAP_API
2333,La Catedral,37.27524804321179,-1.7191028594970703,PADI_MAP_API
2334,La Losa del Payo,37.285150674233094,-1.7142963409423828,PADI_MAP_API
2335,El Ala de la Avioneta,36.99137899432711,-1.883082389831543,PADI_MAP_API
2336,La piedra de Blas,36.91853852672152,-1.929645538330078,PADI_MAP_API
2337,El Acuario II,36.992304483991255,-1.882781982421875,PADI_MAP_API
2338,El Arco de San Andrés,36.99124188378944,-1.8865156173706052,PADI_MAP_API
2340,Coral Reef Resort,10.26980210127487,123.99191379547118,PADI_MAP_API
2341,San Juan Wreck,10.391204749433863,124.01508808135985,PADI_MAP_API
2345,The Bida´s,7.655032,98.766645,PADI_MAP_API
2346,Koh Phi Phi,7.691251,98.76877,PADI_MAP_API
2347,Hin Daeng - Hin Muang,7.152166,98.820773,PADI_MAP_API
2348,Maaya Thila,4.091254200299944,72.86210060119629,PADI_MAP_API
2349,Arrecife Barrera de Posidonia playa de Aguadulce,36.81184444173013,-2.5655651092529297,PADI_MAP_API
2350,Arrecife Artificial,36.80545352239024,-2.5559091567993164,PADI_MAP_API
2351,Lajas de Cerrillos,36.676060358757155,-2.669849395751953,PADI_MAP_API
2352,El Dies,36.817169800334476,-2.5478196144104,PADI_MAP_API
2353,La Convergencia- Roca Madre,36.81780538290354,-2.543420791625976,PADI_MAP_API
2354,Los Túneles,36.824573151024026,-2.5171995162963867,PADI_MAP_API
2355,Bello Rincón,36.82506267449065,-2.5102150440216064,PADI_MAP_API
2356,Shark Junction,26.50222365355996,-78.62957954406738,PADI_MAP_API
2357,Ann's Paradise,26.524189598166643,-78.57052803039551,PADI_MAP_API
2358,Ben's Blue Hole,26.520810495536526,-78.58657836914062,PADI_MAP_API
2360,Picasso's Gallery,26.519716105750085,-78.59022617340088,PADI_MAP_API
2361,Tiger Beach,26.971038,-79.109802,PADI_MAP_API
2362,McAbee,36.615295118792936,-121.89923286437987,PADI_MAP_API
2363,"Lovers 1, 2 & 3",36.626033022632164,-121.91554069519043,PADI_MAP_API
2364,Carmel River State Beach,36.536398484901234,-121.93090438842772,PADI_MAP_API
2365,Point Lobos,36.519983515652086,-121.93897247314453,PADI_MAP_API
2366,Stillwater Cove,36.563289431970894,-121.94480895996094,PADI_MAP_API
2367,Coral Street,36.63565883717669,-121.9273853302002,PADI_MAP_API
2368,Otter Cove,36.62840945355952,-121.92124843597412,PADI_MAP_API
2369,Copper Roof House,36.54532869587907,-121.93133354187012,PADI_MAP_API
2370,Butterfly House,36.54151020872897,-121.932932138443,PADI_MAP_API
2371,Hidden Beach,36.61215182468912,-121.89708709716797,PADI_MAP_API
2373,El Pináculo,36.82440138766196,-2.5083589553833003,PADI_MAP_API
2374,Las Gorgonias,36.82416091830736,-2.506556510925293,PADI_MAP_API
2377,Haad Yao,9.776181472618127,99.96438503265381,PADI_MAP_API
2379,Dassoudi Beach,34.69050676608038,33.08087468147278,PADI_MAP_API
2380,La Blanquita,15.747938661503404,-96.11753940582275,PADI_MAP_API
2381,El Violin,15.736827442737829,-96.13373994827269,PADI_MAP_API
2382,Morros Maguey,15.7291855458158,-96.1446189880371,PADI_MAP_API
2383,Punta Maguey,15.727120118986408,-96.14341735839844,PADI_MAP_API
2384,La revancha (Carrizalillo),15.726252633465634,-96.1529016494751,PADI_MAP_API
2385,Cacaluta East,15.720159476198099,-96.16109848022461,PADI_MAP_API
2386,Cacaluta West,15.718899512445054,-96.16418838500977,PADI_MAP_API
2388,El Tigre,15.712992037425028,-96.175217628479,PADI_MAP_API
2390,Las dos Hermanas,15.700970003207992,-96.20633125305176,PADI_MAP_API
2391,Jicaral,15.700887375089085,-96.21435642242432,PADI_MAP_API
2395,Morro Tejon,15.757273267840876,-96.11273288726807,PADI_MAP_API
2396,Punta Tejon,15.755745065198361,-96.107497215271,PADI_MAP_API
2400,Anthony Quinn Seal Cave,36.32284474609915,28.21314811706543,PADI_MAP_API
2401,Psaropoula,36.453650224627545,28.217622041702267,PADI_MAP_API
2403,Fushi Kandu,2.039121138802623,73.53681564331055,PADI_MAP_API
2405,Scharendijke huisrif,51.740303986157535,3.8435840606689453,PADI_MAP_API
2408,Montaña Roja,28.85889,-13.854307,PADI_MAP_API
2410,Nemo Training site,25.1094918,55.1371327,PADI_MAP_API
2411,Jane Sea,12.473620863094022,-69.99506699423364,PADI_MAP_API
2413,Barcadera Reef,12.475883580258353,-70.00273704528809,PADI_MAP_API
2414,Palm Slope,12.468781096391126,-69.9853777885437,PADI_MAP_API
2415,Renaissance  Airplanes,12.499169560867175,-70.02949476242065,PADI_MAP_API
2416,Sponge Reef,12.49871915467588,-70.02832531929016,PADI_MAP_API
2417,Garden Reef,12.490339361498185,-70.01909852027893,PADI_MAP_API
2418,Pasir Putih Situbondo,-7.690804,113.829516,PADI_MAP_API
2421,Hidden Reef,-8.347642847202344,116.06489181518553,PADI_MAP_API
2426,Magic Rock,6.059242601304393,116.07192993164062,PADI_MAP_API
2427,Temple Reef,11.964097286892557,79.96810913085938,PADI_MAP_API
2429,Stiladari/Poseidon Beach/БДЖ,40.021043,23.833436,PADI_MAP_API
2441,Pentanissos Islet,36.07443281327515,28.094133138656613,PADI_MAP_API
2442,St. Paul's reef and caverns,36.08749984518717,28.08955192565918,PADI_MAP_API
2443,"Great cave of Lindos ""Cleobulus Tomb""",36.10006191745426,28.09576392173767,PADI_MAP_API
2444,M/V Giannoula K. - Plimmiri,35.920143969042634,27.859139442443848,PADI_MAP_API
2463,Islas Coronado,32.42257278184137,-117.26016998291016,PADI_MAP_API
2464,Uribe 121,32.208038,-116.933599,PADI_MAP_API
2466,North Point,6.077400758420543,116.08107089996338,PADI_MAP_API
2467,Mount K Avenue,6.0753097209795515,116.0807704925537,PADI_MAP_API
2468,Red Carpet,6.072279835991389,116.08021259307863,PADI_MAP_API
2469,The Shallows,6.067201539832918,116.0811996459961,PADI_MAP_API
2470,Kampung,6.066220014889099,116.0763931274414,PADI_MAP_API
2471,Bikini Bottom,6.062763325861136,116.07613563537596,PADI_MAP_API
2472,South Point,6.0605868806642755,116.06695175170897,PADI_MAP_API
2473,Macro Haven,6.0631047282326245,116.06720924377441,PADI_MAP_API
2474,Mikey's Ear,6.068183062989532,116.06858253479004,PADI_MAP_API
2475,Peaceful Garden,6.071682391868955,116.06781005859375,PADI_MAP_API
2476,Tanjung Lagoon,6.075395069605549,116.07081413269042,PADI_MAP_API
2477,JC's Runway,6.077016690928189,116.07407569885252,PADI_MAP_API
2478,Gaya Strip,6.077571454995844,116.07725143432617,PADI_MAP_API
2484,Frigates Walls,-18.445089880393,177.93251037597656,PADI_MAP_API
2491,Mama Hanh Beach,12.170994439690253,109.30795669555664,PADI_MAP_API
2492,Seahorse Bay,12.172672463404094,109.30340766906738,PADI_MAP_API
2493,Moray Beach,12.168246652970552,109.29666996002197,PADI_MAP_API
2494,Rainbow Reef,12.163611009446855,109.30036067962646,PADI_MAP_API
2495,Debbies Beach,12.165352007219527,109.30932998657227,PADI_MAP_API
2496,Tiger Wall,12.163013194328634,109.31204438209534,PADI_MAP_API
2498,Electric Nose,12.189452117272904,109.3452501296997,PADI_MAP_API
2504,Cepu,6.1557447711442626,99.7174072265625,PADI_MAP_API
2505,White Coral Corner,6.205407876724938,99.70470428466797,PADI_MAP_API
2506,Tanjung Intan,6.23851401600185,99.73560333251953,PADI_MAP_API
2507,The Stables,6.236466274129058,99.70504760742188,PADI_MAP_API
2508,Intan Bay,6.235442400193342,99.7170639038086,PADI_MAP_API
2509,Razorreef,6.246363619044539,99.7060775756836,PADI_MAP_API
2510,The crimescene,6.295847530881336,99.68616485595703,PADI_MAP_API
2512,Mountain of Fishes,28.428694254350244,-16.606092455622274,PADI_MAP_API
2513,Shore Road Pipeline,50.694092583172434,-1.9284868240356443,PADI_MAP_API
2515,Lavagna,44.30689827409332,9.334945678710938,PADI_MAP_API
2517,Cenote Noh-Mozon,20.623251,-89.384151,PADI_MAP_API
2518,Cenote Nayah,20.64648,-89.404619,PADI_MAP_API
2528,Dover Shakespeare Beach,51.11386850819646,1.3125228881835935,PADI_MAP_API
2529,Vinkeveense Plassen,52.23429174948777,4.960112571716309,PADI_MAP_API
2530,Harbor Puerto de la Cruz,28.42013631911013,-16.5498733523782,PADI_MAP_API
2534,Portillo,28.433298457898452,-16.50755882525118,PADI_MAP_API
2537,Labyrinth,28.420749645036004,-16.56317710876465,PADI_MAP_API
2541,"Oosterschelde, Bergse Diepsluis",51.51729,4.17268,PADI_MAP_API
2550,Neptune Islands,-35.330531764957186,136.11494064331055,PADI_MAP_API
2551,Shangrila,20.62852694772825,-87.06092119216919,PADI_MAP_API
2552,Chun Zumbul,20.63149903949347,-87.05785274505615,PADI_MAP_API
2554,Moc-Che,20.64069609082979,-87.0488405227661,PADI_MAP_API
2555,Pared Verde,20.66005225941449,-87.02746868133544,PADI_MAP_API
2556,Los Arcos,20.678482501697477,-87.00957298278809,PADI_MAP_API
2557,Cerebros,20.694702475928995,-87.00141906738281,PADI_MAP_API
2558,Tortugas,20.579599589651565,-87.11162567138672,PADI_MAP_API
2559,Barracuda,20.57954936877972,-87.11415767669678,PADI_MAP_API
2560,Sabalos,20.5812568691501,-87.11001634597777,PADI_MAP_API
2561,Mama Viña,20.575340800996464,-87.11626052856444,PADI_MAP_API
2562,Punta Venado,20.543637216770716,-87.15426206588745,PADI_MAP_API
2563,Isola di Bergeggi,44.234271,8.444788,PADI_MAP_API
2565,Clear Lake public beach,52.767747616148476,-110.61278700828551,PADI_MAP_API
2566,Aliwal Shoal Reef,-30.25,30.8167,PADI_MAP_API
2568,Los Islotes Sea Lion Colony,24.59897264570044,-110.40197610855103,PADI_MAP_API
2569,El Bajo (Marisla),24.657002173279082,-110.12557983398438,PADI_MAP_API
2570,La Reina Islet,24.385563863538735,-110.03150939941406,PADI_MAP_API
2571,Pepper's Ferry,37.16152213358983,-80.5531632900238,PADI_MAP_API
2572,Salvatierra Ferry Wreck,24.388925280919764,-110.31372070312499,PADI_MAP_API
2573,San Rafaelito Lighthouse / Lobos Rock,24.298253000542324,-110.34586429595947,PADI_MAP_API
2574,Swanee Reef,24.391192232857303,-110.31869888305664,PADI_MAP_API
2575,Gray Quarry,36.40600879681522,-82.47389316558838,PADI_MAP_API
2576,Lake Phoenix,36.93898478525365,-77.75389194488525,PADI_MAP_API
2577,Fang Ming Wreck,24.445205956644887,-110.38123726844788,PADI_MAP_API
2578,El Bajito,24.598250764351203,-110.41191101074219,PADI_MAP_API
2579,Arzentas Canyon,37.70830736676584,23.89434163502301,PADI_MAP_API
2580,SS Eleni,37.64390302117518,23.944830894470215,PADI_MAP_API
2581,seal Cave,37.64634963511541,23.939530849456787,PADI_MAP_API
2590,Old Man's Hat,-33.821608,151.293787,PADI_MAP_API
2591,Japanese Shipwreck,-8.364096011432403,115.70034742355345,PADI_MAP_API
2592,Golden Rock,-8.374795502983227,115.70916652679442,PADI_MAP_API
2594,Pecio Mina mary,43.45142348523911,-2.737441062927246,PADI_MAP_API
2595,Wide Water Beach,50.82466432537574,-0.2959012985229492,PADI_MAP_API
2596,Mercers Lake - Redhill,51.251191,-0.13631,PADI_MAP_API
2597,Shark Alley,-33.98066280973604,25.70526123046875,PADI_MAP_API
2598,"Blue Hole, Dwejra",36.05283753816768,14.188714027404785,PADI_MAP_API
2599,Reqqa Point,36.08202010681579,14.23647880554199,PADI_MAP_API
2600,Wied il-Mielah,36.07993909344936,14.21304702758789,PADI_MAP_API
2601,Dimitri Point,36.067278408867374,14.183864593505858,PADI_MAP_API
2602,Zurziep Reef,36.03313643872086,14.199786186218262,PADI_MAP_API
2603,Dawra Tas-Sanap,36.02343589224581,14.216415882110596,PADI_MAP_API
2604,Fungus Rock,36.04592406338274,14.188456535339355,PADI_MAP_API
2605,Xlendi Tunnel and Reef,36.02966589742849,14.213390350341797,PADI_MAP_API
2606,Double Arch Reef,36.08236693702203,14.246563911437988,PADI_MAP_API
2607,Xwejni Bay,36.07921072575902,14.247786998748778,PADI_MAP_API
2608,Crocodile Rock,36.050426131604816,14.187115430831907,PADI_MAP_API
2609,Koh Sak West,12.946355377885771,100.79022645950317,PADI_MAP_API
2610,Shipwreck Point,12.082746957313582,-68.89549970626831,PADI_MAP_API
2611,Had Nuan ( AKA Koh Lan Vak),12.899246148131555,100.77672958374023,PADI_MAP_API
2612,Koh Sak East,12.945382957594246,100.7951295375824,PADI_MAP_API
2613,Koh Sak Deep Reef,12.946062606584267,100.78925013542175,PADI_MAP_API
2614,Koh Klung Badan South,12.899612180823494,100.67951560020445,PADI_MAP_API
2615,Seal Dive,-34.10185514030627,23.40551376342773,PADI_MAP_API
2616,Stella Maris (Ocean Encounters House Reef),12.085443169998493,-68.8992977142334,PADI_MAP_API
2618,Hole in the Wall,12.461908891284574,-69.96674180030823,PADI_MAP_API
2621,Fingers Reef,12.464569797195791,-69.97973442077637,PADI_MAP_API
2622,Skalahein,12.47060387631269,-69.98676180839539,PADI_MAP_API
2623,Star Gerren,12.579779599187798,-70.06196022033691,PADI_MAP_API
2624,Debbie II / Blue Reef,12.589454876102511,-70.06466388702393,PADI_MAP_API
2625,Santo Largo,12.45076212252555,-69.95606660842896,PADI_MAP_API
2626,Tire Reef,12.482504009273216,-70.01041889190674,PADI_MAP_API
2627,Cornelius Bay,12.083701650514461,-68.89306426048279,PADI_MAP_API
2628,Saba,12.080354963790521,-68.88967394828796,PADI_MAP_API
2630,Gramvousa Island,40.706115929123094,24.784512519836422,PADI_MAP_API
2631,Gramvousa Island South,40.70543274083784,24.785284996032715,PADI_MAP_API
2632,Evangelio,40.70523754289766,24.777302742004395,PADI_MAP_API
2633,Pirgo,40.7331450394645,24.77914810180664,PADI_MAP_API
2634,Fourni,40.68634943698374,24.78444814682007,PADI_MAP_API
2635,Kinira island,40.66188943992171,24.781808853149414,PADI_MAP_API
2636,BATELÃO,38.43349701271416,-9.115605354309082,PADI_MAP_API
2637,Browns Bay,55.04062047529247,-1.4313983917236328,PADI_MAP_API
2645,Ranvheria Sites,7.641581457340622,-81.7108154296875,PADI_MAP_API
2646,Canales Dive sites,7.69568155739965,-81.63236618041992,PADI_MAP_API
2647,Contreras dive sites,7.8035208613796225,-81.77330017089844,PADI_MAP_API
2648,Jicaron and Jicarita,7.211262744763926,-81.82754516601562,PADI_MAP_API
2649,Cebaco Bajo Cagado,7.461198552113096,-81.25900268554688,PADI_MAP_API
2650,Bajo Gringo,7.256901789452975,-80.9747314453125,PADI_MAP_API
2651,La Cocina,19.548790404309724,-105.1087760925293,PADI_MAP_API
2652,Punta Mala,-1.5623969308399623,-80.8487319946289,PADI_MAP_API
2653,Bangag,9.997929287583407,123.37414741516113,PADI_MAP_API
2654,Fish Market,20.811867,-86.8826,PADI_MAP_API
2655,Mini Wall,20.824883,-86.876033,PADI_MAP_API
2656,C-56 (Juan Escutia) Shipwreck,20.853533,-86.837517,PADI_MAP_API
2657,Aquarium,20.805033,-86.879967,PADI_MAP_API
2661,Coast Guard Ship Wreck,37.327276,27.33526,PADI_MAP_API
2663,Akyar Reef,37.876445,27.265223,PADI_MAP_API
2666,Mustafa Reef,37.879559,27.259023,PADI_MAP_API
2668,Reef,36.800237,28.27044,PADI_MAP_API
2669,Red Rock,36.791049,28.286371,PADI_MAP_API
2671,Adabanko Reef,37.869102,27.244433,PADI_MAP_API
2676,Fisherman's Cove,33.5454,-117.7959,PADI_MAP_API
2677,Leo Carrillo,34.0441,-118.9386,PADI_MAP_API
2678,Abalone Cove,33.7414,-118.3763,PADI_MAP_API
2679,Malaga Cove,33.8059,-118.3934,PADI_MAP_API
2681,Long Point,33.7363,-118.3979,PADI_MAP_API
2682,Veteran's Park,33.8372,-118.3904,PADI_MAP_API
2687,Abdi Reis,36.793486294168986,28.283915519714355,PADI_MAP_API
2688,Chimney Cave,36.79322854434974,28.2918119430542,PADI_MAP_API
2689,Lighthouse,36.79904488756929,28.25936794281006,PADI_MAP_API
2690,kadirga bay,36.71769630566352,28.295974731445312,PADI_MAP_API
2691,Ottoman Anchor,36.8021375933119,28.260011672973633,PADI_MAP_API
2692,Catermaran Wreck,36.800934889252105,28.272231817245483,PADI_MAP_API
2694,Coastguard Wreck,36.8063125479568,28.27227473258972,PADI_MAP_API
2695,Sari Mehmet,36.78914738997798,28.255462646484375,PADI_MAP_API
2703,Frenk Bay,36.244100127827345,29.408490657806396,PADI_MAP_API
2704,Rambo Cave,36.53615711353248,31.987981796264645,PADI_MAP_API
2705,Frenk Bay Inner Wall,36.244861576252816,29.406538009643555,PADI_MAP_API
2706,Frenk Bay Outer Wall,36.2464536717158,29.401516914367676,PADI_MAP_API
2707,Pirate Cave,36.530950204878316,31.997981071472164,PADI_MAP_API
2708,Frenk Bay  South Wall,36.238181343966346,29.40439224243164,PADI_MAP_API
2711,Vomit (Lighthouse) Reef,36.208546075738184,29.34439659118652,PADI_MAP_API
2712,Heybeli Ada Reef,36.20215709682373,29.43758726119995,PADI_MAP_API
2713,Heybeli Ada Wall,36.20470236230266,29.439196586608887,PADI_MAP_API
2714,Panorama Reef,36.20373274711737,29.4413423538208,PADI_MAP_API
2715,Oksuz Ada,36.1802851813052,29.44799423217773,PADI_MAP_API
2717,Old Cement Barge,24.60784949479901,54.14989471435547,PADI_MAP_API
2719,Lion de mer,43.407417015457995,6.773843765258789,PADI_MAP_API
2726,Nha Trang,12.207153501451728,109.27963256835938,PADI_MAP_API
2731,Akumal Bay Marine Park,20.396686418516676,-87.30586051940918,PADI_MAP_API
2732,Cenote Angelita,20.139759639660177,-87.57202148437499,PADI_MAP_API
2734,Spanish Anchor,18.464263534407685,-77.94882416725159,PADI_MAP_API
2735,Widow Maker Cave,18.49133096917478,-77.93907165527344,PADI_MAP_API
2736,Basket Reef,18.49597067168549,-77.93778419494629,PADI_MAP_API
2737,The Point,18.495075300285045,-77.93323516845703,PADI_MAP_API
2738,Sergant Major Reef,18.491493767881337,-77.93460845947266,PADI_MAP_API
2739,Classroom,18.461536202592544,-77.95263290405273,PADI_MAP_API
2740,Reading Reef,18.460070752671413,-77.95589447021484,PADI_MAP_API
2741,Paradise Reef,18.461617616110175,-77.95160293579102,PADI_MAP_API
2742,Sunset Reef,18.463775060254118,-77.94821262359619,PADI_MAP_API
2743,Chattham Reef,18.493162445704083,-77.9344367980957,PADI_MAP_API
2747,João Fernandes (canto direito) P & P MERGULHO,-22.74070330156394,-41.87390685081482,PADI_MAP_API
2748,Wraysbury Dive Centre,51.46007702709841,-0.5489516258239746,PADI_MAP_API
2749,Sun Reef - Curacao Divers,12.142529348795398,-69.00005221366882,PADI_MAP_API
2751,ILHA DOS GRAVATÁS( CORRIDA DO CAPITÃO ) P & P MERGULHO,-22.771551855372202,-41.820337772369385,PADI_MAP_API
2752,Sharks Cove,21.651375396758848,-158.0626630783081,PADI_MAP_API
2754,ILHA DOS GRAVATAS (BURACO DAS ALMAS) P & P MERGULHO,-22.7724619698547,-41.82598114013672,PADI_MAP_API
2755,ILHA DA ANCORA ( PONTA LESTE) P & P MERGULHO,-22.767525515236365,-41.7890202999115,PADI_MAP_API
2758,"ILHA DA FEIA , P & P MERGULHO",-22.721604972808635,-41.923441886901855,PADI_MAP_API
2759,"ALAGADOS , P & P MERGULHO",-22.7568704747524,-41.82563781738281,PADI_MAP_API
2760,Potteries,36.942774973820825,27.164254188537594,PADI_MAP_API
2761,Cave island,36.955790520601525,27.16567039489746,PADI_MAP_API
2762,Surin Islands National Marine Park,9.41858067111931,97.86981582641602,PADI_MAP_API
2763,Similan Islands National Marine Park,8.595618555563465,97.64923095703125,PADI_MAP_API
2767,Cenote Yaal Utzil,20.623978330050935,-89.60672378540039,PADI_MAP_API
2768,Cenote Suem,20.64043504682113,-89.40295100212097,PADI_MAP_API
2769,Cenote Tanimax,20.64967171609298,-89.37223434448242,PADI_MAP_API
2770,Cenote Sabak Ha,20.580423209591604,-89.58818435668945,PADI_MAP_API
2771,"Sunrise Beach, Horsetooth Reservoir",40.58202692650585,-105.16031742095947,PADI_MAP_API
2772,"The Saddle, Carter Lake",40.31621734813803,-105.21318912506104,PADI_MAP_API
2773,The Arch,21.484180176672144,-71.51657581329346,PADI_MAP_API
2775,Lost Anchor,12.071888393987837,-68.87002944946289,PADI_MAP_API
2776,Water Factory,12.109760311466749,-68.9545726776123,PADI_MAP_API
2779,Bangsak Wreck,8.758,98.1866,PADI_MAP_API
2783,SASSO CHE BARA,42.74978545070727,10.324015617370605,PADI_MAP_API
2786,LA TRIGLIA,42.73522435946294,10.262174606323242,PADI_MAP_API
2787,RELITTO DI POMONTE,42.76440613482341,10.097637176513672,PADI_MAP_API
2790,Nissi Beach,34.986189792957404,33.96689414978027,PADI_MAP_API
2791,Sandy Bay,34.98613705275434,33.97868514060974,PADI_MAP_API
2798,Close Encounter,-8.128457,114.665965,PADI_MAP_API
2800,BioWreck,-8.131797,114.655545,PADI_MAP_API
2801,BioRock,-8.141839,114.65463,PADI_MAP_API
2802,Deep Reef,-8.134978,114.664166,PADI_MAP_API
2803,Artificial Reef,8.640086052571865,98.2071304321289,PADI_MAP_API
2804,Cenote Chak Mol,20.503928146662584,-87.23801136016846,PADI_MAP_API
2805,Plongee geneve plage,46.21446655728547,6.172986030578612,PADI_MAP_API
2806,Le mystère de la Cathédrale,46.23204362209383,6.151828765869141,PADI_MAP_API
2807,Genthod Hollow,46.26371,6.166935,PADI_MAP_API
2809,HON TAI NORTH,15.910159098898962,108.53599548339842,PADI_MAP_API
2810,HON TAI SOUTH,15.903246024880056,108.53990077972412,PADI_MAP_API
2811,HON MO,15.931392098821549,108.4758710861206,PADI_MAP_API
2813,HON DAI NORTH,15.946557152473018,108.47745895385741,PADI_MAP_API
2814,HON DAI - NIGHT DIVE,15.949239287529949,108.48209381103514,PADI_MAP_API
2816,Ballbuster 100 feet,36.63991172104428,-121.90893173217773,PADI_MAP_API
2818,Occhio di Dio,40.8971490696317,9.707751274108887,PADI_MAP_API
2819,Cala Cicale,40.894894513074526,9.704790115356445,PADI_MAP_API
2820,Archetto,40.891390877031824,9.699640274047852,PADI_MAP_API
2822,Isolotto Rosso,40.87653080318249,9.673118591308594,PADI_MAP_API
2823,La Mandria,40.88568085037665,9.702043533325194,PADI_MAP_API
2824,Secca dell' Elefante,40.88016501590686,9.703845977783203,PADI_MAP_API
2825,Khao Na Yak,8.572852401111716,98.20968389511108,PADI_MAP_API
2827,Punta Arresto,40.87497322236461,9.740495681762695,PADI_MAP_API
2828,Punta Levante,40.86958630618627,9.744958877563475,PADI_MAP_API
2829,Relitto Omega,40.87107910999037,9.776544570922852,PADI_MAP_API
2830,Scoglio dei Tre fratelli,40.87438912010986,9.774999618530273,PADI_MAP_API
2831,Secche del Fico,40.87513547207635,9.708738327026367,PADI_MAP_API
2832,Secca delle Ancore,40.87555731946587,9.701013565063475,PADI_MAP_API
2833,Beaver Lake - Dive Park,36.43031225423823,-93.85678052902222,PADI_MAP_API
2835,"Lake Pleasant, Arizona",33.86870516817361,-112.2747802734375,PADI_MAP_API
2836,"San Carlos, Sonora",27.947573248602065,-111.05480432510376,PADI_MAP_API
2838,Viking Cove,7.6950861535237856,98.76605987548828,PADI_MAP_API
2840,Batu Gosoh,1.8000454225054332,125.18903732299803,PADI_MAP_API
2841,Tanjung Husi,1.7362606935253568,125.15178680419922,PADI_MAP_API
2842,House Reef - Wall,36.36129303139918,25.403223037719723,PADI_MAP_API
2843,House Reef,36.36117207308686,25.403394699096676,PADI_MAP_API
2844,3 Rocks,36.361889180334614,25.40064811706543,PADI_MAP_API
2845,"Sudan, Mar Rojo",19.34929388195402,37.41943359375,PADI_MAP_API
2847,Mermaid Cove,49.779102570990545,-124.18919563293456,PADI_MAP_API
2848,YOGN 82,49.85143223743023,-124.54064011573792,PADI_MAP_API
2853,S S Conch,6.1986989368282215,80.05401492118835,PADI_MAP_API
2854,Earl of Shaftesbury,6.179424926099279,80.06561279296875,PADI_MAP_API
2855,Black Coral Point,6.128479285646498,80.0857400894165,PADI_MAP_API
2856,Kirala Gala,6.138506660916396,80.06303787231445,PADI_MAP_API
2857,Goda Gala,6.075011000682009,80.10354995727539,PADI_MAP_API
2858,Silva Point,6.169227655704114,80.06338119506836,PADI_MAP_API
2861,SG-115 TURKISH NAVY SHIPWRECK,36.989561,27.426739,PADI_MAP_API
2862,PACOZ BAY (C-47 DACOTA PLANE WRECK),36.98812,27.4314,PADI_MAP_API
2863,SMAGGLERS BAY,36.984592,27.438522,PADI_MAP_API
2865,BIG REEF,37.004814,27.413117,PADI_MAP_API
2866,SMALL REEF,37.007247,27.414104,PADI_MAP_API
2868,Lake Taupo,-38.69810435977661,176.06449127197266,PADI_MAP_API
2870,Haarlemmermeerse Bos,52.33027,4.66997,PADI_MAP_API
2871,Inah,20.56380933343932,-87.13668823242188,PADI_MAP_API
2873,Violin,15.73874819869561,-96.13216280937195,PADI_MAP_API
2874,La Blanca,15.747856052452901,-96.11805438995361,PADI_MAP_API
2875,La Blanca Channels,15.74963213963688,-96.11659526824951,PADI_MAP_API
2876,Violin pinacle,15.736290453955812,-96.13298892974854,PADI_MAP_API
2877,Maguey pinacles,15.7293301249086,-96.14491939544676,PADI_MAP_API
2878,Labirynth,15.725922161818247,-96.14906072616577,PADI_MAP_API
2879,Medregal point,15.728132180752773,-96.14335298538208,PADI_MAP_API
2880,Vuelta de gato (Cat's turn),15.726293942383835,-96.14734411239624,PADI_MAP_API
2881,Susie's cove,15.718279855279617,-96.1622142791748,PADI_MAP_API
2882,La grieta,15.71681332580771,-96.16109848022461,PADI_MAP_API
2883,La jeringa,15.719384909240569,-96.16107702255249,PADI_MAP_API
2884,Punta Toño,15.718155923620202,-96.1603045463562,PADI_MAP_API
2885,"Cacaluta, coral garden",15.719426219552695,-96.1637270450592,PADI_MAP_API
2886,Chachacual West point,15.70072211875075,-96.20394945144653,PADI_MAP_API
2887,La India,15.708943459078473,-96.19882106781006,PADI_MAP_API
2888,Jicaral point,15.696693954071325,-96.21336936950684,PADI_MAP_API
2889,Shark cove,15.70107328830953,-96.20980739593506,PADI_MAP_API
2890,Whale rock,15.69516529638567,-96.21665239334106,PADI_MAP_API
2891,Carrizalillo,15.697251704697434,-96.22482776641844,PADI_MAP_API
2892,St.Agustin Island East,15.687521836070626,-96.22673749923706,PADI_MAP_API
2893,La Rajada,15.68455733586709,-96.22853994369507,PADI_MAP_API
2894,St.Agustine,15.68832751160842,-96.23750925064087,PADI_MAP_API
2895,Tejón,15.758925365867993,-96.10866665840149,PADI_MAP_API
2896,Punta Arrocito,15.758130295370387,-96.09874248504639,PADI_MAP_API
2897,La Montosa Island,15.7628800209137,-96.08518123626709,PADI_MAP_API
2903,Letterbox Point - Rotoma,-38.05650567927985,176.5760850906372,PADI_MAP_API
2912,Underwater Museum of the Arts,30.331398006092723,-86.23100280761717,PADI_MAP_API
2913,YO-257 & San Pedro,21.241056,-157.85025,PADI_MAP_API
2914,LCU,21.420723,-158.193415,PADI_MAP_API
2915,Corsair WWII,21.254528,-157.730722,PADI_MAP_API
2916,Kewalo Pipe,21.287833,-157.8645,PADI_MAP_API
2918,House Reef Mataking,4.579440815245889,118.94646406173705,PADI_MAP_API
2919,Sweetlips Rock,4.586894902295313,118.94541263580322,PADI_MAP_API
2920,Humphead Point,4.595824731970166,118.94421100616454,PADI_MAP_API
2921,Turtle Playground,4.60290434977224,118.94738674163818,PADI_MAP_API
2922,D'wall,4.600551614504076,118.94966125488283,PADI_MAP_API
2923,Lobster Lair,4.582798907125291,118.9533519744873,PADI_MAP_API
2924,Nudibranch Heaven,4.5792483126857615,118.95388841629027,PADI_MAP_API
2925,Coral Garden,4.57141983137713,118.95678520202635,PADI_MAP_API
2926,Garden Of Eden,4.563227640511611,118.95397424697877,PADI_MAP_API
2927,Eel Garden,4.569152550320806,118.94946813583374,PADI_MAP_API
2928,Magic Rock,4.576745774690998,118.94694685935973,PADI_MAP_API
2929,Frog Fish Farm,4.587718376295499,118.91820430755615,PADI_MAP_API
2930,Treasure Hunt,4.582499460082276,118.92017841339111,PADI_MAP_API
2931,Pandanan Bay,4.580189435820535,118.91356945037842,PADI_MAP_API
2932,Nudibranch Town,4.576424935853651,118.91485691070557,PADI_MAP_API
2933,Sweetlips Table,4.559313323087172,118.92558574676514,PADI_MAP_API
2934,Jalan Jalan,4.543142474467938,118.9313793182373,PADI_MAP_API
2935,Aquarium,4.533474016000029,118.93489837646484,PADI_MAP_API
2936,Pistol Paradise,4.523292048211383,118.93755912780762,PADI_MAP_API
2937,Eye Candy,4.51020073647502,118.94090652465819,PADI_MAP_API
2938,Divers Delight,4.496681356457466,118.94433975219725,PADI_MAP_API
2939,Cahaya Way,4.476487385132403,118.94622802734374,PADI_MAP_API
2940,Pancang,4.449960559539092,118.94708633422852,PADI_MAP_API
2941,Lands End,4.447992402063194,118.94124984741211,PADI_MAP_API
2942,Macro Mania,4.54784831444508,118.8255500793457,PADI_MAP_API
2943,Mandarin Valley,4.548062215531998,118.81782531738281,PADI_MAP_API
2944,Mandarin House,4.590071153919657,118.86447429656982,PADI_MAP_API
2945,Cliff Hanger,4.59088392984198,118.8699460029602,PADI_MAP_API
2946,Pit Rock,4.59439168899004,118.86988162994383,PADI_MAP_API
2947,Northern Valley,4.604487094576644,118.86580467224121,PADI_MAP_API
2948,New Life,4.592637811572356,118.86048316955566,PADI_MAP_API
2949,Bay Watch,4.600722722785758,118.86185646057129,PADI_MAP_API
2950,Bander Khiran & Fahal island,23.545645059212315,58.64846348762512,PADI_MAP_API
2969,Target Rock,35.36940280073097,-120.86426496505736,PADI_MAP_API
2970,La Bombilla,28.592548209356018,-17.91947364807129,PADI_MAP_API
2971,Puerto Naos,28.586274033551902,-17.91090130805969,PADI_MAP_API
2973,PMG (Pura Mas Gading),-8.668257403678314,115.53497314453126,PADI_MAP_API
2974,Semaya,-8.72018218696944,115.60295104980469,PADI_MAP_API
2975,Karang Sari,-8.703553464735268,115.59436798095703,PADI_MAP_API
2976,Batu Nunggul,-8.68386953265192,115.58612823486327,PADI_MAP_API
2977,Charco Verde,28.572480835601624,-17.905354499816895,PADI_MAP_API
2978,Malpique,28.45635420045832,-17.84679651260376,PADI_MAP_API
2979,El Faro,28.455712782954933,-17.844715118408203,PADI_MAP_API
2980,Las Cabras,28.46572977089449,-17.83104658126831,PADI_MAP_API
2981,La Bajtia,28.61485335699994,-17.754217386245728,PADI_MAP_API
2983,Labyrinth,-8.788046831656626,115.51986694335939,PADI_MAP_API
2986,punta bolivar,9.42383039549119,-75.74695587158203,PADI_MAP_API
2987,barco hundido,9.44855382970854,-75.65940856933592,PADI_MAP_API
2989,Agia Marina Beach,37.813428680898774,23.842692375183105,PADI_MAP_API
2990,Cathedral,-30.2651,30.825,PADI_MAP_API
2993,Chien Tong,17.48613339041765,-63.00616264343261,PADI_MAP_API
2994,STENAPA Reef,17.489039554338977,-63.00308346748351,PADI_MAP_API
2995,Double Wreck,17.479297582357464,-62.994521856307976,PADI_MAP_API
2996,Triple Wreck,17.47830493617733,-62.994446754455566,PADI_MAP_API
2997,Crook's Castle,17.47444686815903,-62.98886775970459,PADI_MAP_API
2998,Blair's Reef,17.474590140051696,-62.99341678619384,PADI_MAP_API
2999,Nursing Station,17.469227600902098,-62.99139976501464,PADI_MAP_API
3000,Barracuda Reef,17.46724219328637,-62.990498542785645,PADI_MAP_API
3001,Twin Peaks,17.46570706946435,-62.99028396606445,PADI_MAP_API
3002,Charles L. Brown,17.462554907982618,-62.990155220031745,PADI_MAP_API
3003,Anchor Point North,17.46341459379748,-62.98655033111572,PADI_MAP_API
3004,Princess Corner,17.462882407819134,-62.984747886657715,PADI_MAP_API
3005,Hangover,17.463742092088136,-62.98324584960938,PADI_MAP_API
3006,Blocks,17.46271865797448,-62.98178672790527,PADI_MAP_API
3007,Ledges,17.462473032931452,-62.98011302947998,PADI_MAP_API
3008,Five Fingers,17.46376256071174,-62.980585098266594,PADI_MAP_API
3009,Ledges II,17.461081151430896,-62.980585098266594,PADI_MAP_API
3010,Valley of the Sponges,17.462882407819134,-62.978653907775886,PADI_MAP_API
3011,Humps,17.46230928271876,-62.975478172302246,PADI_MAP_API
3012,Mushroom Garden,17.46067177249479,-62.975692749023445,PADI_MAP_API
3013,Grand Canyon,17.459034247550033,-62.975220680236816,PADI_MAP_API
3014,Cliffs,17.460221454602397,-62.97779560089111,PADI_MAP_API
3015,Drop Off,17.458338294991155,-62.971272468566895,PADI_MAP_API
3016,Aquarium,17.513381968943047,-63.00714969635009,PADI_MAP_API
3017,Inner Jenkins Bay,17.51255321401128,-63.00010085105895,PADI_MAP_API
3018,Gilbraltar,17.52309142083055,-63.00161361694335,PADI_MAP_API
3019,Seacrest Cove 2,47.588596847580355,-122.37974524497986,PADI_MAP_API
3020,Redondo,47.349318,-122.324359,PADI_MAP_API
3021,Edmonds Underwater Park,47.813408,-122.383171,PADI_MAP_API
3023,Calimera,28.860235137291365,-13.860797882080078,PADI_MAP_API
3024,Popes Eye Marine National Park,-38.276343985056556,144.698588848114,PADI_MAP_API
3028,Dive Magic Orchard Pool,43.580864948969754,-116.2427008152008,PADI_MAP_API
3045,Chimo,20.497777946658438,-105.49415588378906,PADI_MAP_API
3046,Anegados,20.689322775663335,-105.65139770507811,PADI_MAP_API
3047,Kingman Wash,36.036321,-114.710054,PADI_MAP_API
3048,Cabinsite Cove,35.239284,-114.576716,PADI_MAP_API
3049,Willow Beach,35.874046,-114.662236,PADI_MAP_API
3050,Sand Hollow Reservoir,37.119136,-113.383219,PADI_MAP_API
3051,Homestead Crater,40.523978,-111.48502,PADI_MAP_API
3052,The Rose,12.471902861074357,-61.50031685829162,PADI_MAP_API
3055,"Altenburg, Aquarium",47.650804395190804,8.603196144104004,PADI_MAP_API
3056,Óttarstaðavegur,64.046797,-22.058829,PADI_MAP_API
3057,Cova de la Sal,42.10497277661064,3.1796836853027344,PADI_MAP_API
3058,Trencabraços,42.11143589637176,3.1774520874023438,PADI_MAP_API
3059,Port del Rei,42.10669209447197,3.1744909286499023,PADI_MAP_API
3060,Cala Viuda,42.105004616254035,3.1827735900878906,PADI_MAP_API
3061,Baix de Cols,42.10076980332238,3.1868934631347656,PADI_MAP_API
3062,Correc Llarg,42.097012364077706,3.189983367919922,PADI_MAP_API
3063,La Catedral,42.090898088778104,3.1937599182128906,PADI_MAP_API
3064,Puig de la Sardina,42.07344368607959,3.2080936431884766,PADI_MAP_API
3065,Illa Ferriol,42.085866107624646,3.198223114013672,PADI_MAP_API
3066,Marmoler,42.103157890505685,3.192214965820312,PADI_MAP_API
3067,La Xinxa,42.113537064298185,3.172988891601562,PADI_MAP_API
3068,Punta del ferro,42.11579733384277,3.168654441833496,PADI_MAP_API
3069,Contentin,42.11544715651419,3.1641483306884766,PADI_MAP_API
3070,El Gat,42.23627059792278,3.264484405517578,PADI_MAP_API
3071,Saint Prosper,42.182232313614215,3.2155609130859375,PADI_MAP_API
3073,Two Mile Reef,-21.81110596498306,35.50227642059326,PADI_MAP_API
3074,Sao Sebastiao,-22.14988767367991,35.58368682861328,PADI_MAP_API
3087,Blue Bay The Garden,12.132858496133299,-68.98502111434937,PADI_MAP_API
3223,Devil's Den,29.407308,-82.476066,PADI_MAP_API
3225,Alexander Springs,29.081084,-81.578472,PADI_MAP_API
3226,Blue Grotto,29.388144,-82.48657,PADI_MAP_API
3228,Blue MaoMao Arch,-35.48857821,174.7390649,PADI_MAP_API
3233,Beadnell,55.553988,-1.621765,PADI_MAP_API
3234,The Manacles,50.043735,-5.049182,PADI_MAP_API
3240,Hastings Reef,-16.510001,146.007807,PADI_MAP_API
3244,The Arch,33.4729,-119.036,PADI_MAP_API
3245,Casino Point,33.3486397,-118.324795,PADI_MAP_API
3246,Farnsworth Banks,33.50555556,-118.7755556,PADI_MAP_API
3248,Sea Tiger Wreck,21.27071436,-157.8386027,PADI_MAP_API
3251,Süplinger Canyon,52.282885,11.314619,PADI_MAP_API
3256,Vinkeveen Zandeiland 4,52.23325,4.96119,PADI_MAP_API
3257,Bergse Diepsluis,51.51723,4.173681,PADI_MAP_API
3258,Anna Jacoba Polder,51.64252,4.100255,PADI_MAP_API
3261,Marine Room Turtle Reef,32.851543,-117.264054,PADI_MAP_API
3265,2nd gulf of vouliagmeni,37.800052,23.788791,PADI_MAP_API
3266,La Cochère,46.273411,6.209335,PADI_MAP_API
3272,Paniau North,19.958909,-155.859261,PADI_MAP_API
3275,Bunutan,-8.344225,115.677001,PADI_MAP_API
3276,Jemeluk Wall,-8.337707,115.660672,PADI_MAP_API
3281,Hin Raab,11.900107,102.316189,PADI_MAP_API
3284,Kraken Freighter,28.4439,-94.28613,PADI_MAP_API
3288,Sunset Reef,-8.359192,116.028328,PADI_MAP_API
3290,Cenote Tajma Ha,20.4743,-87.266464,PADI_MAP_API
3291,casa cenote,20.317383,-87.357788,PADI_MAP_API
3292,Atlantic Princess,18.371103,-68.847413,PADI_MAP_API
3295,Vortex Springs,30.770602,-85.948706,PADI_MAP_API
3303,Secca di Punta secca (Gli Archi),42.139414,15.524883,PADI_MAP_API
3308,Punta Secca (il giardino di Gorgonie),42.139,15.524304,PADI_MAP_API
3309,Batu Belah,-8.335159,116.061974,PADI_MAP_API
3310,Hideaway Bay,8.570313,97.644268,PADI_MAP_API
3311,Il Grottone,42.13935,15.517566,PADI_MAP_API
3325,10 - I Picchi di Elena,42.135038,15.50761,PADI_MAP_API
3366,PINAR-1 TURKISH NAVY SHIPWRECK,36.981391,27.442916,PADI_MAP_API
3367,Turtle Mound Mauna Lani Makaiwa Bay,19.948148,-155.870912,PADI_MAP_API
3368,Whale Shark Refuge Waters,24.180035,-110.360713,PADI_MAP_API
3370,Cape Morcone,42.731867,10.364549,PADI_MAP_API
3371,Scoglio Remaiolo,42.709782,10.413001,PADI_MAP_API
3372,REMAIOLO,42.709734,10.412947,PADI_MAP_API
3373,Besmi Island,36.151494,29.616137,PADI_MAP_API
3391,Gold Coast Seaway,-27.933906,153.431239,PADI_MAP_API
3392,Wave Break Island,-27.932617,153.418708,PADI_MAP_API
3393,Palm Beach Reef,-28.095455,153.483896,PADI_MAP_API
3395,Kalamos,38.603188,20.887413,PADI_MAP_API
3396,Kastos,38.572327,20.912476,PADI_MAP_API
3399,The Scottish Prince Shipwreck,-27.960822,153.434629,PADI_MAP_API
3420,"Ön, Limhamn",55.595456,12.927518,PADI_MAP_API
3422,Dalby Stenbrott,55.659057,13.401282,PADI_MAP_API
3426,El Cabrón - Cueva Grande (the Big Cave),27.87275,-15.382394,PADI_MAP_API
3429,Tobogán,40.092083,4.077784,PADI_MAP_API
3430,Punta d’es Morter,40.067932,4.139142,PADI_MAP_API
3431,Isla de Tirant,40.063794,4.131535,PADI_MAP_API
3433,Es Pas,40.089761,4.080842,PADI_MAP_API
3453,Vera-K,34.721086,32.430954,PADI_MAP_API
3454,Achilleas,34.777822,32.396235,PADI_MAP_API
3481,Harry's Place,38.629762,20.722629,PADI_MAP_API
3548,Nikiana Beach,38.755397,20.720751,PADI_MAP_API
3550,Agios Nikolaos,38.752895,20.794222,PADI_MAP_API
3551,Brothers,38.764909,20.820658,PADI_MAP_API
3558,Manijin island,34.887515,32.323022,PADI_MAP_API
3559,Airport Reef,34.729198,32.471466,PADI_MAP_API
3561,St Georges Island,35.091822,32.34375,PADI_MAP_API
3562,Llado sur,38.902255,1.501694,PADI_MAP_API
3563,Llado norte,38.910537,1.50547,PADI_MAP_API
3564,Bajo de la Esponja,38.875532,1.429939,PADI_MAP_API
3565,Don Pedro,38.873327,1.472082,PADI_MAP_API
3567,LLOSA SANTA EULALIA – FARO,38.941119,1.55405,PADI_MAP_API
3572,Blue Cave,38.62444,20.717404,PADI_MAP_API
3579,Abanico Tortuga Diving,37.280131,-1.715498,PADI_MAP_API
3583,Culebras,43.405422,-2.999611,PADI_MAP_API
3587,Playa El Morro Las Anclas,37.255012,-1.760817,PADI_MAP_API
3589,Playa Mellizas,37.312974,-1.657391,PADI_MAP_API
3593,Playa Calaverde Embarcadero,37.247548,-1.768541,PADI_MAP_API
3596,Lake Nagawicka,43.063213,-88.380471,PADI_MAP_API
3602,El Cabrón - 'Los Roncadores',27.872892,-15.381149,PADI_MAP_API
3632,Playa EL CERRO,37.272277,-1.722279,PADI_MAP_API
3633,Playa Piedra Delta Loza del payo,37.272277,-1.722794,PADI_MAP_API
3634,BARCOQUEMAO,37.303075,-1.698203,PADI_MAP_API
3635,"Cabeza del Caballito Catedral ""LA CATE""",37.308673,-1.670952,PADI_MAP_API
3636,Bajos Gaudel Chiribito,37.257113,-1.753693,PADI_MAP_API
3638,Porthkerris Beach,50.065503,-5.066162,PADI_MAP_API
3639,SKELETON - SPARTI ISLAND,38.711366,20.740771,PADI_MAP_API
3640,HILLS - SPARTI ISLAND,38.711182,20.741243,PADI_MAP_API
3641,GARDEN - SPARTI ISLAND,38.711099,20.740364,PADI_MAP_API
3642,SKORPIDI,38.70286,20.746694,PADI_MAP_API
3644,BLACK WATER,38.627264,20.710258,PADI_MAP_API
3645,Punta de la Sal,27.875576,-15.38043,PADI_MAP_API
3648,Mangrove point,-8.658415,115.452232,PADI_MAP_API
3649,Blue Corner,-8.661278,115.442469,PADI_MAP_API
3650,Ohinau,-36.727053,175.879097,PADI_MAP_API
3651,Aldermen Islands,-36.964158,176.085434,PADI_MAP_API
3652,"The Bookcase, Great Mercury Island",-36.594754,175.748506,PADI_MAP_API
3653,Danger Rocks,-36.713843,175.904331,PADI_MAP_API
3654,Crayfish Bay,-36.739985,175.813179,PADI_MAP_API
3655,Whale Rock,-36.695126,175.921326,PADI_MAP_API
3696,Mill Cove Marina,44.712296,-63.670964,PADI_MAP_API
3803,Lipah Bay,-8.350212,115.684168,PADI_MAP_API
3840,Tougues,46.323749,6.255823,PADI_MAP_API
3842,St-Prex,46.480746,6.461388,PADI_MAP_API
3844,Al Fahal Island,23.680608,58.500931,PADI_MAP_API
3864,"Barcazas, Bahía de Santa Marta",11.250891,-74.221144,PADI_MAP_API
3865,Pelican Rock,22.87916,-109.898386,PADI_MAP_API
3874,P47 Plane Wreck,-0.703,130.7,PADI_MAP_API
3875,Punta Falconiera,38.711115,13.201157,PADI_MAP_API
3877,Melissa's Garden,-0.589861,130.315179,PADI_MAP_API
3878,Mike's Point,-0.515557,130.673629,PADI_MAP_API
3879,Batu Lima,-0.450231,130.697694,PADI_MAP_API
3884,Mahurangi Island,-36.829898,175.822105,PADI_MAP_API
3885,Dongelberg,50.696,4.819,PADI_MAP_API
3886,Yenbuba Jetty,-0.569434,130.658126,PADI_MAP_API
3887,Cape Kri,-0.556271,130.690742,PADI_MAP_API
3888,Lau Lau Dive Site,15.163705,145.762246,PADI_MAP_API
3891,Friwen Wall,-0.475904,130.697458,PADI_MAP_API
3892,Saonek Monde,-0.44875,130.801055,PADI_MAP_API
3893,Lau Lau Reef,-0.499968,130.721619,PADI_MAP_API
3894,Manta ridge,-0.557976,130.535066,PADI_MAP_API
3895,Mioskon,-0.497415,130.726994,PADI_MAP_API
3896,Yenkoranu Jetty,-0.557161,130.672095,PADI_MAP_API
3897,Blue Magic,-0.509527,130.747948,PADI_MAP_API
3898,Sauwandarek Jetty,-0.589904,130.603709,PADI_MAP_API
3899,Chicken reef,-0.546433,130.7019,PADI_MAP_API
3900,Citrus Ridge,-0.509978,130.454568,PADI_MAP_API
3903,Sardine reef,-0.534202,130.715075,PADI_MAP_API
3904,Islands,28.4775,34.511962,PADI_MAP_API
3905,Um Sid,28.420533,34.457577,PADI_MAP_API
3909,Secchitello,38.689479,13.167286,PADI_MAP_API
3912,Punta Galera & Grotta dei Gamberi,38.694696,13.183197,PADI_MAP_API
3918,Fort Wetherill State Park,41.479382,-71.360428,PADI_MAP_API
3921,Banana Bay Racha Noi,7.502387,98.324547,PADI_MAP_API
3923,Cas Abou,12.227328,-69.09291,PADI_MAP_API
3924,Chileno,22.945234,-109.802427,PADI_MAP_API
3936,Elephant cave,35.469164,24.243886,PADI_MAP_API
3938,Dorfbach / Schulhaus,47.667038,8.980299,PADI_MAP_API
3943,Billinghurst Cave,36.081183,14.235261,PADI_MAP_API
3945,Boulder Beach,36.046572,-114.796679,PADI_MAP_API
3961,Manta Point,-8.795469,115.525532,PADI_MAP_API
3974,¼ Mile Reef,-27.63,32.55,PADI_MAP_API
3992,6 Mile Reef,-27.64,32.54,PADI_MAP_API
3995,Shaw's Cove,33.5457,-117.7984,PADI_MAP_API
3996,Crescent Bay,33.5468,-117.802,PADI_MAP_API
4003,Calderón,11.212397,-74.23448,PADI_MAP_API
4011,Flinders Pier,-38.475699,145.026419,PADI_MAP_API
4012,Chimanan's Hat,-38.28757,144.726924,PADI_MAP_API
4039,El Peñón (Wreck of Tabaiba),28.4,-16.3,PADI_MAP_API
4042,Manila Channel,13.522,120.9,PADI_MAP_API
4119,Racha Noi Island,7.47073,98.315964,PADI_MAP_API
4121,Phi Phi Islands,7.653491,98.76503,PADI_MAP_API
4122,South Tip,7.461007,98.304935,PADI_MAP_API
4123,"Camera Bay, Racha Noi",7.509577,98.325105,PADI_MAP_API
4124,"Bungalow Bay, Racha Yai",7.608999,98.365917,PADI_MAP_API
4125,"Siam Bay, Racha Yai",7.617762,98.370209,PADI_MAP_API
4127,Harruby Wreck,7.607893,98.377934,PADI_MAP_API
4129,Cap Roig,40.085821,4.099059,PADI_MAP_API
4131,Marina Bay/Marita’s Rock,7.502727,98.31871,PADI_MAP_API
4132,HTMS Chang wreck,11.895,102.2,PADI_MAP_API
4134,Rye Pier,-38.367132,144.822872,PADI_MAP_API
4146,New Club reef,24.844482,51.507307,PADI_MAP_API
4148,Superior Producer,12.104977,-68.944464,PADI_MAP_API
4149,Atlantis (Scubaçao House reef),12.095042,-68.912451,PADI_MAP_API
4150,Tugboat Housereef of CURious 2 DIVE,12.068846,-68.861987,PADI_MAP_API
4151,Director's bay Housereef of CURious 2 DIVE,12.064953,-68.860043,PADI_MAP_API
4158,A-Frames (Finnart),56.117388,-4.831173,PADI_MAP_API
4163,Playa Chica - Muellito,28.919349,-13.669202,PADI_MAP_API
4206,Playa El Chaparral,36.504281,-4.664619,PADI_MAP_API
4208,Craggen,56.164766,-4.788065,PADI_MAP_API
4209,Tarbet Isle - Loch Lomond,56.211704,-4.698608,PADI_MAP_API
4211,Moray Garden,28.437572,34.459552,PADI_MAP_API
4212,Torre dell'Usciere,38.173568,12.771435,PADI_MAP_API
4214,Cow Passage,38.157237,12.724228,PADI_MAP_API
4215,Tonnara del Secco,38.16736,12.76916,PADI_MAP_API
4216,Galea  - Santa Maria - RICADI,38.60515,15.847392,PADI_MAP_API
4238,Dungon Wall,13.522,120.9,PADI_MAP_API
4253,Stonehenge,6.485186,99.335139,PADI_MAP_API
4256,Island Bay,-41.34492,174.77643,PADI_MAP_API
4258,Owhiro Bay,-41.347916,174.754361,PADI_MAP_API
4260,Mahanga Bay,-41.292415,174.832478,PADI_MAP_API
4269,Punta Omo Morto,38.711417,13.200588,PADI_MAP_API
4270,Onderwater Natuurpark Zegersloot,52.135839,4.690218,PADI_MAP_API
4335,Reeuwijkse Plassen Surfplas,52.055736,4.740086,PADI_MAP_API
4336,Oostvoornse Meer Slag Baardmannetje,51.926762,4.048151,PADI_MAP_API
4337,Bussloo - Schurinkshof,52.199493,6.117851,PADI_MAP_API
4344,Sandy Point State Park,39.013248,-76.394634,PADI_MAP_API
4383,shoab sharm,24.788293,35.17848,PADI_MAP_API
4392,Dolomite quarry reservoir,56.934,23.604,PADI_MAP_API
4400,The Seagrass,13.522428,120.975566,PADI_MAP_API
4407,Washing Machine,13.557057,121.042213,PADI_MAP_API
4410,USS Emmons,26.715484,128.025656,PADI_MAP_API
4413,Scoglio del Medico,38.715609,13.155781,PADI_MAP_API
4440,Secca d'Africa,38.694802,13.153543,PADI_MAP_API
4442,Serrières,46.978,6.897,PADI_MAP_API
4454,Vevey - Quai Perdonnet,46.45854,6.842712,PADI_MAP_API
4456,Ameisenegge (Entenecke),46.709626,7.71561,PADI_MAP_API
4457,"Jam, Kadena North",26.355651,127.740591,PADI_MAP_API
4458,Kin Red,26.447675,127.912059,PADI_MAP_API
4459,Stingray Bay,-38.403193,142.473407,PADI_MAP_API
4460,Cape Maeda (Blue Cave),26.443727,127.772509,PADI_MAP_API
4462,"""Grotta delle Stalattiti""",38.703132,13.1937,PADI_MAP_API
4464,Emisario,28.856552,-13.823633,PADI_MAP_API
4465,Harbour Wrecks,28.91996,-13.676058,PADI_MAP_API
4466,Museo Atlantico,28.85362,-13.809299,PADI_MAP_API
4467,"Cape Maeda, Blue Cave",26.443707,127.772509,PADI_MAP_API
4472,MS Mikhail Lermontov Wreck,-41.048709,174.203146,PADI_MAP_API
4473,PARCEL DE TORRES,-29.43601,-49.420624,PADI_MAP_API
4496,Pigeon Island,36.190555,29.610107,PADI_MAP_API
4497,"Lighthouse, C-47 Airplane",36.179809,29.646263,PADI_MAP_API
4499,BATU NISAN ROCK,5.920849,102.726728,PADI_MAP_API
4512,BATU NISAN,5.920892,102.723842,PADI_MAP_API
4513,D'LAGOON,5.933431,102.723305,PADI_MAP_API
4515,SERENGGEH,5.943078,102.668213,PADI_MAP_API
4516,SUGAR WRECK,5.883284,102.61179,PADI_MAP_API
4517,BATU LAYAR,5.913433,102.744548,PADI_MAP_API
4520,Punta Caruso,40.753759,13.863373,PADI_MAP_API
4521,"Warrnambool Breakwater, inside",-38.401672,142.478632,PADI_MAP_API
4561,Port Campbell Bay Reef,-38.620592,142.989464,PADI_MAP_API
4578,Matiu-Somes Wharf,-41.254871,174.867153,PADI_MAP_API
4580,F69 Wreck,-41.353,174.78,PADI_MAP_API
4582,Neptün,36.189152,29.609871,PADI_MAP_API
4669,Toilet Bowl,26.504038,127.846506,PADI_MAP_API
4670,Mermaid's Grotto,26.498642,127.842622,PADI_MAP_API
4671,Conger Alley,56.19197,-4.777327,PADI_MAP_API
4673,Wemyss Bay - SS Kintyre,55.888213,-4.896812,PADI_MAP_API
4674,Kau Point,-41.288795,174.834398,PADI_MAP_API
4675,Scorching Bay,-41.297372,174.835106,PADI_MAP_API
4679,Front Porch,16.332021,-86.57321,PADI_MAP_API
4681,"Sunabe South Steps, Sunabe Seawall",26.321883,127.748315,PADI_MAP_API
4682,Princess Bay,-41.34579,174.78879,PADI_MAP_API
4683,Mermaids Kitchen,-41.348617,174.762944,PADI_MAP_API
4690,Bigelow Hollow State Park,41.648288,-71.92337,PADI_MAP_API
4691,Stage Fort Park - Gloucester,42.628907,-70.632477,PADI_MAP_API
4692,Moore Reef,-16.845784,146.227341,PADI_MAP_API
4696,Old Aquarium,-38.404026,142.475917,PADI_MAP_API
4697,Port Campbell Jetty,-38.620986,142.991556,PADI_MAP_API
4698,"Lee Breakwater, Portland, Victoria, Australia",-38.343339,141.609907,PADI_MAP_API
4710,"Lake Purrumbete, Camperdown, Victoria, Australia",-38.285221,143.220005,PADI_MAP_API
4749,Punta Catalina,10.476279,-85.870793,PADI_MAP_API
4750,Nui Beach,7.787123,98.290718,PADI_MAP_API
4751,Piramidi di Miramare,44.00257,12.700109,PADI_MAP_API
4765,Ao Sane beach,7.777882,98.297478,PADI_MAP_API
4766,Punta del Bisbe,39.801547,4.282029,PADI_MAP_API
4768,Es Cargol,39.809525,4.253458,PADI_MAP_API
4775,"Dalian, Liaoning: Old Pian Island",38.95223,121.5255,PADI_MAP_API
4789,"Guangdong: Wanshan Island, Zhuhai",21.995735,113.756479,PADI_MAP_API
4800,Marsalforn Bay,36.071849,14.259181,PADI_MAP_API
4810,"Lake Bullen Merri, Camperdown",-38.238045,143.105206,PADI_MAP_API
4811,Pickering Point,-38.400831,142.467527,PADI_MAP_API
4812,Middle Island,-38.403067,142.470413,PADI_MAP_API
4813,"Nunn's Beach, Portland, Victoria, Australia",-38.342094,141.610551,PADI_MAP_API
4821,Mononaftis,35.418118,25.021834,PADI_MAP_API
4825,Portulano House Reef,13.81391,120.908725,PADI_MAP_API
4851,Hin Daeng,7.1518,98.82,PADI_MAP_API
4852,Koh Ha,8.1502,98.75,PADI_MAP_API
4853,Phi Phi,7.6804,98.76,PADI_MAP_API
4883,Gab Gab,13.443063,144.64385,PADI_MAP_API
4889,Caracasbaai,12.076169,-68.864107,PADI_MAP_API
4898,Branksome Chine Pipes,50.705985,-1.908048,PADI_MAP_API
4906,Ulua Beach,20.69129,-156.444315,PADI_MAP_API
4923,Manta Dive-Garden Eel Cove,19.735582,-156.053216,PADI_MAP_API
4933,"Barents sea, Liinahamari",69.639,31.33,PADI_MAP_API
4934,Carlos Rosario Wall,18.330431,-65.333258,PADI_MAP_API
4936,Port of Hoodsport,47.403316,-123.141493,PADI_MAP_API
4940,Pearl Lake,42.483048,-89.02565,PADI_MAP_API
4950,Barco del Arrroz,36.73768,-3.923643,PADI_MAP_API
4951,Muka Kampung,1.593756,124.778831,PADI_MAP_API
4953,Fukui Point,1.612224,124.739145,PADI_MAP_API
4966,Middle Arch,-35.457174,174.732614,PADI_MAP_API
4967,Trevor's Rocks,-35.478705,174.737849,PADI_MAP_API
4968,Brady's Corner / Meditation Wall,-35.480478,174.737667,PADI_MAP_API
4969,Magic Wall,-35.488254,174.738117,PADI_MAP_API
4970,Jan's Tunnel,-35.487852,174.736283,PADI_MAP_API
4979,Mandolin,1.613404,124.732504,PADI_MAP_API
4983,Murner See - Turm,49.353022,12.201562,PADI_MAP_API
4984,Murner See Rutschn,49.34683,12.198569,PADI_MAP_API
4985,Murner See - Bucht,49.354007,12.204609,PADI_MAP_API
4993,Lekuan 3,1.605671,124.768531,PADI_MAP_API
4994,Cela-Cela,1.610883,124.768038,PADI_MAP_API
5015,Ngaio Rock,-35.48945,174.737774,PADI_MAP_API
5016,Trearddurr Bay,53.278,-4.61,PADI_MAP_API
5024,Confucius Rock孔子岩,22.650571,121.504036,PADI_MAP_API
5032,Eight Acre Lake,53.769,-0.65,PADI_MAP_API
5033,Farne Islands,55.665193,-1.625977,PADI_MAP_API
5046,Siyul Kebira,27.561243,33.878746,PADI_MAP_API
5050,Aussie Reef - Racha Noi,7.470985,98.310685,PADI_MAP_API
5070,Bonawe Quarry,56.450165,-5.227432,PADI_MAP_API
5071,Carnoch Bay - Ballaculish,56.681411,-5.133533,PADI_MAP_API
5072,The Caves - Loch Long,56.180092,-4.775083,PADI_MAP_API
5073,Anchor Point,56.068682,-5.265284,PADI_MAP_API
5074,St Abbs,55.899836,-2.127872,PADI_MAP_API
5090,Lady Hole,55.55315,-1.624753,PADI_MAP_API
5091,Knacker Hole,55.553914,-1.627039,PADI_MAP_API
5092,Duikpark Zoetermeer (Zoetermeerse Plas),52.079697,4.509223,PADI_MAP_API
5110,"São Macário - São Vicente, Cabo Verde",16.881884,-25.016084,PADI_MAP_API
5111,"São Pedro - São Vicente, Cabo Verde",16.821754,-25.061939,PADI_MAP_API
5112,"Sucenáqua - São Vicente, Cabo Verde",16.864677,-25.067883,PADI_MAP_API
5113,"Ponta Ribeirinha - São Vicente, Cabo Verde",16.883568,-25.047112,PADI_MAP_API
5114,"Ponta Nho Jon - São Vicente, Cabo Verde",16.883362,-25.052798,PADI_MAP_API
5115,"Ponta Canjana - São Vicente, Cabo Verde",16.859091,-25.073633,PADI_MAP_API
5116,"Ladra Cachorro - São Vicente, Cabo Verde",16.882993,-25.044022,PADI_MAP_API
5117,"Fateixa - São Vicente, Cabo Verde",16.870426,-25.056725,PADI_MAP_API
5118,"Djeu - São Vicente, Cabo Verde",16.910669,-25.012007,PADI_MAP_API
5120,Cultus Lake,49.07201,-121.980171,PADI_MAP_API
5121,The Valiant,33.350856,-118.325962,PADI_MAP_API
5123,ANAU - Mantas Spot - BORA BORA,-16.490689,-151.711042,PADI_MAP_API
5133,bahia de puerto lopez,-1.559823,-80.822253,PADI_MAP_API
5134,bajo cope,-1.583203,-81.14502,PADI_MAP_API
5135,El Mina wreck,27.22523,33.847171,PADI_MAP_API
5145,Pedra do Leão,38.43469,-9.068205,PADI_MAP_API
5152,Windy Point Park,30.414649,-97.901498,PADI_MAP_API
5155,The Wall,12.059676,92.960429,PADI_MAP_API
5164,Alternative,55.921286,38.047457,PADI_MAP_API
5170,Dixon's Pinnacle,11.927821,93.098145,PADI_MAP_API
5176,Rasdhoo Channel,4.257827,72.988873,PADI_MAP_API
5201,To the West - Batee Gua,5.83436,95.241637,PADI_MAP_API
5206,Batee Meuroron,5.871566,95.268888,PADI_MAP_API
5208,Lumba Lumba Diving Centre House Reef,5.854265,95.270519,PADI_MAP_API
5209,Hot Springs / Underwater Volcano,5.84228,95.288705,PADI_MAP_API
5212,Rubiah Sea Garden,5.882537,95.261024,PADI_MAP_API
5213,Rubiah Utara,5.888439,95.253128,PADI_MAP_API
5217,Shark Plateau,5.900178,95.253954,PADI_MAP_API
5218,Sophie Rickmers,5.845332,95.297652,PADI_MAP_API
5221,To the South - Batee Meuduro,5.767072,95.328283,PADI_MAP_API
5226,RikoRiko Cave,-35.481798,174.734223,PADI_MAP_API
5237,Cemetery Bay,12.18251,109.292797,PADI_MAP_API
5239,Phat Wall,12.564889,109.406641,PADI_MAP_API
5240,Bai Nhau,12.591811,109.396845,PADI_MAP_API
5241,Bai Su,12.575622,109.39972,PADI_MAP_API
5242,Three Kings,12.565308,109.459566,PADI_MAP_API
5260,Neufelder See - Strandbad,47.868214,16.38731,PADI_MAP_API
5262,Gili Biaha,-8.509215,115.614967,PADI_MAP_API
5267,Terembu Tiga,5.90053,102.77401,PADI_MAP_API
5268,SAN CHOI WRECK,5.928063,102.713435,PADI_MAP_API
5274,Lungomare Beach,40.279575,9.635321,PADI_MAP_API
5289,Wreck Afonso Cerqueira,32.649475,-16.988028,PADI_MAP_API
5291,Cha Cha Cha,12.144438,-68.276296,PADI_MAP_API
5295,Turtle Rock,12.07769,-68.866146,PADI_MAP_API
5304,Koh Rok,7.224206,99.066467,PADI_MAP_API
5332,Stalattiti Cave,40.570895,8.207806,PADI_MAP_API
5334,The Dolmen,40.572224,8.152692,PADI_MAP_API
5353,Fantasmi Cave,40.569991,8.20698,PADI_MAP_API
5354,Madonnina,40.560113,8.163764,PADI_MAP_API
5356,Pozzo Cave,40.571914,8.197775,PADI_MAP_API
5357,Punta Timone,40.568728,8.15134,PADI_MAP_API
5372,KT-12 Stern,40.337124,9.754658,PADI_MAP_API
5373,KT-12 Bow,40.337909,9.749336,PADI_MAP_API
5374,Bramassa,40.573805,8.197474,PADI_MAP_API
5375,Capo Galera Diving Center House Reef,40.570195,8.243748,PADI_MAP_API
5376,Cervi Cave,40.568198,8.204813,PADI_MAP_API
5377,Falco Cave,40.569208,8.220606,PADI_MAP_API
5378,The Colonnade,40.566959,8.156919,PADI_MAP_API
5379,Scoglio d'Inferno,40.57277,8.156834,PADI_MAP_API
5380,Nereo Cave & Arches of Nereo,40.562061,8.161726,PADI_MAP_API
5381,The Tunnel & The Fjord,40.563006,8.161908,PADI_MAP_API
5382,The Canyon,40.562631,8.161136,PADI_MAP_API
5383,Nasello,40.220699,9.655008,PADI_MAP_API
5386,Galleria,40.212047,9.627371,PADI_MAP_API
5395,Hin Klai (Garan heng),7.694746,98.781767,PADI_MAP_API
5425,Koh Talang Steps,6.489386,99.33207,PADI_MAP_API
5426,Barracuda Point,12.064744,-68.853368,PADI_MAP_API
5428,Obyan,15.105676,145.7392,PADI_MAP_API
5429,East Bay,15.156591,145.770078,PADI_MAP_API
5430,Ship Wreck (Showan Maru),15.235413,145.716434,PADI_MAP_API
5431,Sub Chaser,15.232701,145.721905,PADI_MAP_API
5432,H8K Japanese Sea Reconnaissance Plane,15.240436,145.729254,PADI_MAP_API
5433,Papatheo Shipwreck,-5.577802,106.602702,PADI_MAP_API
5435,Koh Ha Lagoon,7.429422,98.895394,PADI_MAP_API
5438,Palong Wall,7.687006,98.763227,PADI_MAP_API
5474,Laem Thien,10.087854,99.856281,PADI_MAP_API
5476,Richterswil Horn,47.212,8.704,PADI_MAP_API
5478,La Bayonnaise,42.916175,-9.263277,PADI_MAP_API
5507,The Great Blue Hole,17.318029,-87.534771,PADI_MAP_API
5510,Madigaa,4.321485,73.005352,PADI_MAP_API
5516,Altes Emser Bad,47.373187,9.665651,PADI_MAP_API
5527,The Aquarium,17.225424,-87.594541,PADI_MAP_API
5534,Fiesa beach,45.525465,13.580625,PADI_MAP_API
5540,Cala Incina Right Side,40.979311,17.258416,PADI_MAP_API
5544,Octopus Reef,5.9166,80.52,PADI_MAP_API
5555,Puerto Cabello (Isla Larga),10.486968,-67.943916,PADI_MAP_API
5564,WHITE ROCK BATTICALOA,7.7246,81.738281,PADI_MAP_API
5580,"Elizabeth Park, Trenton Channel",42.134967,-83.176267,PADI_MAP_API
5586,La Catedral,38.951091,1.52769,PADI_MAP_API
5587,The Arches of Cala Olivera,38.930446,1.501286,PADI_MAP_API
5588,Bajo del Lladó north,38.911406,1.503282,PADI_MAP_API
5590,Bajo de las Xelles,38.885538,1.436527,PADI_MAP_API
5591,Plataforma Mariana,38.788814,1.473541,PADI_MAP_API
5603,Beras Laut,6.241586,99.706078,PADI_MAP_API
5604,Focacciola,42.71448,10.370235,PADI_MAP_API
5605,PIANOSA - Area marina protetta,42.592522,10.102615,PADI_MAP_API
5607,HMS HERMES,7.761001,81.706009,PADI_MAP_API
5608,CAPO FONZA,42.734153,10.287066,PADI_MAP_API
5609,CORBELLA,42.734121,10.319681,PADI_MAP_API
5610,Mansfield Dam,30.394801,-97.906605,PADI_MAP_API
5633,Waecicu and Sture,-8.463543,119.870968,PADI_MAP_API
5634,Aldens Cave - Flinders Reef,-26.978983,153.487018,PADI_MAP_API
5636,Curtin Artificial Reef - Moreton Bay,-27.110288,153.364849,PADI_MAP_API
5637,Eastern Reach - Manta Bommie,-27.424043,153.548484,PADI_MAP_API
5656,Grotta Totò,38.703132,13.1937,PADI_MAP_API
5676,Cannibal Rock,-8.79144,119.667549,PADI_MAP_API
5684,Blue Haze,34.977988,34.023113,PADI_MAP_API
5687,HMS Cricket Wreck,34.952368,33.835144,PADI_MAP_API
5701,Floreana,-1.227628,-90.431213,PADI_MAP_API
5702,Bartolomé/Cousin Rocks,-0.372159,-90.567169,PADI_MAP_API
5703,North Seymour Island,-0.318603,-90.258179,PADI_MAP_API
5704,Gordon Rocks,-0.554802,-90.071411,PADI_MAP_API
5705,Daphne,-0.396878,-90.350876,PADI_MAP_API
5706,Mosquera,-0.400998,-90.279807,PADI_MAP_API
5714,Barracuda reef,36.617663,27.133827,PADI_MAP_API
5715,The well,36.61415,27.143612,PADI_MAP_API
5716,The Volcanic Fault,36.676955,27.149448,PADI_MAP_API
5717,Volcano bubbles,36.657127,27.139063,PADI_MAP_API
5718,Miracle Waters,-25.67698,27.757999,PADI_MAP_API
5719,4 Mile Reef,-27.485888,32.692738,PADI_MAP_API
5720,VELIGANDU EAST,4.295444,73.014193,PADI_MAP_API
5745,Matapalo Rock,8.368692,-83.286946,PADI_MAP_API
5746,Chankanaab Shallows,20.45098,-86.991978,PADI_MAP_API
5748,Piscina Ciudad de los Periodistas,40.483695,-3.710203,PADI_MAP_API
5749,Piscina cubierta Colegio Virgen de Mirasierra,40.484333,-3.713357,PADI_MAP_API
5751,Agincourt Ribbon Reefs,-16.036575,145.856552,PADI_MAP_API
5752,Barracuda Bommie,-16.014466,145.848312,PADI_MAP_API
5753,Tweed River,-28.169726,153.5496,PADI_MAP_API
5754,The Wedge,-16.241973,145.866283,PADI_MAP_API
5755,Castle Rock,-16.054722,145.866165,PADI_MAP_API
5761,2ª Ensenada  Reserva Marina del Cabo de San Antonio,38.804659,0.195125,PADI_MAP_API
5762,1ª Ensenada de la Reserva Marina del Cabo De San Antonio,38.806774,0.192175,PADI_MAP_API
5787,Halfmoon Bay,26.132516,49.99644,PADI_MAP_API
5794,Cedar Pride,29.43074,34.973688,PADI_MAP_API
5795,Cave,29.417152,34.973881,PADI_MAP_API
5800,Angthong Marine Park,9.774025,99.681702,PADI_MAP_API
5810,Koh Ma,9.800752,99.976873,PADI_MAP_API
5813,Power Station,29.482307,34.982293,PADI_MAP_API
5814,FIRST BAY NORTH,29.449968,34.9696,PADI_MAP_API
5815,FIRST BAY SOUTH,29.44867,34.969225,PADI_MAP_API
5817,KING ABDULLAH REEF,29.440523,34.969397,PADI_MAP_API
5818,Underwater Military Museum,29.446194,34.967004,PADI_MAP_API
5819,BLACK ROCK,29.434075,34.972562,PADI_MAP_API
5820,RAINBOW REEF,29.431721,34.973999,PADI_MAP_API
5823,Grüblsee,47.516405,14.957539,PADI_MAP_API
5827,Habtoor Grand Resort - Scuba Shade Training Site,25.088903,55.135617,PADI_MAP_API
5832,Fan Canyon,2.910511,104.113355,PADI_MAP_API
5833,KM Sipadan Wreck,2.841633,104.143782,PADI_MAP_API
5849,Something Special,12.159028,-68.281049,PADI_MAP_API
5850,Cliff,12.174455,-68.290361,PADI_MAP_API
5854,Los Arcos,20.546651,-105.291553,PADI_MAP_API
5893,Green Bay,35.001,34.06,PADI_MAP_API
5896,Raggies Cave,-30.2618,30.8278,PADI_MAP_API
5897,Bass Lake,-26.5,28.1,PADI_MAP_API
5902,Milln Reef,-16.784492,146.275406,PADI_MAP_API
5903,Pellowe Reef,-16.85482,146.350594,PADI_MAP_API
5904,Thetford Reef,-16.7217,146.066666,PADI_MAP_API
5905,Flynn Reef,-16.734523,146.271973,PADI_MAP_API
5913,Coral Gardens,-16.735633,146.262875,PADI_MAP_API
5914,Tennis courts,-16.734164,146.26531,PADI_MAP_API
5915,Ski Slopes,-16.726509,146.268754,PADI_MAP_API
5916,Gordons Mooring,-16.733116,146.267402,PADI_MAP_API
5922,Little Tracey's,-16.729633,146.267767,PADI_MAP_API
5923,Boulders,-16.737564,146.265492,PADI_MAP_API
5924,Three Sisters,-16.780999,146.27399,PADI_MAP_API
5932,Petaj,-16.787244,146.268969,PADI_MAP_API
5933,Pools,-16.79238,146.264935,PADI_MAP_API
5934,The Wild Side,-16.796982,146.268883,PADI_MAP_API
5937,The Whale,-16.783916,146.270857,PADI_MAP_API
5939,Cyclops Cave,34.986,34.07,PADI_MAP_API
5948,Cyclops,34.986374,34.078496,PADI_MAP_API
5958,Liberty wreck,35.040257,34.047318,PADI_MAP_API
5959,Nemesis wreck,35.042681,34.040365,PADI_MAP_API
5961,De Costa Bay,35.007099,34.062252,PADI_MAP_API
5962,MUSAN,34.982823,33.983835,PADI_MAP_API
5967,Bjarnagjá,63.827525,-22.474723,PADI_MAP_API
5969,El Peñon de San Cristobal,36.725677,-3.694732,PADI_MAP_API
5971,Zamami Island,26.228797,127.329354,PADI_MAP_API
5989,Mundoo Kandu,2.019543,73.537374,PADI_MAP_API
6004,Azul House reef,32.641381,-16.918312,PADI_MAP_API
6019,Alice in Wonderland,12.37509,-69.158335,PADI_MAP_API
6020,Watamula,12.383012,-69.161639,PADI_MAP_API
6021,Elvin's Plane Wreck,12.379575,-69.163013,PADI_MAP_API
6022,Playa Lagun,12.318242,-69.151511,PADI_MAP_API
6023,Santa Cruz,12.305664,-69.149966,PADI_MAP_API
6025,Blue Room,12.300171,-69.155416,PADI_MAP_API
6026,Sponge Forest,12.298578,-69.155803,PADI_MAP_API
6027,Boca Hulu,12.287634,-69.152906,PADI_MAP_API
6028,Scooter or Dwains Release,12.28277,-69.150825,PADI_MAP_API
6038,Veril Chico Jandia,28.042649,-14.336343,PADI_MAP_API
6039,El Cañon,28.049031,-14.383507,PADI_MAP_API
6043,Santa Martha Bay,12.267579,-69.128294,PADI_MAP_API
6044,Playa Largu,12.245436,-69.105527,PADI_MAP_API
6053,Artificial Reef,35.041065,34.043112,PADI_MAP_API
6062,Isla Fuerte,9.396226,-76.179886,PADI_MAP_API
6066,Lake Bled watersports.si spot,46.362,14.08,PADI_MAP_API
6079,Viking wreck,45.74818179089374,10.796612966805698,PADI_MAP_API
6089,Kyrenia wreck,34.981206,33.979383,PADI_MAP_API
6090,Haleiwa Trench,21.594,-158.0,PADI_MAP_API
6102,Cow Rock,18.303796464793226,-64.84785854816438,PADI_MAP_API
6114,La Torre Cable,36.5063160867362,-4.8708271980285645,PADI_MAP_API
6127,"Playa Los Tubos, Manatí, PR",18.471112,-66.448971,PADI_MAP_API
6128,"Playa Los Tubos, Manatí",18.471204,-66.449025,PADI_MAP_API
6158,Balluta Bay/Reef,35.915548,14.49469,PADI_MAP_API
6159,The Anchors,37.74267188691579,-25.637841224670414,PADI_MAP_API
6160,Aramoana Mole,-45.77354619116292,170.7155740633607,PADI_MAP_API
6161,Vinkeveen Zandeiland 4,52.23469913128728,4.960799217224122,PADI_MAP_API
6164,Tiger Island,33.21865629601743,126.51662349700929,PADI_MAP_API
6165,El Jardín de San Andrés,36.99316140882409,-1.8880605697631838,PADI_MAP_API
6166,Playa Fosil,41.018231051390124,0.9855253994464875,PADI_MAP_API
6175,Tre Pietrazze,38.264012,15.23661,PADI_MAP_API
6182,섶섬 작은한개창,33.23204685703203,126.59859180450441,PADI_MAP_API
6184,Cromhall Quarry,51.623798404483146,-2.427163124084473,PADI_MAP_API
6200,Aurora Reservoir,39.61815223149639,-104.65388417243959,PADI_MAP_API
6202,Vraky pod vyhlídkou - Slapy,49.800391094658444,14.434474110603334,PADI_MAP_API
6203,Welluore Rock,8.684666264863576,81.21586571331136,PADI_MAP_API
6204,Sithanane Pare,8.696826578229764,81.23692057211883,PADI_MAP_API
6208,Aphrodities Beach,34.70828050318263,33.12871456146241,PADI_MAP_API
6236,Calf Rock,18.304025649800458,-64.84529435634614,PADI_MAP_API
6237,Castle Reef,18.312994184911062,-64.8512649536133,PADI_MAP_API
6238,Straggler's,18.30368441867933,-64.83620166778566,PADI_MAP_API
6239,Ledges of Little St. James,18.298815435727356,-64.82977509498598,PADI_MAP_API
6240,Grass Cay,18.35741748253257,-64.83259677886964,PADI_MAP_API
6241,Squidville,18.358883806599163,-64.8287343978882,PADI_MAP_API
6242,Mingo Pass,18.361123999876106,-64.81289863586427,PADI_MAP_API
6244,Jaws,18.359250385670006,-64.83701705932619,PADI_MAP_API
6245,Congo,18.366989095481795,-64.80792045593263,PADI_MAP_API
6246,Carval Rock,18.36920881925572,-64.79530334472658,PADI_MAP_API
6247,Wreck of Cartanza Senora,18.276169811725442,-64.8973560333252,PADI_MAP_API
6251,Yanui beach,7.7686547099136805,98.30549240112305,PADI_MAP_API
6252,Mai Thon,7.757662767539553,98.47502946853639,PADI_MAP_API
6253,Anemone Reef,7.8074750098550005,98.62748622894289,PADI_MAP_API
6254,King Cruiser Wreck,7.801479995920008,98.64306449890138,PADI_MAP_API
6276,Zwembad Almere Stad,52.3698,5.202,PADI_MAP_API
6280,Trumpet Fish Cave,28.1411971632077,-16.43586874008179,PADI_MAP_API
6281,Reserva Marina del Cavet,41.06369119469641,1.0784604214131834,PADI_MAP_API
6283,Pecio La Dragonera,41.08859123819753,1.2293750792741776,PADI_MAP_API
6284,Garajau Beach,32.636487579549666,-16.853336803615097,PADI_MAP_API
6287,Aqua92,48.94240363709708,2.317428588867188,PADI_MAP_API
6309,The Great White Wall,-16.77542275460655,179.89901952445513,PADI_MAP_API
6310,Irako,11.968210967699552,120.04026889801027,PADI_MAP_API
6311,Dimanglet,11.960497210058868,120.15829682350157,PADI_MAP_API
6312,Cathederals,-16.767727397190626,146.22079415691536,PADI_MAP_API
6314,Satang Island,1.7843889845058944,110.16321659088135,PADI_MAP_API
6315,Sorido Wall,-0.553472451200273,130.68756482035076,PADI_MAP_API
6316,South Kri,-0.5576637329635709,130.6885715574608,PADI_MAP_API
6317,Ransiwor,-0.5675277000222313,130.65961944238308,PADI_MAP_API
6318,Cape Mansuar,-0.5730848788977218,130.65990814143157,PADI_MAP_API
6320,Kuburan,-0.5621509439643233,130.6644912368371,PADI_MAP_API
6366,Piattaforme SBL,45.63134056789671,10.60507893562317,PADI_MAP_API
6367,Abades Mountain,28.141841,-16.439943,PADI_MAP_API
6368,"Arild, Kullaberg",56.277721326561476,12.570987939834595,PADI_MAP_API
6369,Lost Anchor,-19.9449,57.62124,PADI_MAP_API
6370,Confetti Bay,-19.9422,57.6198,PADI_MAP_API
6377,White River,34.91225866131649,32.32542514801026,PADI_MAP_API
6378,Milimani South,-7.935985613111548,39.78939056396485,PADI_MAP_API
6379,Hillsborough Leisure Centre,53.40861091042435,-1.4957714080810547,PADI_MAP_API
6380,"Ransvik, Kullaberg",56.29134692478438,12.476434707641603,PADI_MAP_API
6381,Mercers Lake,47.372918935659285,8.516979218838971,PADI_MAP_API
6383,Las Eras,28.193610014345882,-16.42247915267944,PADI_MAP_API
6384,El Poris,28.164212228756934,-16.4285409450531,PADI_MAP_API
6385,Turtle Viilage,28.140090272138647,-16.43886208534241,PADI_MAP_API
6388,El Meridian,28.013952924856746,-16.716299057006832,PADI_MAP_API
6390,Cueva de las Morenas,28.029826446401902,-16.70991539955139,PADI_MAP_API
6391,Alcala Reef,28.201018,-16.82981,PADI_MAP_API
6392,Atlantis,28.2469706546395,-16.848456859588623,PADI_MAP_API
6393,Barranco Seco Arch,28.26785576264708,-16.850109100341797,PADI_MAP_API
6394,Garachico,28.370983213517746,-16.768087148666382,PADI_MAP_API
6395,San Marcos,28.378374623545504,-16.72492504119873,PADI_MAP_API
6396,Chimney,28.41888134886997,-16.56570911538438,PADI_MAP_API
6397,Bollullo,28.421797008884887,-16.523770094245265,PADI_MAP_API
6398,Semiramis,28.420900617107513,-16.530711651503225,PADI_MAP_API
6399,Bastion,28.420249548785886,-16.533297300666163,PADI_MAP_API
6400,El Avion,28.48423323428282,-16.451168060302738,PADI_MAP_API
6401,Tunnel,28.439572305978366,-16.487882137626002,PADI_MAP_API
6402,La Rapadura,28.441694952349078,-16.495306491851807,PADI_MAP_API
6403,Guimar,28.299544165609113,-16.345596313476566,PADI_MAP_API
6404,Central Electrica,28.376448941809535,-16.358814239501957,PADI_MAP_API
6405,Añaza,28.420579801279214,-16.291909217834476,PADI_MAP_API
6406,La Nea,28.40325430703335,-16.316370964050297,PADI_MAP_API
6407,Bocacangrejo,28.405519238538222,-16.313967704772953,PADI_MAP_API
6408,Radazul - La Cruz,28.400007820774036,-16.324337124824524,PADI_MAP_API
6409,Radazul,28.40123470230956,-16.323784590094874,PADI_MAP_API
6437,"Shchelkovo, Dolomite quarry, Fifth element",55.9173391842349,38.03785103335178,PADI_MAP_API
6438,Mwana  Wa Mwana,-5.756927,39.218664,PADI_MAP_API
6439,Shetani,-5.803019,39.215201,PADI_MAP_API
6440,Hunga,-5.723511,39.242812,PADI_MAP_API
6441,Mbwangawa,-5.706649,39.307188,PADI_MAP_API
6442,Kichafi,-5.710476,39.31421,PADI_MAP_API
6443,Kichuani Wall,-5.838556,39.392384,PADI_MAP_API
6444,Wattabomi,-5.8348,39.386878,PADI_MAP_API
6446,Aquarium,-5.830319,39.383237,PADI_MAP_API
6447,Big Wall,-5.807764,39.418671,PADI_MAP_API
6448,Nankiville,-5.730206,39.239652,PADI_MAP_API
6450,Leven Bank,-5.634618,39.298309,PADI_MAP_API
6451,Muyuni Plate Corals,-5.815856,39.362162,PADI_MAP_API
6452,Leon's Wall,-5.815856,39.362162,PADI_MAP_API
6453,Eden Rock,19.29258514126192,-81.3870406150818,PADI_MAP_API
6454,Small Wall,-5.840152,39.399972,PADI_MAP_API
6456,Ametatu,-5.708492,39.3082,PADI_MAP_API
6457,Haji,-5.731314,39.33544,PADI_MAP_API
6459,Devil's Grotto,19.292544209842315,-81.38723373413087,PADI_MAP_API
6460,Stingray Champagne,36.65086138598754,27.118935585021976,PADI_MAP_API
6461,Pali corner,36.621589933480166,27.167043685913086,PADI_MAP_API
6463,Shrimp cave,36.59434027596866,27.037267684936527,PADI_MAP_API
6465,Pachia ammos bulders,36.5871042364438,27.21596717834473,PADI_MAP_API
6467,Kateros reef,36.581935221411065,27.118549346923828,PADI_MAP_API
6468,BARRERA PRECOLARINA,39.56510661320083,-0.24345874786376956,PADI_MAP_API
6469,SS COILA,39.54419565264873,-0.14913082122802737,PADI_MAP_API
6496,Cathedral Cavern,11.809640459587918,120.26385784149171,PADI_MAP_API
6497,Coron Virgin,11.83001221166875,120.24521112442018,PADI_MAP_API
6498,Alcatraz,11.981225326058674,120.2380657196045,PADI_MAP_API
6499,Skeleton Wreck,11.941226162547089,120.19182443618776,PADI_MAP_API
6501,Siete Picados,11.984668310662297,120.23098468780519,PADI_MAP_API
6502,Barracuda Lake,11.956246880405637,120.21690845489503,PADI_MAP_API
6504,Aow Leuk,10.072305,99.840059,PADI_MAP_API
6506,Hin Wong Bay,10.102261390296658,99.8505735397339,PADI_MAP_API
6508,Gl. Færgehavn,55.51973336175402,9.716087579727175,PADI_MAP_API
6509,Ammoniakhavnen,55.52442208225651,9.741246700286867,PADI_MAP_API
6511,Agios Savvas,36.61362875828801,27.135769128799442,PADI_MAP_API
6513,Strongyli island,36.67819431899474,27.17897415161133,PADI_MAP_API
6515,Kaloutsi reef,36.636054864615375,27.114300727844242,PADI_MAP_API
6536,Hin Wong Pinnacles,10.112612,99.852161,PADI_MAP_API
6540,Hin Pee Wee,10.103106389102482,99.8151683807373,PADI_MAP_API
6541,Qarooh Island,28.8175,48.776,PADI_MAP_API
6544,Macro Jetty,-8.143462,114.660813,PADI_MAP_API
6545,Tanote Bay,10.083438,99.849222,PADI_MAP_API
6546,Southwest,10.021258,99.758949,PADI_MAP_API
6557,The Zenobia Wreck,34.885,33.74,PADI_MAP_API
6559,Lighthouse Bay,10.121823,99.845123,PADI_MAP_API
6561,Hin Ngam,10.067403,99.84066,PADI_MAP_API
6617,Alexander Springs,29.068323584255104,-81.48817062377931,PADI_MAP_API
6618,Jardin del Eden,20.492351094632156,-87.25813865661621,PADI_MAP_API
6620,Garden of Eden,20.49227069538013,-87.2582244873047,PADI_MAP_API
6621,Cenote Dos Ojos,20.324828472932236,-87.39058613777162,PADI_MAP_API
6622,Oil Rig Reef,5.072478,114.955444,PADI_MAP_API
6623,Blue Water Wreck,5.1545,115.0,PADI_MAP_API
6624,Australian Wreck,5.12155,115.113201,PADI_MAP_API
6625,Dofí,42.04376336958625,3.22648286819458,PADI_MAP_API
6626,Guix,42.04948384399496,3.219895362854004,PADI_MAP_API
6627,L'Embarcador del Francès,42.049459943362926,3.221955299377441,PADI_MAP_API
6628,La Vaca,42.04758769924429,3.2257962226867676,PADI_MAP_API
6629,Les Ferranelles,42.04210608857551,3.2255494594573975,PADI_MAP_API
6630,Pedra de Deu,42.04965911502184,3.2238757610321045,PADI_MAP_API
6632,Pota del Llop,42.04939620830018,3.225206136703491,PADI_MAP_API
6633,Punta Salinas,42.06038159519537,3.2138442993164062,PADI_MAP_API
6636,MS Jojo,9.70186587919941,122.4166202545166,PADI_MAP_API
6637,Napoleon Reef,-8.132249,114.674784,PADI_MAP_API
6638,Juliens Wreck,9.825955603884625,122.36692428588869,PADI_MAP_API
6640,Lac des ciments,49.13635212313637,2.27738629320811,PADI_MAP_API
6642,Eva's Point,9.691755651952631,122.39751219749452,PADI_MAP_API
6643,Akitsushima,11.986840687067929,119.9734604358673,PADI_MAP_API
6644,Okikawa Maru,12.018124160943728,119.9696946144104,PADI_MAP_API
6645,Kogyo Maru,11.980343532028353,120.03983974456789,PADI_MAP_API
6646,Olympia Maru,11.970730539079495,120.06125450134277,PADI_MAP_API
6647,Ekkai Maru aka Morazan,11.98819422111397,120.03735065460206,PADI_MAP_API
6650,Pilot Reef,12.0244,93.041733,PADI_MAP_API
6651,Cathedral Tower,9.833905239826654,122.36550807952882,PADI_MAP_API
6652,Pigeon Rocks,8.715624445395239,81.20267997903284,PADI_MAP_API
6653,Inchkeith Wreck,12.006633,92.78065,PADI_MAP_API
6654,Turtle Island South Pt.,9.827890173841958,122.36778259277345,PADI_MAP_API
6655,Eva's Pt. Extension,9.692083498831098,122.39827394485475,PADI_MAP_API
6656,Manta Drop,9.70254270360706,122.38374710083009,PADI_MAP_API
6657,Habuk Habuk,9.693320853518076,122.39269495010377,PADI_MAP_API
6658,Villamor,9.623725798624948,122.44181156158449,PADI_MAP_API
6659,Kevin's Reef,9.701633220493584,122.38632202148439,PADI_MAP_API
6662,White House Rock,12.021867,92.80105,PADI_MAP_API
6663,Toscana Reef,9.698101018485566,122.38832831382753,PADI_MAP_API
6664,Disneyland,9.700977545090003,122.38748073577882,PADI_MAP_API
6673,espigon wela A,41.370432106777585,2.191987037658692,PADI_MAP_API
6690,Clement's Reef,6.019360793871864,116.00536823272706,PADI_MAP_API
6691,Jackson's Bar,12.123133,93.161033,PADI_MAP_API
6692,Drum and Drumsticks,-35.04489492214619,150.84159851074222,PADI_MAP_API
6703,The Wall,-35.11211542101926,150.76752662658694,PADI_MAP_API
6704,Johnny's Gorge,12.0642,93.156967,PADI_MAP_API
6705,The Docks,-35.08068953194343,150.79743862152102,PADI_MAP_API
6706,Broken Ledge,12.113783,93.14525,PADI_MAP_API
6707,Minerva Ledge,12.063367,93.151967,PADI_MAP_API
6708,The Nursery,-35.113730279086745,150.76709747314456,PADI_MAP_API
6710,Relitto Viking,45.74858630644737,10.796830225735905,PADI_MAP_API
6712,Ma Asin,9.680799036588873,122.39640712738039,PADI_MAP_API
6713,Spiral Drop,9.681645120013103,122.40056991577148,PADI_MAP_API
6714,Les magnons,43.078637185641796,5.760183334350586,PADI_MAP_API
6717,Sampalan,-8.697051483429451,115.58329582214357,PADI_MAP_API
6719,Southern Broward County Reefs,26.11313438243985,-80.09629726409914,PADI_MAP_API
6727,SS Panay,9.697720299879489,122.41207122802734,PADI_MAP_API
6730,Muelle de Garachico,28.371668578651462,-16.768289923929846,PADI_MAP_API
6732,Timi beach,34.712831,32.611885,PADI_MAP_API
6749,Rays Rise,18.30299176836625,-64.83216762542726,PADI_MAP_API
6750,Mingo Mounds,18.359230020186494,-64.82036590576173,PADI_MAP_API
6752,El cristo,17.623674858820813,-101.5515661239624,PADI_MAP_API
6758,Aquarium,11.99240351652385,92.92835672051298,PADI_MAP_API
6759,Slope,12.057750086652046,92.96082216565993,PADI_MAP_API
6760,Magic Point,-33.959913,151.264429,PADI_MAP_API
6761,Martin Island,-34.49,150.9,PADI_MAP_API
6781,Komati Springs,-25.928938,30.71021,PADI_MAP_API
6823,Le Aragoste,43.46366787793959,10.344939529895784,PADI_MAP_API
6869,Loch Low-Minn Quarry,35.48219070307435,-84.5095181465149,PADI_MAP_API
6870,Isola dell'Olivo,45.755438,10.795436,PADI_MAP_API
6876,Cagaires,39.80304083447402,4.295314222108574,PADI_MAP_API
6877,Catedral,39.82486367673643,4.208127233323467,PADI_MAP_API
6881,Cave Bay,-36.83140901978955,175.81905841827395,PADI_MAP_API
6882,Spectacle Reef,-36.828214443570516,175.82365036010745,PADI_MAP_API
6887,숲섬,33.229893017740245,126.59910678863527,PADI_MAP_API
6888,K-26 Dive pool,37.702081702824294,127.51708745956422,PADI_MAP_API
6889,월드컵스킨스쿠버다이빙풀,37.290331962740396,127.03466534614564,PADI_MAP_API
6907,Hapuka Rock (Hereheretaura Pinnacle),-36.838312970742784,175.8284568786621,PADI_MAP_API
6908,Russ' Ravine,-36.830069375034796,175.82253456115725,PADI_MAP_API
6909,South Sunk,-36.81725569017925,175.81729888916016,PADI_MAP_API
6926,Acuario,28.184158398855736,-16.82292222976685,PADI_MAP_API
6927,Doodles,-26.839522765915735,32.89068460464478,PADI_MAP_API
6928,Los Chuchos,28.178711165398152,-16.815776824951175,PADI_MAP_API
6929,Den Osse Nieuwe Kerkweg,51.74260767490677,3.8795127873891038,PADI_MAP_API
6985,Shipwreck Bay,-36.828832759055594,175.82141876220703,PADI_MAP_API
6986,Okorotere Island,-36.82577548376294,175.81940174102783,PADI_MAP_API
6988,Tuffy Inn,17.906589727005976,-87.9623794555664,PADI_MAP_API
6989,El Venado,-12.488537670498104,-76.7983388900757,PADI_MAP_API
6992,The Long Drop,-36.824538798382456,175.8213758468628,PADI_MAP_API
7002,Snoopy Deep Reef,25.491629,56.374369,PADI_MAP_API
7015,Jardin de corail,16.167470562168837,-61.788199425791404,PADI_MAP_API
7017,Organ Loft,39.825479021321755,4.207109212875367,PADI_MAP_API
7027,Frankton Pier,-38.145543201077835,145.11358022689822,PADI_MAP_API
7028,Flinders Reef,-26.974097380304222,153.47969055175784,PADI_MAP_API
7029,Murex House Reef,1.458211729403117,124.7624296322465,PADI_MAP_API
7067,Cuevitas,20.257929543616275,-87.38677740097046,PADI_MAP_API
7070,Cromhall,51.623649579229536,-2.425960320979357,PADI_MAP_API
7073,Ios Shipwreck,36.711865,25.265486,PADI_MAP_API
7081,Parete del Baitone,45.812193,10.852411,PADI_MAP_API
7089,Villingili Coral Garden,-0.678733,73.200359,PADI_MAP_API
7090,Demon Point,-0.578146,73.093071,PADI_MAP_API
7091,Kottey Corner,-0.5826086731053001,73.0704116821289,PADI_MAP_API
7093,Bodu Hohola,-0.598057,73.102684,PADI_MAP_API
7094,Marc's Dream,-0.6189988836497611,73.14456939697266,PADI_MAP_API
7181,Lady Thetis Wreck,34.68404023638139,33.105926513671875,PADI_MAP_API
7182,Akrotiri Fish Reserve,34.572978927434285,33.03202629089356,PADI_MAP_API
7183,The Belltower (Tom's Belfry) / El Campanario,39.82534718546457,4.207806587219239,PADI_MAP_API
7184,Tunnel Vision,40.00012825404302,3.79478394985199,PADI_MAP_API
7185,Bathala Thila,4.070846188648902,72.94733047485353,PADI_MAP_API
7186,S'Olla,40.085656,4.096141,PADI_MAP_API
7188,Moon Pool / Pozo de la Luna,39.826809725341974,4.205853939056397,PADI_MAP_API
7189,Pont d'en Gil,40.01146096940992,3.7945318222045903,PADI_MAP_API
7190,PUNTA D'EN SIULET / MACARET POINT,40.022224895631346,4.202098846435547,PADI_MAP_API
7192,La Catedral,39.82514943120441,4.208021163940431,PADI_MAP_API
7195,Submarine Rock / El Submarino,39.99746121764687,3.800556063652039,PADI_MAP_API
7198,Relitto Toikosan Maru,37.59099228651526,15.1770544052124,PADI_MAP_API
7199,Malepasso,40.05200505562283,18.4779435954988,PADI_MAP_API
7200,Male' Caves Divesite,4.176056,73.501664,PADI_MAP_API
7201,LIDADOR,38.650034,-27.221278,PADI_MAP_API
7202,Cinco Ribeiras,38.674865,-27.328137,PADI_MAP_API
7204,Scoglio dei Barracuda,41.251999258906714,9.334637549472975,PADI_MAP_API
7205,Siaba Besar,-8.54826,119.648838,PADI_MAP_API
7208,Malvin Sur,38.884085,1.43466,PADI_MAP_API
7209,Malvin Norte,38.88866953978596,1.4380288124084473,PADI_MAP_API
7210,Xelles,38.885454,1.435132,PADI_MAP_API
7211,Dado Pequeño,38.882147,1.477833,PADI_MAP_API
7212,Esponja,38.875131319009185,1.4260768890380862,PADI_MAP_API
7239,Cala de los frailes,43.392184948314444,-1.7899560928344727,PADI_MAP_API
7240,Cala Punta Santa Ana,41.673213,2.802913,PADI_MAP_API
7241,Henry Head,-33.998526518837224,151.23762163473714,PADI_MAP_API
7242,Ship Rock Aquatic Reserve,-34.0689620249003,151.12983463160683,PADI_MAP_API
7243,Whale Watching Platform,-34.016709,151.232948,PADI_MAP_API
7244,The Steps,-34.00287504645571,151.22570917598108,PADI_MAP_API
7245,Sutherland Point,-34.00140404780075,151.22284858217006,PADI_MAP_API
7246,Blue Fish Point,-33.80600313452267,151.30675792694092,PADI_MAP_API
7247,Fairy Bower,-33.80054705968922,151.2937438488007,PADI_MAP_API
7248,Little Manly,-33.8066628324154,151.28699541091922,PADI_MAP_API
7250,Fairlight,-33.80013694850564,151.27441048622134,PADI_MAP_API
7251,Clifton Gardens,-33.8400609,151.2533267,PADI_MAP_API
7254,The Monument,-34.001798580091666,151.22047662734988,PADI_MAP_API
7256,Dragons Lair,-33.990967,151.2556,PADI_MAP_API
7287,Shelly Beach,-33.800495,151.297617,PADI_MAP_API
7288,Acuario I,36.9936455670859,-1.8858450651168823,PADI_MAP_API
7289,El Motor,36.98964795565118,-1.884874105453491,PADI_MAP_API
7293,Carrière de Rochefontaine,50.18313,4.640769,PADI_MAP_API
7302,Nekker,51.02171882393094,4.50615406036377,PADI_MAP_API
7306,Black Rock,20.927652350307323,-156.69692516326907,PADI_MAP_API
7307,Airport Beach,20.93602973751564,-156.6929340362549,PADI_MAP_API
7323,Honolua Bay,21.013969054545925,-156.6382169723511,PADI_MAP_API
7324,Olowalu Beach,20.803479944354223,-156.59624576568606,PADI_MAP_API
7325,Carthaginian II Wreck,20.859894559917976,-156.67808532714847,PADI_MAP_API
7326,Mala Wharf,20.886079154454404,-156.68760180473328,PADI_MAP_API
7328,Manta Road,6.994074178759654,158.29951286315918,PADI_MAP_API
7329,Dauhauk Bridge,6.904699255445902,158.09283256530765,PADI_MAP_API
7330,Areu Passage Inner Reef Wall,6.938696103854242,158.3207988739014,PADI_MAP_API
7331,Villa con Ingresso a Protiro,40.82076629812721,14.075427409261469,PADI_MAP_API
7332,Terme del lacus,40.821216654837336,14.07585815526545,PADI_MAP_API
7333,Secca delle Fumose,40.82299042794513,14.08839794341475,PADI_MAP_API
7334,Portus Julius,40.82909943180114,14.095197133719923,PADI_MAP_API
7336,BATU BOLONG,8.536456,119.613899,PADI_MAP_API
7347,Secca del Trimelone,45.733235,10.778575,PADI_MAP_API
7348,Lightning Corner / Es Racó des Llamp /  Las Cuatro Cuevas,40.06759547761235,4.144549369812013,PADI_MAP_API
7349,Cueva de los Ingleses / English Cave,40.06736557976783,4.149184226989747,PADI_MAP_API
7350,Cala Viola,40.07757886403202,4.089574813842774,PADI_MAP_API
7352,La LLosa del Patró Pere,40.08509827752617,4.099960327148438,PADI_MAP_API
7353,JU-88,39.81809582375022,4.308700561523438,PADI_MAP_API
7355,Fossil Cave / Els Fossils,39.82644306333922,4.206079244613648,PADI_MAP_API
7376,Anar Dive Center house reef,27.87690408817741,34.31991577148438,PADI_MAP_API
7392,2 Mile reef,-27.528671565558046,32.68346786499024,PADI_MAP_API
7393,9 Mile Reef,-27.428956564824777,32.729043960571296,PADI_MAP_API
7394,Simon's Cave,-27.516340582937925,32.68608570098878,PADI_MAP_API
7395,Coral Gardens,-27.521973425572206,32.685871124267585,PADI_MAP_API
7398,5 Mile Reef,-27.484669504681356,32.70269393920899,PADI_MAP_API
7409,Baia delle Tavine,45.59687141504303,10.522112185644803,PADI_MAP_API
7410,Malakoff wreck,39.916912086904624,3.9122486114501958,PADI_MAP_API
7411,Ocean Diver wreck,39.89208965788639,4.050865173339845,PADI_MAP_API
7413,El Queso Suizo / Swiss Cheese,40.024862,4.194492,PADI_MAP_API
7414,First Cathedrals,20.734080885227968,-156.88794136047366,PADI_MAP_API
7439,Wash Rock,20.73479329528508,-156.92067503929138,PADI_MAP_API
7440,Second Cathedral,20.735987327156376,-156.91952705383304,PADI_MAP_API
7441,Hammer Time,21.130821683025605,-156.705014705658,PADI_MAP_API
7442,Molokini Back Wall,20.630655613945073,-156.49477243423465,PADI_MAP_API
7444,Red Hill,20.632382623149482,-156.44896030426028,PADI_MAP_API
7445,Cliff House,21.00419380768146,-156.65991067886355,PADI_MAP_API
7448,Anton's,-27.5317739053029,32.68215178046376,PADI_MAP_API
7449,Osborn Shoals,-34.05,151.1833,PADI_MAP_API
7457,Josie J shipwreck,16.27044207384263,-86.60319685935976,PADI_MAP_API
7475,Marina Del Este Nerja,36.72379968251003,-3.728041649737862,PADI_MAP_API
7491,Tiger shark dive site,-0.30660184920068406,73.44128072261812,PADI_MAP_API
7492,Outside Crystal Cove,20.05520563159177,-155.84672927856448,PADI_MAP_API
7493,Casuarina Point Reef Don Foster's Dive House Reef,19.290541334357552,-81.38837957369107,PADI_MAP_API
7494,Nemo Reef,12.038639,92.98664,PADI_MAP_API
7516,Nashville Quarry,36.0830308667886,-87.02220697639912,PADI_MAP_API
7539,Tarzan Cave,13.417616,144.643814,PADI_MAP_API
7542,Bait Reef,-19.80748886058948,149.07382965087893,PADI_MAP_API
7556,Boiler wreck Batticaloa,7.753177,81.703262,PADI_MAP_API
7559,Edersee,51.200927059237394,9.061035801423715,PADI_MAP_API
7560,Messinghausen See im Berg,51.38602264779116,8.663170593063114,PADI_MAP_API
7562,NIVATI ROCK LIGHT HOUSE,15.889741,73.462315,PADI_MAP_API
7563,H2O Diving Academy Dive Base,47.894205,17.150109,PADI_MAP_API
7564,Deepspot,51.97787557669351,20.524917840957645,PADI_MAP_API
7566,Sundhäuser See,51.481904,10.810464,PADI_MAP_API
7568,Harley Reef,13.463569,144.641137,PADI_MAP_API
7569,Kitsugawa Maru,13.458133,144.652543,PADI_MAP_API
7604,Octopus Reef,13.620935,144.834252,PADI_MAP_API
7605,The Tunnel,13.603458,144.834032,PADI_MAP_API
7608,White Star Quarry,41.37204238266862,-83.31557035446168,PADI_MAP_API
7610,"Munising, Michigan",46.423082320140246,-86.6607141494751,PADI_MAP_API
7611,Coral Gardens,20.77982885968785,-156.54891014099124,PADI_MAP_API
7612,Princesa Alice Bank,38.0933333,-29.542222222222225,PADI_MAP_API
7614,Entre Montes,38.523337682066504,-28.62234592437744,PADI_MAP_API
7637,Condor's bank,38.3352778,-28.990833333333335,PADI_MAP_API
7638,Steps,-26.805456669321305,32.89516925811768,PADI_MAP_API
7639,Ex-HMAS Tobruk,-24.9248943,152.8546201,PADI_MAP_API
7655,SS Tuggerah Wreck,-34.138861,151.150472,PADI_MAP_API
7662,Oak Park,-34.07024021878777,151.15724086761477,PADI_MAP_API
7687,Manchones National Park,21.199147,-86.727587,PADI_MAP_API
7688,MUSA cancun underwater museum,21.227622,-86.759892,PADI_MAP_API
7689,Punta Sur,21.198817,-86.710281,PADI_MAP_API
7702,Quinta do Lorde,32.740685,-16.709862,PADI_MAP_API
7703,Reis Magos,32.647759,-16.82348,PADI_MAP_API
7707,Planet Rock,-5.2572,145.8191,PADI_MAP_API
7713,Cabbage Patch,-16.76988972539984,179.9340391159058,PADI_MAP_API
7731,Humsi Wreck,26.211958,56.284693,PADI_MAP_API
7733,Falcon Rock,26.301571,56.324844,PADI_MAP_API
7735,Pipi Beach,26.375569,56.385183,PADI_MAP_API
7737,Flamingo Diving house reef,12.110473636823505,-68.29315066337587,PADI_MAP_API
7745,Fort Stark,43.058999164312496,-70.71248531516177,PADI_MAP_API
7747,Hin Yetti,11.622646995120736,102.5422110562795,PADI_MAP_API
7751,Wonder Reef,-27.985065,153.437379,PADI_MAP_API
7757,Balmorhea State Park,30.944367,-103.788405,PADI_MAP_API
7758,Numerous Monterey and Carmel Bay sites,36.610153828682336,-121.89545631408693,PADI_MAP_API
7761,Ponta Du Ouro,-26.826522,32.923279,PADI_MAP_API
7782,Gatwickscuba Training Facility,51.16478617237102,-0.049695968627929694,PADI_MAP_API
7790,Aquarium,26.28849,56.322613,PADI_MAP_API
7796,Cova do Sono,39.41085298098123,-9.513825414469467,PADI_MAP_API
7798,Angelfish Blue Hole,23.525726356167667,-75.76025392860174,PADI_MAP_API
7800,Cook Island,-28.195033121678524,153.57703328132632,PADI_MAP_API
7805,Big Seal,-32.461975631164066,152.5526762008667,PADI_MAP_API
7813,USS Oriskany,30.04258,-87.00662,PADI_MAP_API
7814,Villeneuve,46.40300673776201,6.926279067993165,PADI_MAP_API
7818,Wreck of the Cali,19.298506622485558,-81.38298511505128,PADI_MAP_API
7831,Atun,-4.269760770767677,152.32688086285629,PADI_MAP_API
7848,Val Bomber,13.462898,144.636765,PADI_MAP_API
7849,Barracuda Rock,13.433586,144.632892,PADI_MAP_API
7851,Talisay,9.943172147139613,123.36755990982054,PADI_MAP_API
7852,Finger Reef,13.444607,144.636448,PADI_MAP_API
7853,Coral Gardens,13.3562306,144.6413566,PADI_MAP_API
7869,Gab Gab II,13.445838,144.643936,PADI_MAP_API
7870,Turtle Rock,13.41353,144.645799,PADI_MAP_API
7872,American Tanker,13.459581,144.632838,PADI_MAP_API
7873,Katori Maru,1.9425,110.23705,PADI_MAP_API
7874,Tokai Maru,13.459051,144.655955,PADI_MAP_API
7875,SMS Cormoran,13.459385,144.656835,PADI_MAP_API
7913,Rocky Ridge,10.2661916034673,103.14595699310304,PADI_MAP_API
7914,Atlantis,10.292752079025945,103.13475608825685,PADI_MAP_API
7915,Giraffe,10.273243648529892,103.14535617828369,PADI_MAP_API
7916,Fly By,10.324714582990541,103.13355445861816,PADI_MAP_API
7917,Fabrice´s Monkey Island,10.294821084277855,103.15647125244142,PADI_MAP_API
7918,Koh Veal,10.233631921552837,102.88198471069337,PADI_MAP_API
7919,Koh Prins West,10.37347541800018,102.95146465301515,PADI_MAP_API
7920,Koh Moan,10.368156422653838,102.9415512084961,PADI_MAP_API
7921,Koh Trang Ol,10.361405545525901,102.92552254445893,PADI_MAP_API
7922,Monkey Cave,10.614275596573993,103.27955245971681,PADI_MAP_API
7923,Sunset Beach Corner,10.577428239866798,103.29092502593994,PADI_MAP_API
7924,Dive Shop Point,10.569623709249981,103.29427242279054,PADI_MAP_API
7925,Sponge Garden,10.56700809243882,103.29903602600099,PADI_MAP_API
7926,Nudibranch Heaven,10.560574424063939,103.30720067024232,PADI_MAP_API
7927,Castle,10.549120051664001,103.3112668991089,PADI_MAP_API
7928,Lighthouse,10.541504661972915,103.31774711608887,PADI_MAP_API
7929,Last Chance,10.548761436432995,103.32665205001832,PADI_MAP_API
7930,East Reef,10.605565087635028,103.32062244415285,PADI_MAP_API
7931,Vietnamese Bay,10.6253162845389,103.31113815307617,PADI_MAP_API
7933,Koh Touch 1,10.67024470502466,103.29131126403807,PADI_MAP_API
7934,Coral Bay,10.634532369826088,103.3043897151947,PADI_MAP_API
7935,Last Tree,10.636398751382488,103.29877853393556,PADI_MAP_API
7936,Mıddle Tree,10.632033298679756,103.29708337783813,PADI_MAP_API
7937,Back Door,10.621140483849876,103.2895302772522,PADI_MAP_API
7938,Mpai Bay,10.623850542819183,103.29507708549498,PADI_MAP_API
7940,Corner Bar,10.628321560310688,103.29601049423218,PADI_MAP_API
7948,Yellow Sub,12.159625549933299,-68.28196048736574,PADI_MAP_API
7975,Koh Pulau Wai,9.907895317981188,102.90069580078126,PADI_MAP_API
7976,Explosion Reef,10.258674879358622,103.16887378692628,PADI_MAP_API
7979,Sharks Pit,13.4211588,144.6396017,PADI_MAP_API
7980,Amphitheater,13.464801,144.670795,PADI_MAP_API
7981,Barge Reer,13.462397622392418,144.63609337806705,PADI_MAP_API
7988,Venice Beach (Shark Tooth),27.097576,-82.462252,PADI_MAP_API
7990,Paradise Springs,29.098008,-82.078965,PADI_MAP_API
7993,Aquarium,23.84014659724219,58.11468886910007,PADI_MAP_API
8005,Sea wall the Center,26.329259,127.743927,PADI_MAP_API
8009,Edithburgh Jetty,-35.08457014345775,137.74894237518313,PADI_MAP_API
8015,Moray Reef and surrounds,-3.3712420467039843,40.007486343383796,PADI_MAP_API
8016,Brain Coral,-3.3550479846565526,40.02752780914307,PADI_MAP_API
8036,Stingray Reef,23.546443140254045,-75.78186192946609,PADI_MAP_API
8056,Twin Barges,-4.617213090259234,55.405125617980964,PADI_MAP_API
8057,"South Canyon, Canyon and Dolphin Point",-3.3613457074085855,40.02014636993408,PADI_MAP_API
8058,Tulamben,-8.273414555722093,115.59235095977785,PADI_MAP_API
8060,Spanish Rosks,27.487411,-82.712889,PADI_MAP_API
8061,Portnahapple,55.18060444318401,-6.724099516868592,PADI_MAP_API
8066,Blue and White,13.464472,144.63419,PADI_MAP_API
8068,Blue Hole,13.436143,144.62639,PADI_MAP_API
8082,Mercedes I,26.15611111111111,-80.075,PADI_MAP_API
8086,Lago Bracciano a Trevignano,42.15885,12.232527,PADI_MAP_API
8092,Tracy / Ken Vitale,26.159,-80.079,PADI_MAP_API
8093,Jay Scutti,26.158,-80.079,PADI_MAP_API
8095,Robert Edmister,26.153,-80.0806,PADI_MAP_API
8099,Perch Lake,34.92626382107115,-104.66361522674562,PADI_MAP_API
8101,Jim Atria,26.164,-80.0705,PADI_MAP_API
8103,Esmeralda Canyons,17.910222859323554,-87.95246439749158,PADI_MAP_API
8110,Aquarium Crocus City,55.81801311158332,37.38609266176355,PADI_MAP_API
8133,"The National Aquarium, Abu Dhabi",24.401882,54.495518,PADI_MAP_API
8134,구룡포 리조트,36.00217380974967,129.57129478454593,PADI_MAP_API
8135,금강산,38.30302150426262,128.57156038284305,PADI_MAP_API
8136,Pulau Hantu,1.2271192954323173,103.75108051273858,PADI_MAP_API
8137,Folsom Lake,38.70989303926041,-121.14383697509766,PADI_MAP_API
8138,Mercy Jesus,26.1606,-80.079,PADI_MAP_API
8139,Vista Point,33.85490950030558,-112.25589752197267,PADI_MAP_API
8140,Catalina Island,33.380139372009225,-118.41407775878905,PADI_MAP_API
8141,Casino Point,33.349196,-118.324982,PADI_MAP_API
8142,"Catalina Island, TBD",33.453759,-118.504543,PADI_MAP_API
8143,Pehleng Corner,6.862410714759724,158.10769235424235,PADI_MAP_API
8144,OutHouse Beach,13.463806213505434,144.65590417385104,PADI_MAP_API
8205,문섬,33.22813400963651,126.56739234924318,PADI_MAP_API
8208,Manta Bay 3 - The Crack,-8.742960637808528,115.45313358306886,PADI_MAP_API
8209,Indonesia Bali Tulamben USS Liberty Wreck,-8.273968609931494,115.59311776494299,PADI_MAP_API
8210,Pulau Jong,1.2153985617021887,103.78630441147251,PADI_MAP_API
8214,Faraglioni DI Scopello,38.073129297041575,12.823491096496584,PADI_MAP_API
8215,Western Shoals,13.452746,144.654007,PADI_MAP_API
8216,SeaBee Junkyard,13.457076,144.627989,PADI_MAP_API
8217,Hap's Reef,13.394167,144.653667,PADI_MAP_API
8218,"Philips Outdoor Center, Muncie Indiana",40.19450356497095,-85.3663444519043,PADI_MAP_API
8221,Rapopo Wreck,-4.334941731529618,152.30986118316653,PADI_MAP_API
8236,KM Sipadan,2.84163,104.14378,PADI_MAP_API
8272,Ban's Artificial Reef,10.093895782348962,99.82470989139985,PADI_MAP_API
8275,SS Satara,-32.47916666666667,152.5211111111111,PADI_MAP_API
8277,Cleaner Station South Solitary Island,-30.202025590653975,153.26823055744174,PADI_MAP_API
8280,Pimpernel Rock,-29.69807,153.39742,PADI_MAP_API
8290,Divertainment Pool,3.0810373812333607,101.59686326980592,PADI_MAP_API
8299,Sam Laem,10.62737,99.45316,PADI_MAP_API
8381,South Channel,17.731805433621066,-88.02057266235352,PADI_MAP_API
8382,BlueLagoon,36.54991407904702,29.112567901611328,PADI_MAP_API
8384,Slot Cave,-35.08065225177154,150.79483480425554,PADI_MAP_API
8385,Sipadan,4.1177613653792715,118.6287832260132,PADI_MAP_API
8386,Shaab El Erg,27.419624,33.860893,PADI_MAP_API
8391,Red Rock,10.122667,99.815125,PADI_MAP_API
8393,Koh Tao,10.092248,99.8386,PADI_MAP_API
8394,Green Rock,10.126554,99.810104,PADI_MAP_API
8402,The Canyon,5.90434,95.215137,PADI_MAP_API
8403,Batee Gla,5.908769,95.220952,PADI_MAP_API
8404,Batee Tokong,5.898012,95.252355,PADI_MAP_API
8406,Buceo Anilao House Reef,13.683844264840829,120.89208841236542,PADI_MAP_API
8408,Olympia Regattastrecke,48.24799786284351,11.5231561965578,PADI_MAP_API
8409,Coral Gardens Split Solitary Island,-30.23905750941161,153.18131625652316,PADI_MAP_API
8412,Plate Coral South West Solitary Island,-30.159418640537552,153.225594162941,PADI_MAP_API
8413,Northern Gutters South West Solitary Island,-30.158996559667507,153.22771310806277,PADI_MAP_API
8414,Fish Soup North Solitary Island,-29.912751192756826,153.38336706161502,PADI_MAP_API
8415,Anemone Bay North Solitary Island,-29.92320339751729,153.38795900344851,PADI_MAP_API
8416,South Boulder South Solitary Island,-30.202401125047967,153.26558589935306,PADI_MAP_API
8417,Buchanan's Wall South Solitary Island,-30.2066941695171,153.26558053493503,PADI_MAP_API
8419,Manta Arch South Solitary Island,-30.20264684430811,153.26830029487613,PADI_MAP_API
8420,Grey Nurse Gutters (Shark Gutters) South Solitary Island,-30.20162687355649,153.26702892780307,PADI_MAP_API
8421,Explosion,35.25164718582581,25.758776664733887,PADI_MAP_API
8447,Half Moon Wall,17.208333333333332,-87.53583333333333,PADI_MAP_API
8448,Osborne Bay,50.75793426224536,-1.2537288665771487,PADI_MAP_API
8454,The anchor,35.224447129379925,25.7256031036377,PADI_MAP_API
8472,One Rock,5.280409145441935,73.5648822784424,PADI_MAP_API
8482,Maakana  Corner,5.440680527765897,73.61380577087404,PADI_MAP_API
8485,Zimnik,51.00798990696541,16.255806684494022,PADI_MAP_API
8486,Mrowiny,50.94039308545462,16.50777339935303,PADI_MAP_API
8491,AlotMeant - Coral Restoration Project,10.090104,99.822636,PADI_MAP_API
8515,Cacique,10.57125977678558,-85.70047946646811,PADI_MAP_API
8522,Cap Matoopa,-4.649315804852738,55.37384033203126,PADI_MAP_API
8523,Conception South,-4.667237937259472,55.37032127380372,PADI_MAP_API
8524,Krzeszówek,50.71184114803009,16.084971427917484,PADI_MAP_API
8539,Las Piscinas,36.003215351443316,-5.606846809387208,PADI_MAP_API
8540,La Garita I,36.00491650662338,-5.606417655944824,PADI_MAP_API
8565,Puerto Pajares,36.00755496041484,-5.611867904663086,PADI_MAP_API
8566,Las Calles,36.00342365813113,-5.613284111022949,PADI_MAP_API
8567,Las Calderas,36.00052467393265,-5.6116533279418945,PADI_MAP_API
8568,Punta Marroquí,36.00009068509079,-5.610966682434083,PADI_MAP_API
8569,Pecio San Andrés,36.001548878129995,-5.607565641403199,PADI_MAP_API
8570,Stingray Station - Galata,43.16182411360534,27.94645071029663,PADI_MAP_API
8571,Seahorse Garden - Galata,43.159096734704114,27.944905757904053,PADI_MAP_API
8572,Tobia Arbaa,26.8366,33.9914,PADI_MAP_API
8573,Hallenbad Betzingen,48.49898349627353,9.182842969894411,PADI_MAP_API
8575,Capernwray,54.1368741364332,-2.7241641018477236,PADI_MAP_API
8577,Lighthouse,-4.639092713560129,55.36620140075684,PADI_MAP_API
8578,Therese South,-4.679342603171351,55.405340194702156,PADI_MAP_API
8613,Breakers Reef,26.733330555555554,-80.03333166666667,PADI_MAP_API
8615,Kreidesee Hemmoor,53.700606,9.1276,PADI_MAP_API
8616,Mortar Rock,8.712928673180638,81.20915445702849,PADI_MAP_API
8650,Berlabuh,2.7687866796806317,104.22585309375931,PADI_MAP_API
8651,남애 하우스 리프,37.94528048379506,128.79251003265384,PADI_MAP_API
8652,gallow's point,17.4666667,-88.0333333,PADI_MAP_API
8656,Tobia Hamra,26.834908,33.984618,PADI_MAP_API
8657,Tobia Arbaa (7 pillars),26.836641,33.991324,PADI_MAP_API
8664,Salem Express,26.639355,34.061651,PADI_MAP_API
8665,Ras Abu Soma,26.851833,34.004531,PADI_MAP_API
8666,Panorama Reef,26.750976,34.079289,PADI_MAP_API
8674,Saco do Capim - Naufrágio Granada,-27.28358,-48.37419,PADI_MAP_API
8682,C58,21.175384,-86.713028,PADI_MAP_API
8683,Pigeon Island back side,8.722071141355224,81.20656381473965,PADI_MAP_API
8684,Knife Rock,8.71444605889408,81.21232002256875,PADI_MAP_API
8723,The Scuba Ranch,32.7891403,-96.1552064,PADI_MAP_API
8724,Put van Ekeren,51.28299100631173,4.3904972076416025,PADI_MAP_API
8725,팔각어초,37.947547927841924,128.80216598510745,PADI_MAP_API
8726,남애비치,37.939425416623784,128.7887763977051,PADI_MAP_API
8727,Princesa Vallarta Shipwreck,20.55617478178008,-105.26812076568605,PADI_MAP_API
8728,Hudu thila,3.576128902919655,72.93016433715822,PADI_MAP_API
8730,Abu Tair - Shiab Alkabir,21.691018,39.013213,PADI_MAP_API
8731,Elite Diver Dive Deck,21.75431566524073,39.05788242816926,PADI_MAP_API
8734,Big Blue,43.139032476273286,-93.21978163745372,PADI_MAP_API
8736,Ulong Channel,7.26913059368,134.404061888,PADI_MAP_API
8742,Putataua Bay,-35.026700474801444,173.9141399553046,PADI_MAP_API
8743,Putahaha Island,-35.19139515659437,174.29227976768743,PADI_MAP_API
8744,HMSNZ Canterbury Wreck,-35.19355897824738,174.29478356789335,PADI_MAP_API
8768,Fish Eye,13.472236718833004,144.70366895198825,PADI_MAP_API
8769,Farikede Plateau,-0.332858,73.447198,PADI_MAP_API
8771,Kovalam Beach,8.394765976250813,76.97160959243776,PADI_MAP_API
8773,Melanda,34.65244137572459,32.757883071899414,PADI_MAP_API
8774,Pissouri Bay,34.6480725315176,32.72449493408204,PADI_MAP_API
8775,Amigo House Sand,2.797654731299139,104.20606523752215,PADI_MAP_API
8779,"Vinkeveense Plassen, Eiland 4",52.234817402722314,4.960541725158692,PADI_MAP_API
8783,Rocky Bay,-41.098006,174.834334,PADI_MAP_API
8788,Бассейн Атлант,55.73112138698786,37.679672241210945,PADI_MAP_API
8803,Devils Table,13.011833519911,-61.2489938735962,PADI_MAP_API
8806,Cherimon,-4.289667059455591,55.6798267364502,PADI_MAP_API
8809,El Balito / Marazur,28.1388414582274,-16.791754961013797,PADI_MAP_API
8810,"U-1105 ""Black Panther"" German U-Boat Sub",38.13687460128837,-76.5563957579434,PADI_MAP_API
8811,Whale Rock,-4.299424285106028,55.67480564117432,PADI_MAP_API
8812,Duiklocatie Boschmolenplas,51.17912775498893,5.875368118286134,PADI_MAP_API
8813,Coral Gardens,7.012049344739082,158.2109355926514,PADI_MAP_API
8854,Marbella,41.39963631481146,2.2133159637451176,PADI_MAP_API
8857,white bank,-4.31868160046104,55.66068649291993,PADI_MAP_API
8858,small rock,-4.316884271675226,55.66223144531251,PADI_MAP_API
8860,Cousin island,-4.354584488247336,55.65120220184327,PADI_MAP_API
8861,Cazino Constanta,44.1699539340575,28.662471771240238,PADI_MAP_API
8862,Booby island,-4.258126404323685,55.67338943481446,PADI_MAP_API
8866,St. Pierre,-4.302103448101156,55.75085163116456,PADI_MAP_API
8867,Capenwray,53.4527938062623,-1.3449926365865394,PADI_MAP_API
8868,Isla de Cabrera,39.14354290120668,2.9459753015544266,PADI_MAP_API
8869,ZEPHYROS,35.36878338852548,33.201713562011726,PADI_MAP_API
8870,Breakwater / San Carlos Beach,36.609618329516984,-121.89609317246082,PADI_MAP_API
8873,Santa Maria Bay,22.92946470447312,-109.81478691101076,PADI_MAP_API
8874,Lungsodaan MPA,10.04783879934798,125.02695464878346,PADI_MAP_API
8877,El Nataly (naufragio),11.207113446960092,-74.23873901367189,PADI_MAP_API
8878,Square Lake,45.151030566341795,-92.79720067977907,PADI_MAP_API
8908,Falhuma House Reef,0.6702760658494218,73.43478012189736,PADI_MAP_API
8909,Neptune Memorial Reef,25.6901972392,-80.090749637,PADI_MAP_API
8911,SS Orestes,6.023798030087792,80.2116882428527,PADI_MAP_API
8916,Southwest Pinnacle,9.9946,99.7788,PADI_MAP_API
8918,Ang Thong Marine Park,9.7996,99.7137,PADI_MAP_API
8919,Soft Coral Pass,2.9377264133969185,72.85720825195314,PADI_MAP_API
8920,Fushi Faru,2.9229828387605696,72.85265922546388,PADI_MAP_API
9010,Halcyon,8.393264171094026,76.97063863277437,PADI_MAP_API
9014,Arrecifes de Vichayito,-4.13088085517644,-81.10703945159914,PADI_MAP_API
9016,Red point,-4.27804575491284,55.74520574882627,PADI_MAP_API
9017,San Carlos Beach,36.60984435051932,-121.8955506916973,PADI_MAP_API
9021,Sibuan Island,4.581045001232063,118.70182514190674,PADI_MAP_API
9025,La Viuda,8.62308769705538,-83.23531110829728,PADI_MAP_API
9026,Iglesias,8.366791666666668,-83.16800555555557,PADI_MAP_API
9028,Katana,8.618497222222222,83.20210277777778,PADI_MAP_API
9030,Capo Grecale Nord,35.51720749147527,12.634363174438477,PADI_MAP_API
9031,Taccio Vecchio,35.52520619154262,12.598829269409181,PADI_MAP_API
9033,Punta Cappellone,35.5237829003794,12.583583593368532,PADI_MAP_API
9050,Koversada,45.134578025095905,13.61887228482374,PADI_MAP_API
9051,La Madonnina,35.50833463852066,12.556471824645998,PADI_MAP_API
9061,Plić Mramori,45.146944,13.574444,PADI_MAP_API
9065,Carysfort Reef Light,25.221,-80.211,PADI_MAP_API
9066,Boava Faru,0.6561608158800002,73.42326164245607,PADI_MAP_API
9068,KOVALAM,8.395832732414577,76.97206020355226,PADI_MAP_API
9069,Kovalam Leo Rock,8.394176967559197,76.97034358978273,PADI_MAP_API
9070,Henderson Rocks,39.26764665883125,-80.01209735870363,PADI_MAP_API
9071,Cativo,8.672224050135208,-83.3082424487402,PADI_MAP_API
9072,Kalangahan Reef,8.368511321204705,124.26082134246828,PADI_MAP_API
9078,Lunga,45.141731091925756,13.584508895874025,PADI_MAP_API
9079,Sveti Nikola,45.22513,13.581667,PADI_MAP_API
9111,Boonsung Wreck,8.746311540158228,98.18138122558595,PADI_MAP_API
9112,1st Cove Vouliagmeni,37.80251938896754,23.78661274909973,PADI_MAP_API
9113,Blue Wall,12.496666051494486,-81.7150640487671,PADI_MAP_API
9115,Beach 8th Street F/K/A Almost Paradise,40.59501394783216,-73.74286288935852,PADI_MAP_API
9116,Sea Hawk Dive Boat,40.637684957748085,-73.58187136149924,PADI_MAP_API
9117,Mandy's Eel Garden,16.272472,-86.602129,PADI_MAP_API
9118,Nassau County Aquatics Center at Eisenhower Park,40.72800675902127,-73.57667323321752,PADI_MAP_API
9120,Buntzen Lake,49.34081108666687,-122.8570604324341,PADI_MAP_API
9121,"Chocolate Island, Malapascua",11.305519,124.064162,PADI_MAP_API
9123,"Lapus Lapus, Malapascua",11.345274,124.107163,PADI_MAP_API
9154,Punta Betin,11.251564450298137,-74.22114372253418,PADI_MAP_API
9167,The Corinthian,32.458738888888895,-64.78555555555555,PADI_MAP_API
9168,The Cristobel Colon,32.48511944444444,-64.72,PADI_MAP_API
9169,Hermes,32.24516944444444,-64.79944444444445,PADI_MAP_API
9170,The Mary Celestia,32.24666666666667,-64.83333330555556,PADI_MAP_API
9172,The Forceful,32.23915,-64.8275,PADI_MAP_API
9173,The King,32.23993055555556,-64.82694444444444,PADI_MAP_API
9174,Stonington Point,41.32790640822011,-71.9053888320923,PADI_MAP_API
9232,Taxiarxis reef,38.84396114827086,23.166089057922363,PADI_MAP_API
9233,Kimasi Evia,38.81055616781834,23.520913124084473,PADI_MAP_API
9234,Hronia's Reef,38.77946330667246,23.270244598388675,PADI_MAP_API
9235,"Shipwreck ""Cretaland""",38.837577690519474,22.88635611534119,PADI_MAP_API
9236,bajos de salmedina y burbujas,10.394623861979046,-75.64361572265625,PADI_MAP_API
9237,isla baru,10.26393238212386,-75.59711694717409,PADI_MAP_API
9238,Duikspot Amersfoort,52.20100070939183,5.436981758102775,PADI_MAP_API
9239,Upcoming divespot Amersfoort,52.20155757967297,5.436619743704796,PADI_MAP_API
9241,Rasdhoo Beyru,4.259624,72.99355,PADI_MAP_API
9242,Hin Lak Ngam,10.450612,99.40213,PADI_MAP_API
9243,Turtle Beach,12.007651742026361,92.94044421461878,PADI_MAP_API
9246,Aquaventure Helicopter & Boat wreck dive site.,13.726941,120.883148,PADI_MAP_API
9247,Cretaland Shipwreck,38.83823680292889,22.88662433624268,PADI_MAP_API
9249,태종대 감지해변,35.06084460636465,129.07669544219974,PADI_MAP_API
9251,Bahia de Tijeretas,-0.8873680116535987,-89.6072816848755,PADI_MAP_API
9252,Gato Island,11.446083,124.020967,PADI_MAP_API
9253,Kalanggaman Island,11.117433,124.253998,PADI_MAP_API
9254,North Rock,32.474019444444444,-64.76833333333333,PADI_MAP_API
9255,The Cathedral,32.340450000000004,-64.65944444444445,PADI_MAP_API
9256,South West Breaker,32.230919444444446,-64.86555555555555,PADI_MAP_API
9257,The Taunton,32.48277777777778,-64.70472222222223,PADI_MAP_API
9258,The Minnie Breslauer,32.24463055555556,-64.8086111111111,PADI_MAP_API
9259,The Lartington,32.36114722222222,-64.91388888888889,PADI_MAP_API
9260,The Darlington,32.28731944444444,-64.98388888888888,PADI_MAP_API
9261,Iristo/Aristo,32.479,-64.65722222222223,PADI_MAP_API
9262,The Constellation,32.36274455924246,-64.91409301757814,PADI_MAP_API
9294,Ilia Evia Island,38.85219992954903,23.129621744155884,PADI_MAP_API
9298,Limni reef 2,38.757262286278035,23.32560539245606,PADI_MAP_API
9299,Blue Hole,5.236007743141555,73.1078338623047,PADI_MAP_API
9300,Nautilus Dive Centre Pool,3.1447222258563943,101.64330057213884,PADI_MAP_API
9303,Virgin Drop,11.958721619146354,121.92193504909721,PADI_MAP_API
9304,Fridays Rock,11.961995607916624,121.91987510495383,PADI_MAP_API
9306,Punta Bunga,11.98231713968301,121.90245151186404,PADI_MAP_API
9307,Yapak,11.99721866944312,121.9103908788054,PADI_MAP_API
9308,Laguna,11.965398684686837,121.93841458335314,PADI_MAP_API
9311,Maniguin Island,11.60566244151259,121.69753074312625,PADI_MAP_API
9312,Hinugan,11.87275931966206,121.88000482901118,PADI_MAP_API
9358,San Martin Norte,38.764624632707964,0.22380352020263675,PADI_MAP_API
9359,Dutch Springs,40.68721830742313,-75.3546643612631,PADI_MAP_API
9360,Manhattan Plaza Health Club,40.759968074583966,-73.99410004344165,PADI_MAP_API
9363,cove,40.73811957702908,30.284972190856937,PADI_MAP_API
9413,Lago de Tota - Boyaca,-5.566665833333333,72.93333055555556,PADI_MAP_API
9415,Gl. Ålbo,55.468588846140236,9.680757522583008,PADI_MAP_API
9418,Hog Heaven,26.135,-80.079,PADI_MAP_API
9419,The Caves,26.1258,-80.092,PADI_MAP_API
9421,Puntilla,19.760938,-70.520285,PADI_MAP_API
9424,Deep Wall,19.76460343139825,-70.5214548110962,PADI_MAP_API
9429,Lembu Rock,6.0750750121883,100.05519390106203,PADI_MAP_API
9430,Police Wreck,6.072514546001047,100.05746841430665,PADI_MAP_API
9431,Legrena,37.6693251834516,23.94768476486206,PADI_MAP_API
9432,Grand Canyons,9.700025755931405,122.38748073577882,PADI_MAP_API
9435,Steve's Bommie,-15.500912285166441,145.7884454727173,PADI_MAP_API
9436,The Cod Hole,-14.663747654227388,145.6635403633118,PADI_MAP_API
9437,Coral Garden,6.056948579709153,100.03565132617952,PADI_MAP_API
9438,Lembu Rocks,6.076847767933329,100.05854129791261,PADI_MAP_API
9439,Grouper Farm,6.056528202862486,100.03532409667969,PADI_MAP_API
9440,Shangri-La Marine Sanctuary,10.306432596570568,124.02208328247072,PADI_MAP_API
9446,Marmora Scuba Park,44.4850862269804,-77.68668651580812,PADI_MAP_API
9447,P.B. Locke,43.93310417438638,-78.29655647277833,PADI_MAP_API
9470,Leon Dormido - Kicker Rock,-0.7759715319996388,-89.5196056365967,PADI_MAP_API
9474,SD,-8.675299911785647,115.521240234375,PADI_MAP_API
9484,The Cave,16.2798279,-86.5836806,PADI_MAP_API
9485,Oyster Reef,38.3232083829672,-76.4818811416626,PADI_MAP_API
9487,Palmanova Bay,39.51377513087695,2.5418329238891606,PADI_MAP_API
9517,Texas/Pablo's Place,16.2656102,-86.6032685,PADI_MAP_API
9518,West End Wall,16.27033,-86.602877,PADI_MAP_API
9519,Butcher's Bank,16.2786067,-86.6042216,PADI_MAP_API
9521,Hole In The Wall,16.3138371,-86.5917933,PADI_MAP_API
9522,Bull Shoals Lake,36.4670259268711,-92.64496484931529,PADI_MAP_API
9523,Table Rock Lake,36.604364094093754,-93.32737349139376,PADI_MAP_API
9527,The Divers Den,3.1104771972657117,101.65173053741456,PADI_MAP_API
9589,Mosh wall,37.08222885816359,-8.678941726684572,PADI_MAP_API
9590,Naufrágio Bellucia|,-20.683330555555557,-40.36666388888889,PADI_MAP_API
9591,Naufrágio Victory 8B,-20.699997222222223,-40.39999722222222,PADI_MAP_API
9593,Ilhas Rasas (Shallow Islands),-20.677137,-40.365529,PADI_MAP_API
9594,Die Tauchschule,48.14008878444827,16.35297775268555,PADI_MAP_API
9595,Tauchsport Vienna Neufeldersee,47.869668222011605,16.383790969848636,PADI_MAP_API
9596,Goda Gala,6.094000339456599,80.10749819751919,PADI_MAP_API
9597,Chocolate Island,11.306445236463654,124.0638828277588,PADI_MAP_API
9600,Felidhoo House Reef,3.4724273565604125,73.55346679687501,PADI_MAP_API
9603,Paradise Beach,11.19833,119.37795,PADI_MAP_API
9605,Tribird,11.951754061743328,121.92549705600621,PADI_MAP_API
9608,Turtle Island,10.35903993218102,103.80852792232265,PADI_MAP_API
9611,Paso de Cedral,20.374923349769396,-87.02596664428712,PADI_MAP_API
9612,The Corner,20.713095435232937,-86.97858810424805,PADI_MAP_API
9613,Pachia reef,36.57831670494442,27.087993621826175,PADI_MAP_API
9622,France Park,40.753499070431374,-86.45648002624513,PADI_MAP_API
9624,Relitto Draga,45.695472621543374,10.674829781055452,PADI_MAP_API
9646,Bajo Bonito,9.388392366376953,-76.17070198059083,PADI_MAP_API
9648,Lime lake,42.187988,-84.55253,PADI_MAP_API
9675,Panagsama Beach,9.94898432140904,123.36496353149414,PADI_MAP_API
9679,Robert Gaskin,44.59055853219839,-75.67627449114133,PADI_MAP_API
9680,Centeen Park,44.59221693215326,-75.67756709412681,PADI_MAP_API
9807,Cantil bajo bonito,12.596533094343812,-81.71587944030763,PADI_MAP_API
9808,La pirámide,12.585978519887888,-81.68437957763673,PADI_MAP_API
9809,Trampa de Tortuga,12.543085627856703,-81.67845726013185,PADI_MAP_API
9810,Bajo Bonito (Plaza de toros),12.591967875357854,-81.71394824981691,PADI_MAP_API
9811,Alter Aarelauf,47.47916666666667,8.194722222222222,PADI_MAP_API
9813,Flagpole Point,47.564571246310145,-123.01457047462465,PADI_MAP_API
9814,Escoumins  - Crique Ouest,48.31923463086963,-69.41225409507753,PADI_MAP_API
9815,Escoumins - la crique Est,48.320133564633274,-69.41179275512697,PADI_MAP_API
9816,Les Escoumins - Baie des anémones,48.32073284500874,-69.41166400909425,PADI_MAP_API
9818,Rocky Road,25.951666666666664,-81.86166666666666,PADI_MAP_API
9819,Buddy's Break,25.950277777777778,-81.90833333333335,PADI_MAP_API
9820,Million Dollar Point,-15.5256820549973,167.24581718444827,PADI_MAP_API
9821,MACLEARIE PARK,40.179317129146845,-74.03619732594393,PADI_MAP_API
9841,Milet,37.32606317789758,27.2441226587814,PADI_MAP_API
9842,Sweepstakes,45.255525067804996,-81.68077468872072,PADI_MAP_API
9843,섶섬,33.23193916632726,126.59987926483156,PADI_MAP_API
9844,Bubbies' Bagpipes,25.951666666666664,-81.835,PADI_MAP_API
9845,The Cannyon,29.10297678210169,-13.452029228210451,PADI_MAP_API
9849,Bugtong Bato,11.348272030956434,124.10551060536744,PADI_MAP_API
9850,Quiliano,11.347367540892803,124.11419039192786,PADI_MAP_API
9851,Deep Rock,11.351212041744388,124.10289429303795,PADI_MAP_API
9853,Kimud Shoal,11.154639861413647,124.2887923523042,PADI_MAP_API
9854,Nunez Shoal,11.094637218218528,124.2173078619174,PADI_MAP_API
9855,Sambowan,11.767308846921926,124.26228998851568,PADI_MAP_API
9856,Dakit Dakit,11.326139383285815,124.11001739988563,PADI_MAP_API
9857,Ka Osting,11.345716384984122,124.11939408622521,PADI_MAP_API
9858,Lighthouse wreck,11.342328791561883,124.10993092206277,PADI_MAP_API
9859,Dona Marilyn Wreck,11.353609814906138,124.1001909452584,PADI_MAP_API
9861,Alegranza,27.813,-15.76,PADI_MAP_API
9864,Julian Rocks,-28.610925809229567,153.62955629825592,PADI_MAP_API
9868,wreck,8.362294444444444,76.98805555555556,PADI_MAP_API
9869,SS President Coolidge,-15.522456777531444,167.2354316711426,PADI_MAP_API
9871,MV Henry Bonnaud,-15.587076744292593,167.2429418563843,PADI_MAP_API
9872,F4F Corsair,-15.380536158157247,167.1983098983765,PADI_MAP_API
9873,SBD Dauntless Dive Bomer,-15.538753215878195,167.1795988082886,PADI_MAP_API
9878,Neufelder See - Ostseite,47.86824677319491,16.3864678144455,PADI_MAP_API
9889,Carlton House reef,32.64143472936938,-16.921863555908207,PADI_MAP_API
9890,Punta Campanella,40.56896394691746,14.32486295700073,PADI_MAP_API
9926,Sharp Island 橋咀南,22.364810476229753,114.2897415161133,PADI_MAP_API
9927,West Entalula Wall,11.131750032620577,119.33014869689943,PADI_MAP_API
9937,Popolcan West (Under Water Forrest),11.117959359907895,119.34051275253297,PADI_MAP_API
9944,Turtle Head,-17.68352373473133,177.11196899414062,PADI_MAP_API
9948,Esmeralda,17.91741106501883,-87.95847415924072,PADI_MAP_API
9949,Vadviken,59.146845132341916,18.422269821166996,PADI_MAP_API
9951,Emperor Divers House Reef,27.907992261156227,34.328364729881294,PADI_MAP_API
9953,Betty Blue,59.10466287149193,18.314419050365924,PADI_MAP_API
9967,Gröne Jägaren,59.10989463099106,18.38373184204102,PADI_MAP_API
9968,Bodekull,59.15657158869763,18.468232154846195,PADI_MAP_API
9972,Anna-Maria,59.13015848326803,18.40364456176758,PADI_MAP_API
9973,Jutholmsvraket,59.12467521040573,18.407335281372074,PADI_MAP_API
9974,Ingrid Horn,59.09989044366596,18.36201667785645,PADI_MAP_API
9975,EL ARCO,-33.365981749876305,-71.6977643966675,PADI_MAP_API
9976,LABERINTO DEL LOBO,-33.36315003145319,-71.69591903686525,PADI_MAP_API
9992,Riksäpplet,59.11357385099315,18.398580551147464,PADI_MAP_API
9993,Victor,59.04759645620907,18.316483497619632,PADI_MAP_API
9997,Kostervraket,58.950362393524436,18.152847290039066,PADI_MAP_API
9998,Simpson & Pantari,59.12002805516046,18.63040924072266,PADI_MAP_API
9999,Tyr,59.0833352574902,18.550372123718265,PADI_MAP_API
10000,Sappemeer,59.102931672858304,18.788337707519535,PADI_MAP_API
10008,Lock 28,45.310873173147,-75.85321426391603,PADI_MAP_API
10037,Number one,-29.864523575438405,31.096101139014486,PADI_MAP_API
10038,Wall of wonder,10.579400846144994,72.6409149169922,PADI_MAP_API
10074,De Beldert,51.92197167094947,5.436859130859375,PADI_MAP_API
10075,Tanjung Parigi,1.6290186110339653,124.76211547851564,PADI_MAP_API
10076,C-130 Hercules Plane Wreck,29.419012,34.972454,PADI_MAP_API
10077,cedar Pride,29.430758,34.973452,PADI_MAP_API
10078,Japanese garden,29.42974,34.973688,PADI_MAP_API
10079,The Tank,29.419245,34.97269,PADI_MAP_API
10080,Power Station,29.482382,34.982057,PADI_MAP_API
10086,Willow Springs Quarry,40.37897409751972,-76.26657485961914,PADI_MAP_API
10087,Aquaventure Reef Club Shipwreck,13.726503335570987,120.88296532630922,PADI_MAP_API
10089,Abu Soma Garden,26.843065,34.002342,PADI_MAP_API
10091,Red Zone,25.91,-81.98666666666666,PADI_MAP_API
10095,Pulau Tioman,2.8223442468940902,104.18334957118296,PADI_MAP_API
10123,Duden Waterfall,36.85078,30.783348,PADI_MAP_API
10125,Nusa Dua Reef,-8.756194125217284,115.22276394839864,PADI_MAP_API
10126,Pramuka jetty,-5.742514460629369,106.6135597229004,PADI_MAP_API
10127,Abu Kafan North,26.658026,34.105425,PADI_MAP_API
10128,Tobia Soraya,26.80381,33.994188,PADI_MAP_API
10129,Tobia Nos,26.805974,33.994317,PADI_MAP_API
10131,Tobia Kebir,26.80876,33.995658,PADI_MAP_API
10132,Tobia Island,26.816258,33.978739,PADI_MAP_API
10133,Area Perlindungan Laut (APL),-5.737331727254621,106.61486864089966,PADI_MAP_API
10134,Gamul Kebir,26.785441,33.987279,PADI_MAP_API
10135,Gamul Soraya,26.796053,33.99186,PADI_MAP_API
10136,Santa Reef,44.328538,9.216242,PADI_MAP_API
10137,Punta Torretta,44.3124259202114,9.167318344116213,PADI_MAP_API
10138,Santa Margherita Ligure,44.3350838265431,9.217700958251955,PADI_MAP_API
10141,Banco di Santa Croce,40.681207561176485,14.430477619171143,PADI_MAP_API
10143,Tanjung Pramuka,-5.746448182504463,106.6186022758484,PADI_MAP_API
10144,Pulau Matahari,-5.605756838570513,106.54592514038087,PADI_MAP_API
10214,St Neots School,51.35055809691067,-0.9037984695037762,PADI_MAP_API
10215,Vobster Quay,51.246175672999094,-2.4246306737102086,PADI_MAP_API
10216,Ponquogue Bridge,40.8419958315821,-72.4989938735962,PADI_MAP_API
10217,Casablanca,9.327555162818618,-82.22033858299255,PADI_MAP_API
10220,Stillwater Cove,38.54692356547259,-123.29784393310548,PADI_MAP_API
10221,Lungsodaan MPA,10.047924367233023,125.02708339678065,PADI_MAP_API
10226,Barracuda Lake,11.956331426064233,120.21708011627199,PADI_MAP_API
10229,Caragua - ShipWreck,-0.890843736012128,-89.62004899978639,PADI_MAP_API
10232,KRIKELOS,36.67282472525629,26.974396705627445,PADI_MAP_API
10234,石朗,22.655200287773564,121.47432816965913,PADI_MAP_API
10238,house reff,-8.26530294867559,115.58853149414064,PADI_MAP_API
10241,SKALA,36.714204662257906,26.982786655426025,PADI_MAP_API
10242,Cala Montjo,39.52789424530593,2.43072509765625,PADI_MAP_API
10245,龍洞灣4號潛點-和美國小,25.113075042920453,121.91901683807374,PADI_MAP_API
10251,Punta Baccoli,40.587852698116,14.321150779724123,PADI_MAP_API
10255,Electric beach,21.354038670905297,-158.13054442405704,PADI_MAP_API
10256,Horseshoe Reef,21.28493576072159,-157.86538124084473,PADI_MAP_API
10259,L'Astée,42.53126306742591,3.127198219299317,PADI_MAP_API
10320,大青针,22.317966666666667,115.11861111111111,PADI_MAP_API
10321,Bouy Line,9.330254831793575,-82.22137928009033,PADI_MAP_API
10323,自由号沉船,-8.272989868394777,115.59239387512208,PADI_MAP_API
10324,i DIVE POOL,48.214321772911035,16.502151489257816,PADI_MAP_API
10325,"Neuseeland, Buochs/Beckenried",46.97290281856079,8.445911407470705,PADI_MAP_API
10326,"Eichwald ""Bruno""",46.99759003711399,8.569432497024538,PADI_MAP_API
10327,Baumgärtli Immensee,47.10506915242077,8.475308418273928,PADI_MAP_API
10332,潘家口水下长城Underwater Great Wall,40.43002819279834,118.27035434858962,PADI_MAP_API
10375,Gallanach Reef,56.392196539528165,-5.5161237716674805,PADI_MAP_API
10376,桑州,22.5857,114.71805555555555,PADI_MAP_API
10378,小琉球,22.347178300449286,120.37294864654542,PADI_MAP_API
10381,Monkey Reef,7.725578261339612,98.76889228820801,PADI_MAP_API
10382,Pandora,9.32623178804251,-82.22408294677736,PADI_MAP_API
10393,出水口,21.93277511785911,120.74463844299318,PADI_MAP_API
10424,EL BAJON,27.633055555555558,-17.98888888888889,PADI_MAP_API
10456,Lake Simcoe,44.39392122866483,-79.65754151344301,PADI_MAP_API
10459,Veril Grande  Jandia,28.042043,-14.331461,PADI_MAP_API
10460,Pared del Muelle,28.047326,-14.361362,PADI_MAP_API
10462,Marina del Este,36.722718622465656,-3.7286138534545903,PADI_MAP_API
10464,Punta Restinga,27.63722222222222,-17.976388888888888,PADI_MAP_API
10474,Secca della Colombara,38.729371,13.18115,PADI_MAP_API
10477,PJ Palms Sports Center,3.1027956,101.6499131,PADI_MAP_API
10483,Cala Bianca Le due Gerardie,37.98997344605058,12.0230770111084,PADI_MAP_API
10485,cala Martina,37.94484052385968,12.08873748779297,PADI_MAP_API
10487,Punta Bassana Scoglio Cavo,37.94914694145857,12.092331647872925,PADI_MAP_API
10488,ANDREA,40.86799606137032,0.8118724822998048,PADI_MAP_API
10489,AZUR,40.870105307099024,0.8116149902343751,PADI_MAP_API
10492,Airport Point,9.33914771116095,-82.26043224334718,PADI_MAP_API
10493,Sashen,9.349776521548115,-82.21876144409181,PADI_MAP_API
10518,LA VITERA,40.86614613132785,0.8123874664306642,PADI_MAP_API
10519,Sutta zia Lisa,38.691652,13.168145,PADI_MAP_API
10520,St. Didier Wreck,36.88260707439109,30.69880485534668,PADI_MAP_API
10521,Amtrak,13.38845062214924,144.64867830276492,PADI_MAP_API
10523,DiveCampus - Training Dive Site,25.214697,55.248801,PADI_MAP_API
10524,Tioman Island,2.772531735784865,104.18440821818,PADI_MAP_API
10525,南京海底世界,32.05536304598731,118.83940637111665,PADI_MAP_API
10526,Perhentian Island,5.906840231958539,102.73709423842574,PADI_MAP_API
10527,宜兴松木开放水域基地,31.23012382112059,119.53240871429445,PADI_MAP_API
10528,Gili Asahan,-8.737352002130644,115.88718578636761,PADI_MAP_API
10529,宜兴松木开放水域基地,31.239224129301913,119.55596923828126,PADI_MAP_API
10549,Um Almaradem,28.67823890213276,48.65192413330078,PADI_MAP_API
10608,Mun Nai Jetty,12.613809,101.686159,PADI_MAP_API
10609,Kasai Wall,9.96272177664877,123.36760282516478,PADI_MAP_API
10610,Baja Bocarones,27.647777777777776,-17.969166666666666,PADI_MAP_API
10611,Baja Fría,27.687736,-17.964601,PADI_MAP_API
10612,Punta de El Lajial,27.650277777777777,-18.02111111111111,PADI_MAP_API
10613,El Desierto,27.682222222222222,-18.03527777777778,PADI_MAP_API
10617,百福湾,18.286408078254293,109.59797859191896,PADI_MAP_API
10618,FETHİYE DİVİNG CENTRE - SARIYARLAR,36.60958542380886,29.03669357299805,PADI_MAP_API
10621,Rt Dobrec,42.41277914160723,18.549471039666848,PADI_MAP_API
10622,Bama Wall,-8.291296,124.304908,PADI_MAP_API
10623,Jesse Anne,43.42156989433293,-79.67229366302492,PADI_MAP_API
10624,Amphoras Dive Site,27.86787513481569,34.32390689849854,PADI_MAP_API
10625,Amphitheatre Bay,35.0773882329476,32.31667041778565,PADI_MAP_API
10626,St George Reef,35.07029350017741,32.33023166656495,PADI_MAP_API
10628,Fontana Amorosa,35.09094377892259,32.3034954071045,PADI_MAP_API
10629,Aphrodite Rock,35.058631510336554,32.34812736511231,PADI_MAP_API
10630,Aurora Reservoir,39.6077076,-104.6833428,PADI_MAP_API
10633,Farikede,-0.32383746341976777,73.44866752624513,PADI_MAP_API
10634,그로토,15.260297432470512,145.82393646240237,PADI_MAP_API
10635,Grotto,15.260007617215573,145.82410812377933,PADI_MAP_API
10675,Barco Viejo,9.3365675,-82.2568418,PADI_MAP_API
10676,LA CATTEDRALE,39.811907,18.384644,PADI_MAP_API
10677,Wreck Pajo,43.48414266851769,16.37059450149536,PADI_MAP_API
10679,Wreck Ribolovac,43.37134963866399,16.361775398254395,PADI_MAP_API
10680,Stracinska,43.334371180543684,16.35913610458374,PADI_MAP_API
10681,Cave Lucice,43.30413197006679,16.4534854888916,PADI_MAP_API
10682,ANCIENT SITE CIOVO NORTH,43.492284671583754,16.366968154907227,PADI_MAP_API
10683,Dhonfanu Thila,5.17241295391101,73.1162452697754,PADI_MAP_API
10686,Piattaforme SBL,45.63115300810346,10.605191588401794,PADI_MAP_API
10687,Clear Lake,52.76803323920075,-110.61249732971193,PADI_MAP_API
10729,Tortuga,10.575941,-85.710118,PADI_MAP_API
10730,Big Fish Country,2.246857563417173,118.63951206207277,PADI_MAP_API
10731,Turtle Traffic,2.199943523752773,118.59286308288576,PADI_MAP_API
10732,Barracuda Point (Kakaban),2.1387472205681735,118.50488662719728,PADI_MAP_API
10733,Manta Run,2.146123600205254,118.33991980010725,PADI_MAP_API
10734,Kelapa Dua,2.119963279368564,118.5564708709717,PADI_MAP_API
10736,SMALL CANYONS,43.48192405486395,16.343278884887695,PADI_MAP_API
10737,Red rocks,43.48249233910565,16.31441831588745,PADI_MAP_API
10739,WRECK „ALCADIJA“,43.485216915325196,16.1678409576416,PADI_MAP_API
10740,SHALLOWS MLIN,43.44880643171341,16.24002456665039,PADI_MAP_API
10741,Zaporinovac,43.47967869748159,16.209726333618168,PADI_MAP_API
10742,Kluda,43.47883704833326,16.165699703356083,PADI_MAP_API
10743,Orud,43.414680176617225,16.124453544616703,PADI_MAP_API
10745,Marinca Rat,43.38381379656698,16.209597587585453,PADI_MAP_API
10747,Travna,43.37718330207807,16.246708631515506,PADI_MAP_API
10749,MARIE GROTA CAVE/CLIFF,43.358043109662646,16.301908493041992,PADI_MAP_API
10750,Hausriff Tauchsport Nidwalden,46.988801,8.314687,PADI_MAP_API
10751,Steinibach Delta,46.989796,8.316586,PADI_MAP_API
10752,Flower Gardens Banks National Marine Sanctuary,27.8841,-93.8147,PADI_MAP_API
10753,São Macário,16.882746,-25.017586,PADI_MAP_API
10754,Above & Below Dive Centre @Blue Lagoon,53.673781728851566,-1.2061357498168945,PADI_MAP_API
10755,Racha Yai Island,7.603469,98.377075,PADI_MAP_API
10756,Soft Coral 軟珊瑚區,21.937034643767344,120.74588298797609,PADI_MAP_API
10757,es pallaret,38.97796042315712,1.232099533081055,PADI_MAP_API
10762,鲸探潜水中心,31.091704170505793,121.4246428012848,PADI_MAP_API
10763,Pyramids,-8.333376,115.65299,PADI_MAP_API
10851,Trou moutou,-20.405814710913095,57.72306919097901,PADI_MAP_API
10852,Scoglio Spandillo,37.947040297194114,12.077965736389162,PADI_MAP_API
10853,Kanapitsa,39.138948136353044,23.46889972686768,PADI_MAP_API
10854,Repio island - Dive site 1,39.14736896349185,23.53005409240723,PADI_MAP_API
10855,Myrmix and Lefteris – the VERA shipwreck,39.1371173884639,23.385343551635742,PADI_MAP_API
10857,Troulos Reef,39.13242379915454,23.423988819122314,PADI_MAP_API
10858,Koutseri (Diamanti),39.13848213231589,23.428387641906742,PADI_MAP_API
10859,The aquarium Small Tsougkriaki,39.125599228248724,23.477911949157715,PADI_MAP_API
10860,Repi site 2,39.14691965626012,23.526889085769657,PADI_MAP_API
10861,"Rosia Bay, Gibraltar",36.12173088882556,-5.3529220819473275,PADI_MAP_API
10863,문섬 난파선,33.22831080971808,126.56597996036557,PADI_MAP_API
10864,웅짬 (Dive11 Resort),36.1804497197018,129.39512729644778,PADI_MAP_API
10865,lobster crack,33.45496847839538,126.94371700286867,PADI_MAP_API
10868,Ilha do Arvoredo - Engenho,-27.292278129045872,-48.367137908935554,PADI_MAP_API
10869,Ilha do Arvoredo - Orquídea,-27.28627123681963,-48.36994886398316,PADI_MAP_API
10870,Ilha do Arvoredo - Parcel do Engenho,-27.29471893209661,-48.366708755493164,PADI_MAP_API
10871,Ilha do Arvoredo - Vidal,-27.29719781777701,-48.358683586120605,PADI_MAP_API
10874,Ilha do Arvoredo - Toca do Frade,-27.295634219408154,-48.363103866577156,PADI_MAP_API
10877,imelda,10.263320067018494,-75.61520576477052,PADI_MAP_API
10878,la virgen,10.25470530134682,-75.61881065368654,PADI_MAP_API
10880,palitos,10.259983984598176,-75.61486244201662,PADI_MAP_API
10883,octubre rojo,10.275186100378415,-75.60524940490723,PADI_MAP_API
10884,cuevas,10.259435005640704,-75.61640739440918,PADI_MAP_API
10885,carro norte,10.286967237248591,-75.59816837310792,PADI_MAP_API
10887,태종대 감지해변,35.05838718706808,129.09553527832034,PADI_MAP_API
10888,포항 청진 인공어초 포인트(십자어초/사각어초),36.17224835899679,129.39933300018313,PADI_MAP_API
10889,Brain Cave (Cueva de Cerebros),28.171542,-16.805928,PADI_MAP_API
10890,El Condesito Wreck,28.00690569513156,-16.70544147491455,PADI_MAP_API
10891,Palm Mar Wall (Bufadero),28.032373947566327,-16.70893907546997,PADI_MAP_API
10892,Palm Mar Cave (La Cueva de las morenas),28.029258222303397,-16.710891723632812,PADI_MAP_API
10894,El Penon - Tabaiba's Wreck,28.40071563875738,-16.330854892730713,PADI_MAP_API
10895,Sting Ray Point,16.069215440794466,-86.95515632629396,PADI_MAP_API
10898,Eagle Ray Rock,19.278888888888886,-81.39999722222223,PADI_MAP_API
10899,Oro Verde (Bow),19.341388888888886,-81.39500000000001,PADI_MAP_API
10900,Atalaia Garden,37.009201862716075,-8.92516851425171,PADI_MAP_API
10933,PUNTA DEL SERRONE,40.6766961680383,17.948355674743656,PADI_MAP_API
10934,Welland SCUBA Park,42.9814,-79.2561,PADI_MAP_API
10935,Sun Retreats Flamborough,43.35924440504625,-80.02181768417358,PADI_MAP_API
10937,Emerald Reef,25.67417,-80.09867,PADI_MAP_API
10939,Singliser See,51.05673270018541,9.310409930767493,PADI_MAP_API
10940,分界洲天宫潜点,18.57991126476635,110.19243121147157,PADI_MAP_API
10941,分界洲精品潜水,18.57815190604756,110.19149780273439,PADI_MAP_API
10943,亚特兰蒂斯大使环礁湖,18.358150646122475,109.7402858734131,PADI_MAP_API
10944,Greek Columns,37.84482521913636,15.298290252685547,PADI_MAP_API
10945,Isola Bella South,37.849828030737335,15.299942493438722,PADI_MAP_API
10955,Sea Pride,12.513545,-81.730071,PADI_MAP_API
10957,Cars,9.183701562560257,123.26299667358398,PADI_MAP_API
10959,Atmosphere House Reef,9.159662537032284,123.24504947609968,PADI_MAP_API
10960,Dauin Coast,9.197597089606354,123.27900409698485,PADI_MAP_API
10961,Dauin South,9.179126086817138,123.259220123291,PADI_MAP_API
10962,Luca Marine Santuary,9.191770154694549,123.2716467845603,PADI_MAP_API
10965,Pura Vida House Reef,9.191305514528885,123.27154736209198,PADI_MAP_API
10966,Sahara,9.193138294687518,123.27280282974242,PADI_MAP_API
10968,Wellbeach House reef,9.139734309123067,123.23014497756957,PADI_MAP_API
10969,wreck of the Cedar Pride,29.43077694969749,34.9731731414795,PADI_MAP_API
10970,Tihani Shipwreck,42.398614555699055,18.558482956891556,PADI_MAP_API
11046,Nirvana,12.501283,-81.732134,PADI_MAP_API
11047,Blue Diamond,12.535471811086532,-81.73594236373903,PADI_MAP_API
11048,West View,12.520505029244434,-81.7315607995768,PADI_MAP_API
11049,Las Cuevas,12.516776685210555,-81.72999858856203,PADI_MAP_API
11050,Mines of Moai,9.95346490880022,123.3658218383789,PADI_MAP_API
11051,Neptune´s House Reef,9.948319,123.365146,PADI_MAP_API
11052,Bantigi,11.347846112551332,124.11787576546418,PADI_MAP_API
11054,Submarine tunel,42.4240267412241,18.549363785850662,PADI_MAP_API
11055,Punta Penne,40.686692328945625,17.935094833374027,PADI_MAP_API
11058,Medina,8.919716859470594,125.02765633901674,PADI_MAP_API
11059,Sipaka Point Talisayan,9.017326,124.875584,PADI_MAP_API
11060,Balingoan,9.010094650125913,124.84638194184113,PADI_MAP_API
11062,Mantigue Island,9.172172693402652,124.82218625749088,PADI_MAP_API
11064,Kantoon,9.100020359903754,124.79867935180665,PADI_MAP_API
11065,South water caye,16.815819182254096,-88.08610439300539,PADI_MAP_API
11067,Ligid Caves,7.19704799247532,125.72418827655112,PADI_MAP_API
11068,Small Ligid,7.205733662221784,125.72247166609453,PADI_MAP_API
11069,Big Rock,7.182401192496038,125.75131077190683,PADI_MAP_API
11070,Pinnacle Point,7.174055711666555,125.75302739192,PADI_MAP_API
11071,Aundanao,7.095362251366053,125.79559941441843,PADI_MAP_API
11072,Tagbaobo,7.006262298204265,125.78941959449523,PADI_MAP_API
11073,Pindawon Wall,6.9641766541411805,125.79559941441843,PADI_MAP_API
11074,Mushroom Rock,6.928562774041914,125.79319614448146,PADI_MAP_API
11075,Isla Reta,6.936912680619164,125.73208470343288,PADI_MAP_API
11076,Kidopong,6.964858232156025,125.71629185637701,PADI_MAP_API
11077,De La Paz,7.013077429284453,125.71697849930467,PADI_MAP_API
11078,Pearl Farm Wrecks,7.027899997159764,125.71285862875618,PADI_MAP_API
11079,San Jose,7.035396288337837,125.71594853361492,PADI_MAP_API
11080,Marirssa,7.027729625500018,125.71491856294857,PADI_MAP_API
11081,Punta del Sol,7.059868319036776,125.68000623609814,PADI_MAP_API
11082,Dapia,6.964128528334965,125.69858904250457,PADI_MAP_API
11083,Mansud Wall,6.965125214150001,125.6827982004572,PADI_MAP_API
11084,Angels Cove,6.95984295373465,125.67704754419229,PADI_MAP_API
11085,Talisay Wall,6.949065254192772,125.66743450791779,PADI_MAP_API
11086,Coral Garden,6.913620643824205,125.68202572389916,PADI_MAP_API
11087,Linosoton,6.902543657257345,125.69017963864219,PADI_MAP_API
11091,Pelong Rock,5.076239366705834,115.0543212890625,PADI_MAP_API
11092,San Carlos Beach (Breakwater Cove),36.611256177708164,-121.89416885375978,PADI_MAP_API
11096,Tom's Garden,-7.974790242054254,39.74952220916748,PADI_MAP_API
11097,Critter's Alley,-7.972070212602287,39.750080108642585,PADI_MAP_API
11098,Danii's Reef,-7.980102747402523,39.7507667541504,PADI_MAP_API
11099,Frogfish Town,-7.97432273827944,39.75402832031251,PADI_MAP_API
11100,Nudi City,-7.97198521139049,39.75377082824708,PADI_MAP_API
11127,Mangel Halto,12.465282,-69.971237,PADI_MAP_API
11128,Seagull island,35.26025045875587,25.760214328765873,PADI_MAP_API
11130,Sminera,35.151038607994714,25.843491554260254,PADI_MAP_API
11131,Ksopetres,35.15830172150176,25.85237503051758,PADI_MAP_API
11132,Candia Housereef,35.217952469962135,25.713973045349125,PADI_MAP_API
11135,Mikomoto island,34.57604040609954,138.94139654606226,PADI_MAP_API
11136,Secca di Bocche di Puglia,40.6667384244887,17.98444747924805,PADI_MAP_API
11138,"Maderno, palestra subacquea Sommozzatori Bresciani Leonessa",45.63135557265307,10.605154037475588,PADI_MAP_API
11272,Blue Hole,28.918573,-13.670664,PADI_MAP_API
11273,Pedernales,12.578774,-70.058742,PADI_MAP_API
11275,Antilla Wreck,12.593434,-70.063419,PADI_MAP_API
11276,Kata Beach House Reef,7.823290999470534,98.2927894793097,PADI_MAP_API
11277,Addu Manta Point,-0.6096958070567206,73.15444850712085,PADI_MAP_API
11279,Tauchausbildungsanlage - Singliser See,51.05655608658533,9.310054779052736,PADI_MAP_API
11280,Cenote Dos Ojos,20.32599552628245,-87.38976001739503,PADI_MAP_API
11285,Oedolgae,33.23509803855682,126.54687881469728,PADI_MAP_API
11286,Nosy Tanilkely,-13.481032090187947,48.23817729949952,PADI_MAP_API
11290,Canyon,40.182660312875925,17.922381162643436,PADI_MAP_API
11292,Danao Wall,9.539981207719386,123.75188827514647,PADI_MAP_API
11293,Balicasag Island,9.515941559647818,123.68425369262694,PADI_MAP_API
11294,DIVE BUDDY POOL FACILITY (SHAH ALAM AQUATIC CENTER),3.073827273565658,101.53714530981105,PADI_MAP_API
11295,Ampera,-8.267957288724121,124.42547142505646,PADI_MAP_API
11298,Bakalang Jetty,-8.267320248741903,124.29927349090578,PADI_MAP_API
11299,The Labyrinth,-8.911788476926963,116.27419061217488,PADI_MAP_API
11300,Biatabang,-8.222873556452962,124.3633943796158,PADI_MAP_API
11305,Peksimet Island,36.56728208433598,28.825528621673588,PADI_MAP_API
11316,Mylopotas shore Reef,36.71300048642776,25.292973518371586,PADI_MAP_API
11317,Rovies,38.834401171779746,23.191806077957157,PADI_MAP_API
11318,Thermal Spring - Ilia Village,38.85220400171278,23.129541277885437,PADI_MAP_API
11319,St Nikolas,38.84123692619374,23.09562206268311,PADI_MAP_API
11320,Kimasi - Kotronia,38.813329308719354,23.51898193359375,PADI_MAP_API
11321,Sarakiniko,38.764758506539785,23.699269294738773,PADI_MAP_API
11329,BOREAS,41.83887416186901,3.1149673461914062,PADI_MAP_API
11330,LLOSA PALAMOS,41.84028095594902,3.118743896484375,PADI_MAP_API
11331,Ullastres,41.886719758849296,3.20101261138916,PADI_MAP_API
11332,GORGONIES,41.86176269509614,3.193073272705078,PADI_MAP_API
11338,Il Camino,40.277822871009484,17.85595873677364,PADI_MAP_API
11339,Teru Kaze Maru,11.974288577340166,120.07956862449646,PADI_MAP_API
11341,东安湖跳水馆,30.60068489650166,104.24617308203848,PADI_MAP_API
11342,CUEVA DEL JARRO,36.720155905949944,-3.730931282043457,PADI_MAP_API
11343,LA CALITA,36.721807061959446,-3.7351584434509273,PADI_MAP_API
11344,PIEDRA DEL HOMBRE,36.72487708580732,-3.7367677688598633,PADI_MAP_API
11345,PIEDRAS ALTAS,36.71948511368232,-3.733956813812256,PADI_MAP_API
11346,Sutera Harbour Marina Swimming Pool,5.967973178575129,116.05763375759126,PADI_MAP_API
11347,The Gardens,5.940068621330747,116.09786152839662,PADI_MAP_API
11348,Igloo,-4.337433333333333,39.58018333333334,PADI_MAP_API
11349,MV Alpha Funguo,-4.331216666666666,39.58433333333333,PADI_MAP_API
11357,Nat Nat,11.193852590253195,119.37915802001953,PADI_MAP_API
11360,Dilumacad Island,11.201640786099876,119.33551311492921,PADI_MAP_API
11361,Scogli di Mortoriotto,41.085874,9.618482,PADI_MAP_API
11439,South Miniloc,11.142388,119.318279,PADI_MAP_API
11440,Tambalanang,11.217553312700288,119.32594299316408,PADI_MAP_API
11442,Punta Coticcio,41.22243904039791,9.490041732788086,PADI_MAP_API
11443,Secca del Papa,40.913385,9.744306,PADI_MAP_API
11444,Secca dei Monaci,41.22398,9.523586,PADI_MAP_API
11447,Kisima Mungu,-4.327233333333333,39.58361666666667,PADI_MAP_API
11448,White Cross,1.5749820006325832,124.81021577191143,PADI_MAP_API
11449,Galu,-4.350391,39.576831,PADI_MAP_API
11450,EL BIOTOP,41.13535676876095,1.4285659790039065,PADI_MAP_API
11452,The 5 Sisters,11.33383961356164,-60.64453125000001,PADI_MAP_API
11454,El Fanadir North,27.29609186023447,33.830938339233406,PADI_MAP_API
11456,El Salto,36.7272934608431,-3.7359523773193364,PADI_MAP_API
11457,Zu Innaru Rock,37.86001448203432,15.302023887634276,PADI_MAP_API
11458,Blue Cave Bay,37.851659221563985,15.3044056892395,PADI_MAP_API
11459,Siphone,37.851566034816535,15.30543565750122,PADI_MAP_API
11460,The Canyon,37.84943118037185,15.301766395568846,PADI_MAP_API
11461,Bay of Sunshine Cave,37.84592701178845,15.294631486325228,PADI_MAP_API
11462,Crocodile Island,11.949413259939357,121.9490683075988,PADI_MAP_API
11463,Angol Point,11.9483531003553,121.93034648911141,PADI_MAP_API
11464,Balinghai,11.965059689706385,121.91901679489409,PADI_MAP_API
11465,Chanel Drift,11.942770850872071,121.94785601290134,PADI_MAP_API
11469,482m & Batty's Barge,36.11851559124926,-5.351817011833191,PADI_MAP_API
11470,Spanish Barges,36.11955126077395,-5.351731181144714,PADI_MAP_API
11471,Seahawk,36.12158356000921,-5.355277061462403,PADI_MAP_API
11473,Turtle Beach,12.0069166783773,92.93807136549583,PADI_MAP_API
11479,Artificial Reef and Coral Nursery,7.695596499754293,98.766188621521,PADI_MAP_API
11480,HTMS Kled Keaw Ship Wreck,7.690450480473486,98.77833366394043,PADI_MAP_API
11499,Small Reef/Three Tunnels,36.59736804433987,29.028019309043888,PADI_MAP_API
11500,Aquarium,36.62027777777778,29.041111111111114,PADI_MAP_API
11541,Illicnamo Pinnacle,-8.199894381081887,125.63188076019289,PADI_MAP_API
11542,Biquelli Wall,-8.181671502865292,125.63793182373048,PADI_MAP_API
11544,Doro,-8.16484964482913,125.58900833129884,PADI_MAP_API
11549,Alien Head,37.08462538343042,-8.211550712585451,PADI_MAP_API
11637,Salt Pier,12.082841,-68.283505,PADI_MAP_API
11638,海王潜水中心,30.49686833601623,104.07031059265138,PADI_MAP_API
11644,Cold Water Cave,36.72246922800819,28.646777272115294,PADI_MAP_API
11645,Tectonic Cove,36.54361944477327,29.01116609562451,PADI_MAP_API
11646,Kabak Tunnel,36.445864397827194,29.121746420860294,PADI_MAP_API
11647,Sancakli Bay,36.426617201001854,29.12904739379883,PADI_MAP_API
11651,Sariyarlar/Yellow Stones,36.61030902067489,29.036028385162357,PADI_MAP_API
11653,Iblis Reef,36.54583422171011,29.007475375692596,PADI_MAP_API
11656,Barranco,-0.7455901470837937,-90.29688835144044,PADI_MAP_API
11658,Dili Rock West,-8.555555555555557,125.49833333333333,PADI_MAP_API
11660,Lycian Wall,36.51466776675578,29.1218376159668,PADI_MAP_API
11661,Amphora Wall,36.545060852698214,29.055104255676273,PADI_MAP_API
11663,Big Reef/Dalyan Reef,36.60185014773341,29.02047157287598,PADI_MAP_API
11665,Anemone Garden,-20.40040715318888,57.720987796783454,PADI_MAP_API
11668,Inner Reef,-8.220760462323838,125.61445713043214,PADI_MAP_API
11670,Compass House Reef,-8.22844824821665,125.60981154441835,PADI_MAP_API
11671,Watuwai,-8.230646247983849,125.61046600341798,PADI_MAP_API
11672,Raiketa,-8.23455377300814,125.60952186584474,PADI_MAP_API
11679,Rocky,37.08359831045062,-8.213481903076174,PADI_MAP_API
11683,Wall of Grace,-0.608548,130.580001,PADI_MAP_API
11688,TriStar Lockheed L1011,29.502385,34.991777,PADI_MAP_API
11689,El Gaudi,39.99546806388788,3.819036483764649,PADI_MAP_API
11690,CALES PIQUES,40.00155008295607,3.7954759597778325,PADI_MAP_API
11691,CALA'N FORCAT,39.99776943210689,3.801859617233277,PADI_MAP_API
11694,SA CIGONYA,40.01144453463675,3.794338703155518,PADI_MAP_API
11695,CALA BLANCA,39.966381951755544,3.8330483436584477,PADI_MAP_API
11696,Es clot de Barcelona,39.99888721154424,3.808318376541138,PADI_MAP_API
11697,Cala Borp,39.99772011788677,3.8043379783630376,PADI_MAP_API
11698,Duiktank Transfo,50.813799231695654,3.352611064910889,PADI_MAP_API
11699,Hon Tam,12.175692879374104,109.23869132995607,PADI_MAP_API
11701,Superior,12.104284426897042,-68.94341468811037,PADI_MAP_API
11705,Canyons,39.972055455377685,3.828005790710449,PADI_MAP_API
11706,PLATAFORMA,39.98698520848235,3.8079643249511723,PADI_MAP_API
11708,時代廣場,13.5160121348871,120.98648786544801,PADI_MAP_API
11709,Schladitzer Bucht,51.434668218230875,12.339277267456056,PADI_MAP_API
11712,The Beach (Wannadive Grand Windsock House Reef),12.127907555037938,-68.28642368316652,PADI_MAP_API
11714,Plongée à Châtillon (Chindrieux),45.79846499001424,5.843170881271362,PADI_MAP_API
11717,River Taw,17.28102973958048,-62.69738674163819,PADI_MAP_API
11718,The Rock,17.263941074570564,-62.71931648254395,PADI_MAP_API
11719,Camps reef,17.2897168943017,-62.7550220489502,PADI_MAP_API
11724,Piedra de En medio,36.72141147573209,-3.7278413772583012,PADI_MAP_API
11725,Sa Ferradura,39.545386047342284,3.3522462844848637,PADI_MAP_API
11726,Front Porch,12.164512973571947,-68.28721761703493,PADI_MAP_API
11830,Carai Bernat,42.041409386181094,3.229795665706069,PADI_MAP_API
11833,Tascó Petit,42.04107823392277,3.226708173751831,PADI_MAP_API
11834,Sinningen,48.14354669531346,10.10166049003601,PADI_MAP_API
11840,Rock Beauty Point,11.332745571981905,-60.64693450927735,PADI_MAP_API
11841,广州市海珠区远峰大厦,23.09501474732654,113.25271904468538,PADI_MAP_API
11842,Invisibles,12.076901665927235,-68.28019022941591,PADI_MAP_API
11846,Lower Bala Falls,45.013617402101424,-79.6155820337716,PADI_MAP_API
11847,Twin Lake,52.94946,-114.36358,PADI_MAP_API
11851,Great Wall,39.348481995108585,22.96944558620453,PADI_MAP_API
11852,Bida Nok,7.654809396567921,98.76678943634035,PADI_MAP_API
11855,Islet Bay,37.70670363909326,-25.44238865375519,PADI_MAP_API
11856,Carall Bernat,42.04167582586045,3.228274583816528,PADI_MAP_API
11858,pleora,35.2319841410075,25.740022659301758,PADI_MAP_API
11859,niko beach,35.19523898103771,25.717020034790043,PADI_MAP_API
11861,Belle Mare Passe,-20.18431341602174,57.7800178527832,PADI_MAP_API
11890,Aqua Giri,3.6444002012579775,73.37214946746828,PADI_MAP_API
11891,Fulidhoo Caves,3.68358747663277,73.41694235801698,PADI_MAP_API
11893,Kudiboli Faru,3.6235015363610112,73.36554057241713,PADI_MAP_API
11894,Munko's  Garden,3.6222578375016967,73.37142011050085,PADI_MAP_API
11972,Tana di Gavino,41.048870764806104,8.93287181854248,PADI_MAP_API
12002,Arches,39.39534693862864,20.23312568664551,PADI_MAP_API
12003,Boya 6 - El Toro,39.46333339441317,2.4716234207153325,PADI_MAP_API
12004,Boya 5 - El Toro,39.46224831305393,2.471194267272949,PADI_MAP_API
12005,Boya 4 - El Toro,39.46197496928061,2.4715912342071538,PADI_MAP_API
12006,Glen Ayr,47.42033491301206,-123.12987327575685,PADI_MAP_API
12007,Nudi Falls,1.4610232806227543,125.22657215595247,PADI_MAP_API
12008,Blue RIbbon House Reef,13.734981816686902,120.88870525360109,PADI_MAP_API
12009,Yalong Bay Oceanarium,18.232359,109.643073,PADI_MAP_API
12010,Dongpai Island,18.214635812638356,109.64123725891115,PADI_MAP_API
12013,Tori's Reef,12.070608491819003,-68.28072667121889,PADI_MAP_API
12014,Baong Penyu (Turtle's Head),-8.528504,115.514138,PADI_MAP_API
12015,Vromoneri Reef,37.01811082532312,21.619720458984375,PADI_MAP_API
12017,Pink Beach,12.066643628310672,-68.28169226646425,PADI_MAP_API
12018,The Lake,12.107159169613254,-68.29025387763978,PADI_MAP_API
12020,Wild Scuba Housereef,9.139628382891809,123.22909891605379,PADI_MAP_API
12027,Pogaling,9.750509146197091,124.49827194213869,PADI_MAP_API
12030,Urisee,47.500271494848356,10.73943614959717,PADI_MAP_API
12032,SIX SHIP WRECKS IN KSAMIL,39.783377574015354,20.003786087036136,PADI_MAP_API
12033,Il canyon fantasma,40.03642528901208,18.463739020069315,PADI_MAP_API
12034,Il cimitero delle ancore,40.03312087095114,18.455359060317278,PADI_MAP_API
12035,Zandeiland 4,52.23465970740557,4.962215423583985,PADI_MAP_API
12036,LA PARED AMARILLA,36.72969256225719,-3.765665888786316,PADI_MAP_API
12037,Zeelandbrug,51.629179930691116,3.913321495056153,PADI_MAP_API
12038,Deglersee (Freizeitparadies Plittersdorf),48.87304233054488,8.148003816604616,PADI_MAP_API
12039,Manta point Komodo,-8.563367868922992,119.57794189453126,PADI_MAP_API
12040,ATLANTIS,-21.845964517534473,35.45099258422852,PADI_MAP_API
12041,FORREST 05 GUMP,-21.8456856828284,35.45185089111329,PADI_MAP_API
12044,Green Reef,3.666160922960158,73.39592456817628,PADI_MAP_API
12045,"Zandeiland 4, Vinkeveen",52.2340026375554,4.962687492370606,PADI_MAP_API
12046,Cala Llebeige,39.5744686100518,2.3080301284790044,PADI_MAP_API
12047,Angel City,12.103460672808993,-68.28743219375612,PADI_MAP_API
12048,Coral Garden,3.6628211166365108,73.42008590698244,PADI_MAP_API
12049,La Cala del Peñon,36.81814034997159,-2.5432062149047856,PADI_MAP_API
12052,TURTLE COVES,-21.84592468403835,35.45112133026124,PADI_MAP_API
12054,THE ROLLER COASTER,-21.845884850531107,35.450434684753425,PADI_MAP_API
12059,Fushifaru,3.6653222473164355,73.40622315155856,PADI_MAP_API
12060,Muraka Giri,3.6251159133352453,73.38286828314364,PADI_MAP_API
12061,Bali,37.799312670516436,23.871297215345564,PADI_MAP_API
12063,Shark's bay,37.445562042439335,24.4292163848877,PADI_MAP_API
12064,Sail Rock,9.926919,99.976959,PADI_MAP_API
12163,LongDong NO.4,25.112958775384048,121.91914594465545,PADI_MAP_API
12164,Dhigu Faru,3.622728689594255,73.41437816619874,PADI_MAP_API
12168,Paridise Bay - Mini Arco,35.98677474680601,14.327588081359865,PADI_MAP_API
12169,Arrecife De Cirkewwa,35.98797275243326,14.327550530433657,PADI_MAP_API
12171,Lanter Ponit,36.00453461783899,14.32548522949219,PADI_MAP_API
12172,P-31,36.00554141155355,14.336256980895996,PADI_MAP_API
12174,Aliwal Shoal,-30.19269240533443,30.796608924865726,PADI_MAP_API
12175,Paradise,35.363856,33.217463,PADI_MAP_API
12176,Zephiros,35.365886,33.215618,PADI_MAP_API
12179,Kudiboli Thila,3.62957,73.37117,PADI_MAP_API
12180,Endheri Gus,3.6216087511426562,73.38480949271185,PADI_MAP_API
12181,Racha Yai,7.601384745265003,98.36321353912355,PADI_MAP_API
12182,Blue Hole,36.05300668081933,14.188665747642519,PADI_MAP_API
12183,Buddha Island,7.748584128537627,98.30278873443605,PADI_MAP_API
12184,Cueva De Coral,36.05268574317083,14.188113212585451,PADI_MAP_API
12185,Inland Sea,36.05405188760356,14.191020727157595,PADI_MAP_API
12186,Karwela,36.01686695495648,14.2857563495636,PADI_MAP_API
12187,UM-Faroud,35.81927471486113,14.449768066406252,PADI_MAP_API
12188,Escafandra,35.81925731554125,14.450508356094362,PADI_MAP_API
12190,St. Michael Y Tug 10,35.86634330488515,14.591732025146486,PADI_MAP_API
12192,Kuda Thila,3.64464,73.44182,PADI_MAP_API
12193,Chrousso bay,39.9611438209737,23.68363738059998,PADI_MAP_API
12194,Porto Valitsa,39.954277,23.68353,PADI_MAP_API
12195,Loutra,39.921421,23.600006,PADI_MAP_API
12196,Avlaki,39.914904,23.653618,PADI_MAP_API
12197,Alice in Wonderland,12.099851784519302,-68.28547418117525,PADI_MAP_API
12198,La Dania's Leap,12.218168495953254,-68.34799110889436,PADI_MAP_API
12199,Margate Bay,12.051743673367607,-68.27229380607606,PADI_MAP_API
12201,Nudi Retreat,1.4814871512056422,125.23714542388917,PADI_MAP_API
12232,PETALO 1 DIVE SITE,40.34183406023773,23.91328811645508,PADI_MAP_API
12235,Open Ocean Habitat,1.25539,103.82183,PADI_MAP_API
12236,Shark Tank,1.25539,103.82183,PADI_MAP_API
12238,Pescador Island,9.923214024031665,123.34384892281379,PADI_MAP_API
12252,Dias,40.33424493696917,23.88110160827637,PADI_MAP_API
12263,Innerkip,43.201172956160754,-80.69612480099576,PADI_MAP_API
12264,Fernsteinsee & Samaranger See,47.346669,10.821765,PADI_MAP_API
12266,Kudiboli South,3.6209720754511334,73.36386680754264,PADI_MAP_API
12267,Bureki Thila,3.62619,73.37974,PADI_MAP_API
12275,Fussaru Huraa Uthuru Kandu,3.6022987458098523,73.33210945129396,PADI_MAP_API
12276,Sardina del Norte,28.15315464168974,-15.698915719985964,PADI_MAP_API
12302,Blindsee,47.36607647090841,10.850597620010376,PADI_MAP_API
12304,Punta Tegge,41.20762126820265,9.382688999176027,PADI_MAP_API
12305,Punta Sardegna,41.20548226027067,9.366070032119751,PADI_MAP_API
12306,Wrack der Jura - Bodensee,47.64766758692053,9.224138259887697,PADI_MAP_API
12307,Marienschlucht - Bodensee,47.76676,9.094385,PADI_MAP_API
12309,Parkbad,48.22122020716903,9.883441329002382,PADI_MAP_API
12310,Aquarium,3.617183559432289,73.3638024330698,PADI_MAP_API
12311,Three Rocks,34.650277777777774,32.658055555555556,PADI_MAP_API
12312,Melanda Heights,34.64577769283939,32.74290561676026,PADI_MAP_API
12315,Vinkeveen,52.2346334247983,4.960198402404786,PADI_MAP_API
12316,Canyons,14.772019238784765,120.22278785705568,PADI_MAP_API
12338,Birhen Point,9.726569083745558,124.55135822296144,PADI_MAP_API
12343,Dapdap,9.725342426557924,124.54165935516359,PADI_MAP_API
12350,Aspro Reef,34.64194444444444,32.68583333333333,PADI_MAP_API
12352,Jubilee Cavern,34.609475,32.79007,PADI_MAP_API
12353,Blue Cathedral,9.838810238976295,126.16733551025392,PADI_MAP_API
12355,Voidokilia,36.965529290390364,21.66113376617432,PADI_MAP_API
12356,Skalakia,37.05660270081279,21.579084992408756,PADI_MAP_API
12357,Channel Crevices,26.09057,127.708554,PADI_MAP_API
12358,Ukumbe reef,-6.327412393115435,39.253807067871094,PADI_MAP_API
12360,Basdio Sanctuary,9.748436664521702,124.49908733367921,PADI_MAP_API
12363,Coco South,9.732575409116627,124.50436592102052,PADI_MAP_API
12364,Coral Garden,9.724158063623152,124.50788497924806,PADI_MAP_API
12366,J.Edens Place,9.749197985817563,124.59212779998781,PADI_MAP_API
12367,MARLIN PINNACLES,-21.845606015669595,35.45047760009766,PADI_MAP_API
12386,AREA 51,-21.84572551639115,35.45189380645753,PADI_MAP_API
12387,Taka Gede,-5.8000017332451135,110.50873875617982,PADI_MAP_API
12406,Imperial Eagle And Statue Of Christ,35.965641715861075,14.434490203857422,PADI_MAP_API
12428,Arguineguín Reef,27.757114501614584,-15.691180229187012,PADI_MAP_API
12433,Vogelstangsee,49.505457,8.546448,PADI_MAP_API
12436,Magno Cave,9.729995240318702,124.57131385803224,PADI_MAP_API
12437,Neptune's House,9.743149663143273,124.583158493042,PADI_MAP_API
12441,Pygmy House,9.726611382188976,124.55453395843507,PADI_MAP_API
12445,Turtle Point,9.721154838803935,124.51449394226076,PADI_MAP_API
12446,Wonderwall,9.740950245894377,124.50101852416992,PADI_MAP_API
12447,Mandarin Garden,9.722170016408366,124.52638149261476,PADI_MAP_API
12448,Bacong West,9.726738277487145,124.5577096939087,PADI_MAP_API
12460,Black Rock,-4.464721572740808,55.221061706542976,PADI_MAP_API
12461,La Herradura,36.72454171102165,-3.726768493652344,PADI_MAP_API
12462,Ile du Planier,43.198754,5.229791,PADI_MAP_API
12463,Kontiki Marina,10.281979309549913,123.99933815002443,PADI_MAP_API
12465,La calanque de Méjean,43.32917310656234,5.218853676965969,PADI_MAP_API
12467,El Cabron Beach,27.871270370754797,-15.386116504669191,PADI_MAP_API
12468,Pasito Blanco Reef,27.743745753178658,-15.617752075195314,PADI_MAP_API
12469,Secca dell'Ammiraglio,41.01591535898523,8.8645076751709,PADI_MAP_API
12470,Tufia Beach,27.962756463434957,-15.380001068115236,PADI_MAP_API
12471,Baja de Arguineguín,27.740672775561787,-15.675258636474611,PADI_MAP_API
12475,Caveam,41.01555916922868,8.859186172485353,PADI_MAP_API
12476,Blue Hole,41.01646862762575,8.860024320300466,PADI_MAP_API
12477,Magic point,9.721154838803935,124.52178955078126,PADI_MAP_API
12480,Panorama Reef,9.745772026300417,124.49977397918703,PADI_MAP_API
12482,Seahorse Point,9.726272994491714,124.54612255096437,PADI_MAP_API
12483,Coco North,9.737228122148386,124.50183391571046,PADI_MAP_API
12484,Suba Sanctuary,9.758122233590491,124.59663391113281,PADI_MAP_API
12489,Leleiwi,19.733254414488382,-155.01719700903018,PADI_MAP_API
12491,Rocca Ruja,41.0658923392826,8.949437141418459,PADI_MAP_API
12492,Dofí Sud,42.04353230896173,3.226091265678406,PADI_MAP_API
12498,Piramide,41.02883403093162,8.87974262237549,PADI_MAP_API
12549,Stella Maru,-20.06818,57.51818,PADI_MAP_API
12571,Ile du Planier - Epave du Dalton,43.198754,5.229791,PADI_MAP_API
12572,Lake Phoenix,36.95093781653386,-77.7655863761902,PADI_MAP_API
12573,Streitköflesee/ Linkenkeim-Hochstetten,49.12014679795251,8.382911682128908,PADI_MAP_API
12574,Coquitos,20.23175785242932,-87.40409374237062,PADI_MAP_API
12576,racha noi,7.735571709332695,98.29695224761964,PADI_MAP_API
12579,Anchor,-26.832649094634835,32.90302276611329,PADI_MAP_API
12580,Bee Hive,-26.841724550100654,32.894096374511726,PADI_MAP_API
12581,Daku Arch,9.733167576193086,126.15051269531251,PADI_MAP_API
12584,Carabao Islad,12.044715746422375,121.92087096587561,PADI_MAP_API
12585,Koh Yawabon,7.9484710737042645,98.79788160324097,PADI_MAP_API
12587,Paradise,37.91745629633874,27.26394653320313,PADI_MAP_API
12594,Brighton Pier,50.8183541777013,-0.13659954071044925,PADI_MAP_API
12595,Marsa Mubarak,25.50880361546541,34.65125188581456,PADI_MAP_API
12598,Dolphin's Column,-34.063396762532626,23.380880056142097,PADI_MAP_API
12599,Deep Blinders,-34.06318345111781,23.381609498510922,PADI_MAP_API
12600,Redbait Reef,-34.06172580874591,23.38036569230577,PADI_MAP_API
12601,Shallow Blinders,-34.061903571353106,23.380064797024,PADI_MAP_API
12603,Pedra do Leão (Lion's Rock),38.43478704912519,-9.068162441253664,PADI_MAP_API
12606,El Planchon,9.363369068896835,-76.17645263671876,PADI_MAP_API
12607,El cantil del este,9.433330555555555,-76.36666663888889,PADI_MAP_API
12608,SOCORRO,9.41666388888889,-76.19999944444444,PADI_MAP_API
12659,Talayong Marine Sanctuary,9.098452474030447,123.60197424888612,PADI_MAP_API
12661,Bahura Dive House Reef,9.098569006324976,123.60159873962404,PADI_MAP_API
12663,Ras EL Torfa - Abu Siyal,25.429806859723616,34.69440584088745,PADI_MAP_API
12664,Carrière de La Gombe,50.509,5.56666,PADI_MAP_API
12665,Bikini on 2 mile,-27.53358073853102,32.68132190251036,PADI_MAP_API
12666,Caves and Overhangs,-27.534760429592506,32.68037999657104,PADI_MAP_API
12667,Chain Reef,-27.53118326284306,32.680680132000305,PADI_MAP_API
12668,Coral Gardens,-27.53278158577896,32.68053606440589,PADI_MAP_API
12669,Four Bouy,-27.53293380579877,32.68019279744284,PADI_MAP_API
12670,Pinnacles,-27.533999340034505,32.67967789699828,PADI_MAP_API
12671,Simon's Cave,-27.534303776490173,32.67984953047979,PADI_MAP_API
12672,Stringer,-27.533390464593293,32.68087933136895,PADI_MAP_API
12673,Waynes world,-27.53293380579877,32.680545102523304,PADI_MAP_API
12674,St. Leon-Rot See,49.2569,8.6265,PADI_MAP_API
12675,Junkyard Reef,10.09284,99.823923,PADI_MAP_API
12676,Mango Bay,10.123428,99.835081,PADI_MAP_API
12677,Chumphon Pinnacle,10.161195,99.787788,PADI_MAP_API
12680,Lykiaworld Dİve Centre - Liberty Hotel Lykia,36.520639,29.126354,PADI_MAP_API
12725,dega thia,3.844998846700164,72.75032026150811,PADI_MAP_API
12726,Moofushi shark  corner,3.879196,72.709149,PADI_MAP_API
12727,HTMS Sattakut,10.101691,99.815372,PADI_MAP_API
12728,Buoyancy World,10.117893508599048,99.8131835460663,PADI_MAP_API
12729,Twins,10.117408,99.813012,PADI_MAP_API
12730,White Rock,10.105346,99.815254,PADI_MAP_API
12731,Shark Island,10.061984,99.844759,PADI_MAP_API
12732,Japanese Gardens,10.119372,99.814224,PADI_MAP_API
12733,Pottery,10.082203,99.815683,PADI_MAP_API
12734,Western (Second) Steps - Southport Seaway,-27.939147,153.421959,PADI_MAP_API
12735,Promenade (Eastern) Steps - Gold Coast Seaway,-27.93582,153.429587,PADI_MAP_API
12736,South-West Wall - Gold Coast Seaway,-27.942465,153.420832,PADI_MAP_API
12737,Gold Coast Seaway Pipes,-27.93655971028315,153.4258317947388,PADI_MAP_API
12791,Santa Monica,10.021786232099261,126.02788209915163,PADI_MAP_API
12792,Burgos,10.018468763755436,126.07798576354982,PADI_MAP_API
12793,Pilar,9.862023427492815,126.10515117645265,PADI_MAP_API
12794,Dapa,9.754146531868281,126.05082035064699,PADI_MAP_API
12795,Casulian,9.696916559180304,126.0824489593506,PADI_MAP_API
12824,La pirámide,12.585517794445426,-81.68309211730958,PADI_MAP_API
12831,El bajo del bajo,12.58849151532196,-81.71549317316388,PADI_MAP_API
12832,La montañita,12.584680109703692,-81.71905465118024,PADI_MAP_API
12833,La plaza de toros,12.586062288061292,-81.71875381987425,PADI_MAP_API
12838,Grotta del grongo,43.47191982005554,10.329551696777346,PADI_MAP_API
12839,Salt pier,12.083428881375992,-68.28234672546388,PADI_MAP_API
12840,HTMS Chang wreck,11.95922720067425,102.2946895846944,PADI_MAP_API
12841,Sandycove Beach,53.28800019647413,-6.115694046020508,PADI_MAP_API
12842,Portroe Dive Quarry,52.8847,-8.344875,PADI_MAP_API
12843,C47 Airplane Wreck,36.98627145992337,27.432260513305668,PADI_MAP_API
12845,Laupheimer Baggersee - Rieskiessee,48.21316360267101,9.84752655029297,PADI_MAP_API
12846,Triton 12,52.94866374268827,4.753453731536866,PADI_MAP_API
12893,Bahura House Muck Dive,9.098505443259935,123.6008906364441,PADI_MAP_API
12894,Tulapos Marine Sanctuary,9.285363507434822,123.64181041717531,PADI_MAP_API
12895,Daquit Shoal,9.265118178070255,123.66841793060304,PADI_MAP_API
12896,Bogo Marine Sanctuary,9.235722255072371,123.66502761840822,PADI_MAP_API
12897,Salagdo-ong,9.21255111730285,123.68124961853029,PADI_MAP_API
12898,Pasihagon,9.213250086122793,123.67648601531984,PADI_MAP_API
12899,Olang Sanctuary,9.21183096616311,123.66908311843873,PADI_MAP_API
12900,Lusaran,9.205222451882332,123.66266727447511,PADI_MAP_API
12906,Liloan Lighthouse,9.123114098329038,123.68322372436525,PADI_MAP_API
12907,Sabas Slope,9.115371118469552,123.66263286422644,PADI_MAP_API
12908,Balas Balas,9.115359853577877,123.66296768188478,PADI_MAP_API
12909,Lazi Bay Pier,9.122616221555308,123.63830208778383,PADI_MAP_API
12910,Gabayan Bay,9.113622540676474,123.62567424774171,PADI_MAP_API
12912,Talayong Slope,9.10095261311113,123.6132287979126,PADI_MAP_API
12913,Lower Cabangcalan Sanctuary,9.09574043900164,123.5902261734009,PADI_MAP_API
12914,Campalans wall,9.097859218124363,123.58275890350343,PADI_MAP_API
12916,Cangmunag Sanctuary,9.104130730782272,123.55765342712404,PADI_MAP_API
12918,Tubod,9.144299699743243,123.50718498229982,PADI_MAP_API
12920,Sunken Island,9.156756244890689,123.49092006683351,PADI_MAP_API
12922,Tambisan Wall,9.195394176571806,123.45409870147705,PADI_MAP_API
12923,Caticugan Wall,9.22026087866829,123.48602771759035,PADI_MAP_API
12924,Nonoc Sanctuary,9.247074285882242,123.57529163360597,PADI_MAP_API
12925,Nonoc Shoal,9.249954593683997,123.58580589294435,PADI_MAP_API
12926,Sandugan Sanctuary,9.292182277791715,123.59735012054445,PADI_MAP_API
12927,Selinog Island,8.860945061745907,123.41375827789308,PADI_MAP_API
12928,Exotic House Reef,11.329589659353513,124.12611007690431,PADI_MAP_API
12929,Lighthouse,11.342581227800025,124.1090743673076,PADI_MAP_API
12930,Twins,11.346399779730211,124.1127741476028,PADI_MAP_API
12945,IREM METE,38.6632293081453,26.51919397706325,PADI_MAP_API
12946,9 EYLUL WRECK,38.65213675404966,26.526532173156742,PADI_MAP_API
12947,Suzy's wreck,15.34999669479101,73.77997398376465,PADI_MAP_API
12948,Sandy Island Garden,12.486652166479345,-61.48262778579962,PADI_MAP_API
12949,Malhos Tila,4.002929922954944,72.71962156312212,PADI_MAP_API
12950,Lago Calima,3.8758333333333335,-76.55138888888888,PADI_MAP_API
12951,The Bedroom,38.42296575580536,26.323714256286625,PADI_MAP_API
12952,monem wreck,38.420243798087014,26.28479140224583,PADI_MAP_API
12954,TETAWA BESAR,-8.511209333285557,119.63665008544923,PADI_MAP_API
12955,hin tai nam (blueberry hill),11.920767235740017,102.31189727783205,PADI_MAP_API
12956,T11 wreck,11.913544887237181,102.31636047363283,PADI_MAP_API
12957,Hin gue dueng (The pinnacle),11.814596220279627,102.36691474914552,PADI_MAP_API
12958,Koh yak - Koh rang national park,11.788467,102.395797,PADI_MAP_API
12959,Hin kuak maa (Three fingers),11.791911936914468,102.39961624145508,PADI_MAP_API
12960,Koh thian - Koh rang national park,11.805690762447794,102.37721443176271,PADI_MAP_API
12962,koh laun - Koh rang national park,11.785064,102.393909,PADI_MAP_API
12964,Lago Calima,3.8771212600050813,-76.55190825462343,PADI_MAP_API
12965,Zapalo Bay,34.664734685412206,32.84573078155518,PADI_MAP_API
12966,Shelter cove,15.351936580290568,73.78470540046693,PADI_MAP_API
12967,Bounty Bay,15.35583181591529,73.78070354461671,PADI_MAP_API
12968,Sail Rock,15.349417312158488,73.76422405242921,PADI_MAP_API
12969,Turbo Tunnel,15.349872541505135,73.78126144409181,PADI_MAP_API
13056,MELINA ISLAND,39.33658773288795,26.56077861785889,PADI_MAP_API
13122,Hin luk bath,11.946,102.2,PADI_MAP_API
13123,ART Reef by VHILS,37.082639696447345,-8.209791183471681,PADI_MAP_API
13124,Los Reyes,-32.249938161145245,-71.51460170745851,PADI_MAP_API
13125,arcoiris,-32.24717972012729,-71.5219831466675,PADI_MAP_API
13126,CAPTAIN FRANCO WRECK,40.131181679065584,26.358647346496586,PADI_MAP_API
13127,ANTIQUE WRECK,40.16880641187138,26.372852325439457,PADI_MAP_API
13130,Yelken Kaya,38.75113811053054,26.80423736572266,PADI_MAP_API
13131,Kandu Kolhu (Hithadhoo Corner),1.800308,73.41031611590579,PADI_MAP_API
13135,Escalvada Island,-20.699841115909635,-40.40668487548829,PADI_MAP_API
13136,PEARL LAKE BEACH RESORT,42.47963025691163,-89.02492046356201,PADI_MAP_API
13137,BÜYÜKADA KURŞUN BURNU,40.837734,29.124038,PADI_MAP_API
13138,Baía da Armação,38.43812759003096,-9.061403274536135,PADI_MAP_API
13140,Tourna Island,36.99490950554389,25.098416805267338,PADI_MAP_API
13184,Sithananne Reef,8.682851370119707,81.20819091796876,PADI_MAP_API
13186,Ao Kluai,11.679260973004943,102.60432353286183,PADI_MAP_API
13187,Soneva Reef,11.700105497049535,102.53398506099401,PADI_MAP_API
13189,Koh Reath,11.683336048204266,102.52387379151634,PADI_MAP_API
13190,Koh Reath,11.683127414515251,102.52415566587307,PADI_MAP_API
13191,Abu Dabab,25.33944932321037,34.74027156829835,PADI_MAP_API
13203,Red Light House,12.047906711947805,92.9841622773529,PADI_MAP_API
13206,Tribe Gate,12.038933,93.007304,PADI_MAP_API
13224,Gabayan Reef,9.115402226957695,123.63086700439455,PADI_MAP_API
13234,Cedric wall,9.302177253986656,123.60546112060548,PADI_MAP_API
13277,HTMS PRAB 741 Wreck,10.483454868719482,99.41817462390394,PADI_MAP_API
13279,NudiMadness,20.04041003730454,-155.8318376541138,PADI_MAP_API
13280,Iso-Tiilijärvi uimaranta,61.001840802310305,25.503805875778202,PADI_MAP_API
13293,Paliton Wall,9.17734671919232,123.46152305603029,PADI_MAP_API
13298,Candaping B Sanctuary,9.163196192327792,123.67339611053468,PADI_MAP_API
13299,Balayang Kugtong,9.156713876429025,123.69991779327394,PADI_MAP_API
13300,Liloan Corner,9.161586216411392,123.69519710540773,PADI_MAP_API
13323,Dolphin House/ Shaab Samadai,24.990064544932114,34.96845245361329,PADI_MAP_API
13324,Gylly Beach,50.14387865096156,-5.068269803010103,PADI_MAP_API
13326,Roca ballena,-0.9402329896634749,-89.60492134094238,PADI_MAP_API
13327,BAHIA GARDNER,-1.350817693425121,-89.65763211250305,PADI_MAP_API
13329,PARED DE TIJERETAS,-0.8866385382250118,-89.61002826690675,PADI_MAP_API
13330,BAJO DE CERRO MUNDO,-0.8570303790720145,-89.58805561065675,PADI_MAP_API
13331,PUNTA PITT,-0.7026996873456318,-89.24818754196168,PADI_MAP_API
13332,Shaab Marsa Alam,25.077203256978336,34.936351776123054,PADI_MAP_API
13333,Marsa Assalaya,25.155656691728698,34.85253810882569,PADI_MAP_API
13366,Bibb Pond,32.50368152547121,-84.99735887955372,PADI_MAP_API
13437,Franks Crack,-8.20777,125.5555,PADI_MAP_API
13440,Air cave,36.45789587565848,30.547893047332767,PADI_MAP_API
13457,Edmonton Leisure Centre,51.62418472342276,-0.06039261817932129,PADI_MAP_API
13458,Casa Verde,9.324241422927102,-82.21961975097656,PADI_MAP_API
13459,Koh Ngam Yai / Rhino Island,10.496335838521405,99.42167758941652,PADI_MAP_API
13460,Hin Pae / Rocky Pinnacle,10.500017524300521,99.42348538831618,PADI_MAP_API
13461,Hin Chedi / Rhino Horns,10.491936746750925,99.41913479164222,PADI_MAP_API
13462,Koh Ngam Noi / Vietnamese Island,10.485934,99.417161,PADI_MAP_API
13467,Hembadu Wreck,4.482134907923472,73.39517354965211,PADI_MAP_API
13470,Koh Haa,7.429240848718211,98.89527901609434,PADI_MAP_API
13472,Långrevsudden,61.6575968831283,17.38672256469727,PADI_MAP_API
13474,Three İslands,36.48741915591587,30.53263810696581,PADI_MAP_API
13475,Airplane C-47 Dakota,36.46002724291426,30.547775030136112,PADI_MAP_API
13476,Deep cave,36.4581720075129,30.55254936218262,PADI_MAP_API
13477,Pyramide Reef,36.46139922566138,30.552763938903812,PADI_MAP_API
13478,Kvinnerst södra,59.37062043386331,15.239710807800295,PADI_MAP_API
13479,Doodles,-26.800247234956018,32.89482593536378,PADI_MAP_API
13578,Hospital Point,9.334277829134216,-82.21820354461671,PADI_MAP_API
13583,Bida Nok Bay,7.655001188113638,98.76681423502613,PADI_MAP_API
13588,Fosse de plongées de Conflans,49.005313764361915,2.0904277194193854,PADI_MAP_API
13589,Fanning Springs State Park,29.588124412535198,-82.93476195864163,PADI_MAP_API
13592,Kuda Faru,4.567056378437022,73.37940216064455,PADI_MAP_API
13594,Kuda Thila,4.549431180983967,73.375883102417,PADI_MAP_API
13601,St George,18.346704792867193,-68.83415222167969,PADI_MAP_API
13603,Woodside Park Pool,51.614205983090834,-0.20091354846954348,PADI_MAP_API
13650,Bodu Hiti Thila,4.453255072233652,73.36193561553956,PADI_MAP_API
13781,MV New Marine,-9.53646847746877,147.27850914001468,PADI_MAP_API
13783,Tamaraw Reef,13.502857401963768,120.89673042297365,PADI_MAP_API
13784,Hibo Reef,13.503984084738464,120.88106632232667,PADI_MAP_API
13785,Deluna House Reef,13.504568288526979,120.89844703674318,PADI_MAP_API
13794,Canyon Wall,11.815268318557113,79.92759704589844,PADI_MAP_API
13799,Ravines,11.813333333333334,79.92861111111111,PADI_MAP_API
13854,Tatsunokuchi,32.694071426690286,129.79355335235599,PADI_MAP_API
13884,Coral Nursery,-19.127166688950112,-169.91540908813477,PADI_MAP_API
13885,Purple Heart,-19.026784546943798,-169.92184638977054,PADI_MAP_API
13888,La Cala,43.47269192200692,-3.756145576480776,PADI_MAP_API
13889,La Catedral,43.473935490054934,-3.7558111870021094,PADI_MAP_API
13946,Elsa's Reef,-38.3603012117846,144.82405185699466,PADI_MAP_API
13951,Ponte di Calafuria,43.47186142471816,10.333666205406187,PADI_MAP_API
13952,Sifone,42.857054,10.54862,PADI_MAP_API
13953,Ancoras,37.07870240465436,-8.666153023840119,PADI_MAP_API
13956,Blackadder,-12.93447695195448,-38.51171493530274,PADI_MAP_API
13957,Wormhole,-19.0634,-169.93568,PADI_MAP_API
13958,Bubble Cave,-19.063862043933664,-169.93721008300784,PADI_MAP_API
13959,The Tunnel,-19.05301,-169.92282,PADI_MAP_API
13963,Chimney,-19.06069,-169.9318,PADI_MAP_API
13965,Tepa Point,-19.132,-169.92138,PADI_MAP_API
13966,Kovalam,8.3963,76.972275,PADI_MAP_API
13969,Paradise 1,4.249684252231942,118.6318767856433,PADI_MAP_API
13970,Lobster Wall,4.244820337636341,118.62671280794245,PADI_MAP_API
13971,Artifical Reef,4.249202920309543,118.63343764678967,PADI_MAP_API
13972,Elsa's Reef 2,-38.35345906553452,144.82696485924882,PADI_MAP_API
13973,Blairgowrie Pier,-38.356987,144.773626,PADI_MAP_API
13974,Portsea Pier,-38.318389,144.713352,PADI_MAP_API
13999,Los Arcos,38.636718267483616,0.07711887359619142,PADI_MAP_API
14001,Nido del Águila,38.632121408306,0.07770359516143799,PADI_MAP_API
14144,Sorrento Pier,-38.33512593581306,144.7455167770386,PADI_MAP_API
14146,Corais da Boa Viagem,-12.93465471425891,-38.51080298423768,PADI_MAP_API
14147,No. 7,-19.05536,-169.9252,PADI_MAP_API
14210,Kovalam Grove Beach,9.0,1.9999998807907107,PADI_MAP_API
14376,Tres Piedras,38.63237283940014,0.07219433784484865,PADI_MAP_API
14377,Final del Paseo,38.632322553251846,0.07545590400695802,PADI_MAP_API
14378,La Higuera,38.63558688919975,0.08016586303710939,PADI_MAP_API
14379,Roca Plana,38.63212559883144,0.07375538349151613,PADI_MAP_API
14380,Roca Langosta,38.63034041281097,0.08256375789642334,PADI_MAP_API
14381,Fiha House Reef South,3.8775708397127167,73.36897373199464,PADI_MAP_API
14382,Lhohi Giri,3.887675615720736,73.37854385375978,PADI_MAP_API
14413,Andark Lake,50.88015821329388,-1.290721893310547,PADI_MAP_API
14607,Wilder Mann - Meersburg / Bodensee,47.69347228214548,9.268979430198671,PADI_MAP_API
14608,Liebesinsel - Überlingen / Bodensee,47.762132803040075,9.168519973754885,PADI_MAP_API
14609,Laupheimer Baggersee,48.21332088658649,9.847698211669922,PADI_MAP_API
14610,Friedberger Baggersee,48.36073314916559,10.965278148651123,PADI_MAP_API
14611,Bahia Ensueño,-32.13295764892267,-71.53035162484625,PADI_MAP_API
14617,Palma Cavern,39.547470868779406,2.6202392578125,PADI_MAP_API
14618,Palma Wrecks,39.54852980171147,2.63671875,PADI_MAP_API
14639,Punta Cala Figuera,39.45687235512798,2.5220489501953125,PADI_MAP_API
14640,WCDM - Hausriff Bonanza Playa,39.54085217181931,2.594586610794068,PADI_MAP_API
14641,The Odyssey,16.3436998697329,-86.5628297483168,PADI_MAP_API
14642,El Aguila,16.3275054,-86.5790357,PADI_MAP_API
14643,Overheat Reef,16.3233846,-86.5829402,PADI_MAP_API
14645,Dibba Rock Diving Excursion,25.18640841765658,55.22403359413147,PADI_MAP_API
14873,Green Pearl,16.334912,-86.571379,PADI_MAP_API
14874,sand key  lighthouse,24.453888888888887,-81.8775,PADI_MAP_API
14875,Eastern Dry Rocks,24.456163888888888,-81.84999972222222,PADI_MAP_API
14876,Isla El Sech,39.47383544493172,2.543678283691406,PADI_MAP_API
14877,Punta Marc,39.46197496928061,2.504324913024903,PADI_MAP_API
14878,Selsey Beach,50.72838094605414,-0.7787096500396729,PADI_MAP_API
14880,Escambron Marine Park (La poza del Escambron),18.46598336235196,-66.08664751052858,PADI_MAP_API
14882,Inner Mulberry Harbour,50.778257036171404,-0.6973099708557129,PADI_MAP_API
14883,Swanage Pier,50.608517250113955,-1.9508457183837893,PADI_MAP_API
14886,Ullastres III,41.886432216946986,3.203887939453125,PADI_MAP_API
14887,Ullastres III,41.88643222,3.203887939,PADI_MAP_API
14888,West End Wall,16.2690328,-86.6031793,PADI_MAP_API
14889,Mosquito Pier,18.148991882571657,-65.51344871520998,PADI_MAP_API
14890,Santa Anna,41.72011258750629,2.9409885406494145,PADI_MAP_API
14891,Carrière Flintkote,46.1290249362241,-71.27783775329591,PADI_MAP_API
14893,Ao Tum,11.619130675601133,102.53455938010863,PADI_MAP_API
14894,Odyssey Wreck,16.35227,-86.55429,PADI_MAP_API
14941,alsharm yanbu,24.14785007785467,37.935104370117195,PADI_MAP_API
15069,sund rock,47.40331638580707,-123.14137389233443,PADI_MAP_API
15154,Cayman Salvage Master,24.46666388888889,-81.77,PADI_MAP_API
15157,Babbacombe Beach,50.479657028901734,-3.5090160007745523,PADI_MAP_API
15163,Louis Sheid,50.262584419283534,-3.8614797700801393,PADI_MAP_API
15164,Jack Neil Beach,16.076331234175882,-86.93844082171617,PADI_MAP_API
15166,Teds Point,16.08593924181652,-86.88850881136061,PADI_MAP_API
15167,Moon Hole,16.084991,-86.893337,PADI_MAP_API
15234,Bognor Rocks,50.77910504016152,-0.6934905052185059,PADI_MAP_API
15235,Canyon Reef,16.3151943,-86.5904758,PADI_MAP_API
15236,Bear's Den,16.3368125,-86.5688637,PADI_MAP_API
15238,Amigos house reef(sardines),9.948487648739114,123.36562871932985,PADI_MAP_API
15242,Port Pelegri,41.887222954064214,3.1828057765960693,PADI_MAP_API
15244,Osezaki,35.02774729487063,138.78624916076663,PADI_MAP_API
15245,Fiha House Reef North,3.879197888084471,73.3676862716675,PADI_MAP_API
15246,Lhohi Paradise,3.8761111111111113,73.35972222222222,PADI_MAP_API
15247,Lhohi Thila,3.8766666666666665,73.35777777777777,PADI_MAP_API
15249,Ali Thila,3.868055555555556,73.36861111111111,PADI_MAP_API
15250,Alimas Faru,3.895277777777778,73.36194444444443,PADI_MAP_API
15251,Rannalhi Bodu Giri,3.915,73.37083333333332,PADI_MAP_API
15253,Kahambu Giri,3.9383333333333335,73.3736111111111,PADI_MAP_API
15256,Jack Faru,3.895277777777778,73.35277777777777,PADI_MAP_API
15258,Guraidhoo Manta Point,3.895277777777778,73.45972222222223,PADI_MAP_API
15259,Babbacombe Beach,50.479438554225275,-3.5090159862894588,PADI_MAP_API
15261,Melissa's Reef,16.3222911,-86.5842845,PADI_MAP_API
15262,Pillar Coral,16.3262758,-86.5808595,PADI_MAP_API
15263,Isla del Caño,8.69863257867282,-83.66333484649658,PADI_MAP_API
15265,la plag,21.709429930796215,39.08433437347413,PADI_MAP_API
15269,Palancar Gardens,20.35106492452566,-87.0265245857709,PADI_MAP_API
15270,Paradise Reef,20.46863148742675,-86.98369503021242,PADI_MAP_API
15271,Black Coral Wall,16.083609445714526,-86.91706868324458,PADI_MAP_API
15272,Paradise,27.859348153045737,34.3185639416278,PADI_MAP_API
15273,Bognor Rocks,50.77884528757301,-0.6935371086001397,PADI_MAP_API
15274,USNS General Hoyt S. Vandenberg (T-AGM-10),24.459,-81.7,PADI_MAP_API
15275,Rock Key,24.45722222222222,-81.86416666666666,PADI_MAP_API
15533,Neptune Goddess,13.071744786902002,-59.58945751190186,PADI_MAP_API
15666,Medhu Faru,3.8916666666666666,73.46944444444445,PADI_MAP_API
15668,Kandooma Thila,3.9074999999999998,73.47805555555556,PADI_MAP_API
15675,Barracuda Reef,26.073,-80.096,PADI_MAP_API
15676,Vilivaru Giri,3.903888888888889,73.44444444444444,PADI_MAP_API
15677,Sharks Bay - House Reef,27.952198220729255,34.38591957092286,PADI_MAP_API
15678,Montaña Amarilla,28.00955793247135,-16.638148705656118,PADI_MAP_API
15681,Yanbu,24.151705,37.950709,PADI_MAP_API
15682,Bajo de Fuera,37.63946832800967,-0.6884264945983888,PADI_MAP_API
15684,Indus,-32.12555555555556,-71.52638888888889,PADI_MAP_API
15687,Bloom Shallows,13.062088034413131,-59.55834388732911,PADI_MAP_API
15688,Close Encounters,13.06309135095632,-59.565167427062995,PADI_MAP_API
15689,the Boot,13.066143080383295,-59.5790719985962,PADI_MAP_API
15691,Pieces of 8,13.072246426059067,-59.59434986114503,PADI_MAP_API
15692,Asta,13.07337511043377,-59.6004867553711,PADI_MAP_API
15693,Friars Crag,13.074754606546671,-59.60645198822022,PADI_MAP_API
15694,Old Fort,13.078934850691342,-59.6134901046753,PADI_MAP_API
15695,Carlisle Bay,13.087002521538263,-59.61151599884034,PADI_MAP_API
15696,Trident,13.086668115556542,-59.613876342773445,PADI_MAP_API
15697,Old Jetty,13.099876806734228,-59.62898254394532,PADI_MAP_API
15698,Horseshoe Reef,13.118769019296696,-59.64065551757813,PADI_MAP_API
16199,Providencia,13.334421341416945,-81.39873504638673,PADI_MAP_API
16202,Martelo,37.07953695640534,-8.66698980331421,PADI_MAP_API
16208,Cala de la Escalerica,37.63199161761261,-0.6899285316467285,PADI_MAP_API
16209,Cala Fria,37.63440463818762,-0.6886625289916991,PADI_MAP_API
16210,Naranjito,37.62986741493708,-0.6770324707031251,PADI_MAP_API
16211,Pronto Wreck,32.637532,-16.91416,PADI_MAP_API
16218,Ras Qusier,26.11544651737331,34.2878578862273,PADI_MAP_API
16220,Il Grottone,40.901252,9.712257,PADI_MAP_API
16221,Parque,18.3321214330081,-68.81990432739258,PADI_MAP_API
16357,Maherida,35.573543799823085,24.076066024124742,PADI_MAP_API
16390,Maracaibo,20.26972,-87.0107,PADI_MAP_API
16392,The Wall Dive,35.5536754420198,24.061265660160466,PADI_MAP_API
16394,Seal Cave,35.550698909782135,24.069756750214545,PADI_MAP_API
16395,Cathedral Cavern,35.551659093546164,24.07100156717785,PADI_MAP_API
16560,La Cama de los Novios,37.377250927579624,-1.6232728958129885,PADI_MAP_API
16561,El castillo,37.40067597647892,-1.584606170654297,PADI_MAP_API
16562,La Fuente,37.43343130826439,-1.4757869058644604,PADI_MAP_API
16565,Los Covachos,37.42116262909334,-1.511049270629883,PADI_MAP_API
16566,Embarcadero del Hornillo,37.40852957145084,-1.5595543384552004,PADI_MAP_API
16567,CUEVAS DE LOS CORALES,-0.8932467040229348,-89.62564945220949,PADI_MAP_API
16568,Isla del Fraile,37.40761343214035,-1.5465188026428225,PADI_MAP_API
16569,Three sisters,23.862801875873817,58.1078052520752,PADI_MAP_API
16593,El Tubo,37.39358444894403,-1.5930175781250002,PADI_MAP_API
16594,Calarreona,37.38165007569084,-1.6202688217163088,PADI_MAP_API
16595,Gili Gede Wall,-8.724848277106464,115.92374319315027,PADI_MAP_API
16596,Batu Putih,-8.719503478093243,115.91923722281429,PADI_MAP_API
16598,Rengit West,-8.718103637141917,115.91322975319885,PADI_MAP_API
16599,Sunken Island,-8.715007000648344,115.92176983494912,PADI_MAP_API
16600,Gili Layar,-8.723999901418232,115.90962514781084,PADI_MAP_API
16625,Wave Corner,-8.713098102356208,115.91382973474309,PADI_MAP_API
16626,Lazy Wave,-8.71627959409386,115.9182500495615,PADI_MAP_API
16636,Santa Rosa,20.378423293856372,-87.03266136567524,PADI_MAP_API
16637,San Francisco,20.40290102054152,-87.0227052173277,PADI_MAP_API
16638,Providencia,13.331816649203553,-81.39094054698946,PADI_MAP_API
16639,Nuqui,5.713013351005372,-77.26821899414064,PADI_MAP_API
16641,Karon rock,7.832963,98.284378,PADI_MAP_API
16718,Borj Bolila,32.903551116189945,13.17067623138428,PADI_MAP_API
16751,shane's reef,-5.726423942393674,39.29054260253907,PADI_MAP_API
16820,Chunchacah,20.27187,-87.01093,PADI_MAP_API
16850,Castle Beach,50.14715137341197,-5.056382417678832,PADI_MAP_API
16894,Turtle City,23.85716983721192,58.09965133666993,PADI_MAP_API
16895,Black tip,23.860525541299726,58.08969497680665,PADI_MAP_API
16896,Quarter mile reef,-27.53708172019101,32.679047577559835,PADI_MAP_API
16897,Deep Corner,-8.729174963125603,115.91189978458391,PADI_MAP_API
16898,Coral Beach,-8.727393392603613,115.91125634732227,PADI_MAP_API
16899,The Canyon,-8.721369924535452,115.9064884173146,PADI_MAP_API
16901,Gili Poh,-8.722981848047908,115.95987945349536,PADI_MAP_API
16902,Gili Nanggu Wall,-8.714667641664413,116.00790085994164,PADI_MAP_API
16903,The Sand,-8.72938705428788,115.91151348048602,PADI_MAP_API
16904,Batu Belandra,-8.730065745197061,115.88709159191711,PADI_MAP_API
16905,Jay's Cathedral,-8.715176680024767,115.87057203478118,PADI_MAP_API
17118,De Baars / Put van Heel,51.533837,5.09521,PADI_MAP_API
17120,"Zandeiland 4, Vinkeveen",52.234120910846244,4.959919452667236,PADI_MAP_API
17122,Veenmeer Tynaarlo,53.08351472007817,6.634358167648315,PADI_MAP_API
17147,Chumphon Pinnacle,10.171614004492392,99.78022103224718,PADI_MAP_API
17148,Karpata,12.21939067441542,-68.35198760032655,PADI_MAP_API
17149,Tolo (Ol' Blue),12.215379838148536,-68.33712816238405,PADI_MAP_API
17150,Fethiye Divin Centre DALYAN BAY DROOP OFF,36.6039743539549,29.030513763427738,PADI_MAP_API
17152,Blue Coral Gili Gede,-8.748517180947358,115.93176874558581,PADI_MAP_API
17153,Latitude Rock,-32.208959,152.566342,PADI_MAP_API
17155,Blindsee,47.366210913789985,10.850501721400445,PADI_MAP_API
17183,Aquarius,12.098167756506358,-68.28496456146242,PADI_MAP_API
17184,Andrea 1,12.188078,-68.296648,PADI_MAP_API
17185,Red Beryl,12.046471224118463,-68.26788961887361,PADI_MAP_API
17378,Matavai Bombie,-19.10914,-169.91645,PADI_MAP_API
17379,Lake Denton,27.55949297044926,-81.48911476135255,PADI_MAP_API
17380,Blowhole,22.93151980436564,-109.80950832366945,PADI_MAP_API
17381,NORTH WALL,22.878671128153442,-109.89858436126809,PADI_MAP_API
17477,Stoney Cove,52.543646702323805,-1.274542808532715,PADI_MAP_API
17511,Ras Um Sid,27.84776593896118,34.316568374633796,PADI_MAP_API
17512,Lake Phoenix Scuba Park,36.952874,-77.764187,PADI_MAP_API
17513,Hide and seek,39.63255583122405,3.4302234649658208,PADI_MAP_API
17631,North Point,10.482959029683702,-85.87077140808107,PADI_MAP_API
17633,Ad Jatia,40.07454541578219,4.093008112863857,PADI_MAP_API
17634,Anna II wreck,37.44276809952013,25.439271926879883,PADI_MAP_API
17635,H2O Diving Academy Stützpunkt,47.893262174416726,17.15074181556702,PADI_MAP_API
17641,Sombrero,10.462723925937814,-85.85881948471071,PADI_MAP_API
17677,Elefante,10.466764722160221,-85.84342360496521,PADI_MAP_API
17807,Ustory housereef,9.13167323291836,123.52898597717287,PADI_MAP_API
17808,H2O Diving Academy Pool,47.94639731542749,16.846311092376713,PADI_MAP_API
17846,"dog point sanur, bali",-8.707796,115.26525,PADI_MAP_API
17847,GMC Reef,24.84350342164587,51.507457494735725,PADI_MAP_API
17848,SHARK VAAL,-21.84612385140799,35.45112133026124,PADI_MAP_API
17849,9-MILE SHALLOW,-21.845964517534473,35.45202255249024,PADI_MAP_API
17853,Eel Garden Dive Urge,28.506108783570472,34.52048063278199,PADI_MAP_API
18071,The Barge,24.8414,51.50893,PADI_MAP_API
18074,Alma Jane,13.52255,120.9736,PADI_MAP_API
18075,Alimatha House reef,3.5904774366416823,73.49849224090578,PADI_MAP_API
18076,Atoll,13.52269,120.99285,PADI_MAP_API
18077,Batangas Channel,13.52469,120.9586,PADI_MAP_API
18078,Big La Laguna,13.5255,120.96914,PADI_MAP_API
18079,Boatyard,13.51962,120.99098,PADI_MAP_API
18080,Boulders,13.511704,120.983591,PADI_MAP_API
18081,Coral Cove,13.515856,120.989299,PADI_MAP_API
18082,Coral Gardens 2,13.52046,120.95503,PADI_MAP_API
18083,Ernie's Cave,13.52297,120.98013,PADI_MAP_API
18084,Ernie's Point,13.523679,120.982325,PADI_MAP_API
18085,Fantasea Reef,13.523194250124439,120.97348451614381,PADI_MAP_API
18086,Giant Clam,13.513999,120.959558,PADI_MAP_API
18087,Horse Head,13.523136877512627,120.9932041168213,PADI_MAP_API
18088,Japanese Wreck,13.51925,120.99193,PADI_MAP_API
18089,Kilima Drift,13.516586,120.992217,PADI_MAP_API
18090,Kilima Steps,13.517795,120.99208,PADI_MAP_API
18091,Kilima Wall,13.5183383,120.991702,PADI_MAP_API
18092,LaLaguna Point,13.52495,120.97041,PADI_MAP_API
18093,Monkey Beach,13.522677896120745,120.97923517227174,PADI_MAP_API
18094,Monkey Wreck,13.52269,120.97904,PADI_MAP_API
18095,Montani Bay,13.518765,120.960386,PADI_MAP_API
18096,Odie's Wall,13.52853,120.95576,PADI_MAP_API
18097,Pink Wall,13.52276,120.99275,PADI_MAP_API
18098,Sabang Bay,13.521233142103558,120.97489535808565,PADI_MAP_API
18099,Sabang Point,13.5228,120.97853,PADI_MAP_API
18100,Sabang Wrecks,13.523179,120.975008,PADI_MAP_API
18137,AMPHITHEATRE,-21.84572551639115,35.452151298522956,PADI_MAP_API
18138,GAP (2 MILE),-21.84612385140799,35.4516363143921,PADI_MAP_API
18139,KINGFISH 03 ALLEY,-21.846004351019516,35.45150756835938,PADI_MAP_API
18140,THE FAD,-21.84548651484812,35.45189380645753,PADI_MAP_API
18142,Maite,9.150951718605388,123.49928855895998,PADI_MAP_API
18143,Wreck Point,13.52245,120.9847,PADI_MAP_API
18172,The Hill,13.516252,120.961361,PADI_MAP_API
18173,Sinandigan Wall,13.52166,120.99312,PADI_MAP_API
18174,Ship Yard,13.51627,120.96595,PADI_MAP_API
18175,Shark Cave,13.52275,120.9928,PADI_MAP_API
18176,Secret Bay,13.5154,120.96364,PADI_MAP_API
18269,MIYARU KANDU,3.5991721101109184,73.50394248962404,PADI_MAP_API
18270,Small La Laguna,13.524973,120.971038,PADI_MAP_API
18271,West Escarceo,13.52221,120.98776,PADI_MAP_API
18272,Turtle Rock,13.517712,120.991788,PADI_MAP_API
18273,Hole in the Wall,13.5228,120.99272,PADI_MAP_API
18274,Fish Bowl,13.523304,120.993977,PADI_MAP_API
18275,Dungon Wall,13.523303779617722,120.98462104797365,PADI_MAP_API
18276,Coral Garden,13.52877,120.947456,PADI_MAP_API
18277,Dry Dock,13.527601,120.968142,PADI_MAP_API
18278,Canyons,13.52443,120.993719,PADI_MAP_API
18284,Batea Cabezos,42.29462763289015,-8.834831927332743,PADI_MAP_API
18303,Santa Rosa Wall,20.37749806892404,-87.02446460723878,PADI_MAP_API
18304,No Name,10.116499,99.810029,PADI_MAP_API
18306,C-53 Wreck Felipe Xicotencatl,20.44535054811758,-86.99867663020783,PADI_MAP_API
18309,Kunaavashi Kandu,3.6379,73.3585,PADI_MAP_API
18310,Coco Giri Thila,3.62712,73.37406,PADI_MAP_API
18369,MEDHU KANDU,3.620501548263367,73.50934982299806,PADI_MAP_API
18501,Lake Jocassee Wall,34.96953098977804,-82.91321754455568,PADI_MAP_API
18502,Makadi house reef,26.9927219605714,33.90157699584962,PADI_MAP_API
18533,Barco De Las Morenas,28.004670187230865,-16.664242744445804,PADI_MAP_API
18535,Wraysbury,51.459690853844535,-0.5482928766326518,PADI_MAP_API
18698,Canyon,34.96080904083902,34.064301252365105,PADI_MAP_API
18764,Brumel,10.509944143356877,-85.824111700058,PADI_MAP_API
18765,Shipwreck named Africa,36.74421455424231,24.46311950683594,PADI_MAP_API
18766,Tunnels & Caves,34.963702,34.073067,PADI_MAP_API
18799,Pasir Merah (Red Sand),-8.28218424667815,124.3258059024811,PADI_MAP_API
19006,Okishima,35.203813170401766,136.05465531349185,PADI_MAP_API
19007,Otomi Beach,35.539874,135.500865,PADI_MAP_API
19008,Inchcape 1,25.51007,56.37737,PADI_MAP_API
19009,MInabe Syougase,33.7470377121195,135.30349731445315,PADI_MAP_API
19010,La Nao,38.16256835531742,-0.46533107757568365,PADI_MAP_API
19011,La Llosa (merolandia),38.15905903525341,-0.45447349548339844,PADI_MAP_API
19012,Arrecifes Artificiales - Reserva Marina Tabarca,38.16337817442237,-0.48477172851562506,PADI_MAP_API
19013,Scull Negre - Reserva Marina Tabarca,38.16223092803556,-0.4767680168151856,PADI_MAP_API
19014,Scull Roig - Reserva Marina Tabarca,38.16111740692557,-0.4732275009155274,PADI_MAP_API
19015,La Llosa - Isla Benidorm,38.50080862521001,-0.13132095336914065,PADI_MAP_API
19016,Berlingen Wildsau,47.67487710033323,9.021679759025574,PADI_MAP_API
19019,Wraysbury Dive Centre,51.46063853898319,-0.5470854433279794,PADI_MAP_API
19063,The Canyon,19.757328521936568,-70.52082180976869,PADI_MAP_API
19101,Santa Caterina,39.085,9.493055555555555,PADI_MAP_API
19199,Underwater Coral Resaraunt,29.54814789788506,34.953428151921486,PADI_MAP_API
19272,Plic Tenki,45.07165669774892,14.721648460714125,PADI_MAP_API
19273,3 Rocks,19.772943169074125,-70.51486730575563,PADI_MAP_API
19274,Sosua Bay,19.76133203503262,-70.519437789917,PADI_MAP_API
19358,Shark Scramble,34.953563490265054,139.771842956543,PADI_MAP_API
19359,Sassone,39.14527777777778,9.39111111111111,PADI_MAP_API
19360,Genn'e Mari,39.138888888888886,9.405000000000001,PADI_MAP_API
19361,Entella,39.144444444444446,9.391666666666666,PADI_MAP_API
19362,Isonzo,39.1375,9.394444444444444,PADI_MAP_API
19363,LT221,39.14861111111111,9.24111111111111,PADI_MAP_API
19364,Romagna,39.165277777777774,9.26388888888889,PADI_MAP_API
19365,Papa Doc Wreck,26.502914953594566,-78.62335681915285,PADI_MAP_API
19366,Isola dei Cavoli,39.08430735444495,9.540385769214483,PADI_MAP_API
19367,Punta de l'Avançada,39.90088059154865,3.108615875244141,PADI_MAP_API
19368,Isla Formentor,39.921980813878044,3.1496000289916997,PADI_MAP_API
19369,Es Castellet - The Pinnacle,39.93833641884113,3.184361457824707,PADI_MAP_API
19370,Gorgonias Garden / El Eden de Gorgonias,39.96172768273857,3.1761217117309575,PADI_MAP_API
19371,Andrea Ferrara Wreck,39.916319613808135,3.1927299499511723,PADI_MAP_API
19372,Cala Molins - Cala Carbó,39.920269337633975,3.057718276977539,PADI_MAP_API
19373,Geronimo Cave,39.94975340768179,3.2059907913208012,PADI_MAP_API
19374,Swiss cheese,39.89330794446193,3.192515373229981,PADI_MAP_API
19375,Bawe Reef,-6.152800678021692,39.13437386452956,PADI_MAP_API
19376,Pange Reef,-6.163766275391104,39.14428658523176,PADI_MAP_API
19377,Aquarium,-6.167392979529105,39.12810891064884,PADI_MAP_API
19378,Two Stones,-6.158475509600352,39.14343524196439,PADI_MAP_API
19379,Pinnacles,-6.1786142716213925,39.145151606141894,PADI_MAP_API
19380,The Great Northern,-6.15557409952461,39.14274869629336,PADI_MAP_API
19381,The Royal Navy Lighter,-6.144651001885706,39.14875594595547,PADI_MAP_API
19383,Østerstrands,55.565800696020155,9.769248962402346,PADI_MAP_API
19384,Hrid Mala Glavina,45.0561711367953,14.741705222346289,PADI_MAP_API
19385,Cantarijan,36.7354449409363,-3.776035308837891,PADI_MAP_API
19386,Skovshoved,55.76421316483773,12.602691650390627,PADI_MAP_API
19387,Alcala Bay or Baja de La Tortuga,28.200370787324875,-16.829321980476383,PADI_MAP_API
19527,Bau de la Ferrera,42.248033687595495,3.2356023788452153,PADI_MAP_API
19598,Carl's Hill,12.165205176522404,-68.32320397904606,PADI_MAP_API
19787,RESEARCH REEF,16.58717178299424,120.28690338134767,PADI_MAP_API
19788,FAGG REEF (WWII Tanks),16.64709346604383,120.25209967790784,PADI_MAP_API
19789,Lingsat Marine Protected Area (LMPA),16.641335488722525,120.30703994009481,PADI_MAP_API
19790,HOLCIM SANCTUARY,16.76929614087181,120.32966806590281,PADI_MAP_API
19791,PARAOIR SUR,16.78155746496175,120.32920605163451,PADI_MAP_API
19792,PARAOIR NORTE,16.783447489091657,120.32873398284774,PADI_MAP_API
19793,Maritime College,16.64458797364835,120.3075091121973,PADI_MAP_API
19886,Apo Island,9.08277323757655,123.27106475830077,PADI_MAP_API
19955,Shipwreck Peltastis,45.160606474385375,14.645991324505303,PADI_MAP_API
19974,Cathedral,-20.268960596574804,57.2933578491211,PADI_MAP_API
19975,Black Rock,-20.321407748594545,57.374124526977546,PADI_MAP_API
20020,"GHAR LAPSI-CAVES, Ghar Lapsi, Is-Siggiewi (Sur)",35.8269387444566,14.42361116392931,PADI_MAP_API
20021,"UM-FAROUD, Wied iz-Zurrieq (Sur)",35.81930951348946,14.44981098175049,PADI_MAP_API
20023,Bahia de Cata,10.497348570212546,-67.73886680603029,PADI_MAP_API
20024,London Aquatics Centre - Ocean Turtle Diving London,51.54014294832052,-0.009741888981167348,PADI_MAP_API
20053,Atlantis,12.043916387375571,-68.26694011688234,PADI_MAP_API
20055,Bachelor’s Beach (Beyond The Corals House Reef),12.125348,-68.287389,PADI_MAP_API
20056,La Ola,36.81370835938332,-2.0499587791275857,PADI_MAP_API
20057,Hembadhoo Wreck,4.483290077666061,73.39463710784914,PADI_MAP_API
20157,CABO SAN ANTONIO,38.79991847063498,0.19734617212353814,PADI_MAP_API
20158,La cullera,38.80974243699282,0.18646717071533203,PADI_MAP_API
20160,Capt. Dons Reef,12.150521697329458,-68.31419044249847,PADI_MAP_API
20161,Madi Gaa,4.522051378480554,73.36481094360353,PADI_MAP_API
20163,Grand Makadi house reef,26.997760010722004,33.90742421150208,PADI_MAP_API
20164,Negre del Falaguer,42.06662624711202,3.2108402252197266,PADI_MAP_API
20172,Haarlemmermeerse Bos Paviljoen,52.33072359272363,4.670305252075196,PADI_MAP_API
20174,SAN MARTIN NORTE (LA VIRGEN,38.7645660739152,0.22440433502197268,PADI_MAP_API
20175,SAN MARTIN SUR,38.763704417551,0.22411466865260188,PADI_MAP_API
20176,PIEDRAS ROTAS,38.7615795117574,0.22382526031590638,PADI_MAP_API
20177,PORTICHOL NORTE,38.75746337251516,0.22976882279033273,PADI_MAP_API
20178,TERMAS,38.75348086551005,0.22948991838284363,PADI_MAP_API
20179,PISCINAS DE NEPTUNO,38.75398287443092,0.23059519771266418,PADI_MAP_API
20180,Mª CLAUDIA,38.75237643345646,0.2316572722831945,PADI_MAP_API
20181,PARED NEGRA,38.745699275769866,0.22933964145250402,PADI_MAP_API
20182,CABO NEGRO,38.74615113320797,0.23311617082392827,PADI_MAP_API
20183,EL SKULL,38.74278723701823,0.23397452652568435,PADI_MAP_API
20184,CUEVA DE LAS GAMBAS,38.741498538285526,0.23197913387805083,PADI_MAP_API
20185,MONTAÑA HUNDIDA,38.74006755335252,0.23397456836881328,PADI_MAP_API
20186,ISLA DEL DESCUBRIDOR,38.72727109785982,0.21689438689136423,PADI_MAP_API
20187,CUEVA DE CABO LA NAO,38.733079583487054,0.23094907495621267,PADI_MAP_API
20189,Hilma Hooker,12.105018747437226,-68.28851578084921,PADI_MAP_API
20190,Cueva del Pargo,20.63602735149773,-87.05322861671448,PADI_MAP_API
20191,yolanda house reef,27.726272756389104,34.26116482562087,PADI_MAP_API
20192,Sweet Dreams,12.029624987437963,-68.25518131256105,PADI_MAP_API
20193,"P-31, Comino",36.00930375530537,14.32369351387024,PADI_MAP_API
20195,"KARWELA Y COMINOLAND, Xatt Lahmar, Gozo",36.01686695495648,14.2857563495636,PADI_MAP_API
20196,"BLUE HOLE, Dwejra, Gozo",36.052776820204066,14.18855309486389,PADI_MAP_API
20197,"CUEVA DE CORAL, Dwejra, Gozo",36.05268574317083,14.188113212585451,PADI_MAP_API
20198,"INLAND SEA, Dwejra, Gozo",36.05380901921525,14.191149473190308,PADI_MAP_API
20199,"ARRECIFE, Cirkewwa (Norte)",35.98849361877116,14.328086972236635,PADI_MAP_API
20200,"EL ARCO, Cirkewwa (Norte)",35.99064649648592,14.327856302261354,PADI_MAP_API
20201,"LA MADONNA, Cirkewwa (Norte)",35.98884954212428,14.32720184326172,PADI_MAP_API
20202,"P-29, Cirkewwa (Norte)",35.98884086108599,14.32621479034424,PADI_MAP_API
20203,"ROZI, Cirkewwa (Norte)",35.99012564436179,14.326772689819338,PADI_MAP_API
20204,"PARADISE BAY, Cirkewwa (Norte)",35.98722617135213,14.330828189849855,PADI_MAP_API
20205,"ANCHOR BAY-POPEYE, Il- Mellieha, (Norte)",35.95990165373652,14.340655803680422,PADI_MAP_API
20206,"ST. MICHAEL AND TUG 10, Zonqor, Wied il-Ghajn (Sur)",35.86652588913234,14.574512243270876,PADI_MAP_API
20208,"ESCAFANDRA, Wied iz-Zurrieq (Sur)",35.81925731554125,14.450508356094362,PADI_MAP_API
20316,Puffer Paradise,8.395334,76.971331,PADI_MAP_API
20326,Agios prokopios reef,37.07171748830214,25.35022258758545,PADI_MAP_API
20327,Scoglietto di Portoferraio,42.82902348554863,10.331225395202638,PADI_MAP_API
20348,Assenza,45.725693,10.780925,PADI_MAP_API
20414,Red Slave,12.026854760320914,-68.25136184692384,PADI_MAP_API
20415,Vista Blue,12.038313241865545,-68.26513767242433,PADI_MAP_API
20416,White Slave,12.058165058332095,-68.28088747339388,PADI_MAP_API
20417,Larry’s Lair,12.087121732268342,-68.28429937362672,PADI_MAP_API
20418,Jeannie’s Glory,12.08540120580683,-68.28363418579103,PADI_MAP_API
20420,Qarouh Island,28.816166498518708,48.77473711967469,PADI_MAP_API
20433,hon bac island,12.340714538666992,109.29182052612305,PADI_MAP_API
20447,Shipwreck Pioner,42.43634863284442,27.69267082214356,PADI_MAP_API
20519,Mermet Springs,37.284160469761495,-88.85828018188477,PADI_MAP_API
20581,Lundy Island - Gannet's Bay,51.196073592737626,-4.669532572689321,PADI_MAP_API
20582,KASTRI,36.74941399963363,26.987239122390747,PADI_MAP_API
20584,"Monad Shoal, Thresher Shark Divers Mooring Line",11.307539,124.187565,PADI_MAP_API
20589,I relitti,45.597066728907784,10.522343516349792,PADI_MAP_API
20613,Kanuhura Beru,5.5279979368494345,73.51098010734374,PADI_MAP_API
20629,Iberia Wreck,40.5375,-73.68583333333333,PADI_MAP_API
20632,Lake Hydra f/k/a Dutch Springs,40.684852,-75.35545,PADI_MAP_API
20679,Virador,10.610311,-85.701492,PADI_MAP_API
20680,Playpen,10.581246,-85.709571,PADI_MAP_API
20681,Seahorse alley and Lagoon,42.41660551331035,27.700299024581913,PADI_MAP_API
20712,Punta Argentina,10.578673,-85.712886,PADI_MAP_API
20715,Blairgowrie Pier,-38.35555627428645,144.77414131164554,PADI_MAP_API
20716,Swami Rock,8.583142956904972,81.24612807530154,PADI_MAP_API
20717,Navy Island,8.565576519605795,81.24181938197582,PADI_MAP_API
20782,Pennyroyal Scuba,36.86101261399023,-87.46679306030272,PADI_MAP_API
20790,Peak,5.523085604599347,73.43648059528961,PADI_MAP_API
20793,Halftime Dive Boat,40.88437758756868,-72.49063787751255,PADI_MAP_API
20797,Prybil Beach,40.89888595893784,-73.62260416225278,PADI_MAP_API
20798,Bayville Barge,40.909782896245886,-73.54344606399538,PADI_MAP_API
20799,Orchard Beach (a/k/a Captain Mike's Beach),40.853646093831294,-73.78784894943239,PADI_MAP_API
20800,Mandy Ray Wreck,40.80361111111111,-72.48055555555555,PADI_MAP_API
20801,12 Mile Reef - Dauntless and Relentless Wrecks,40.61694444444444,-72.51777777777778,PADI_MAP_API
20805,SS President Coolidge,-15.522663527599695,167.23666548728946,PADI_MAP_API
20807,Wall,5.518878052856306,73.44124317169191,PADI_MAP_API
20808,Ras Ghamila,27.975112143138727,34.42462921142579,PADI_MAP_API
20809,Puerto del Carmen,28.918626196588374,-13.649611473083496,PADI_MAP_API
20812,Blijkpolder,52.25783490741672,5.050106048583985,PADI_MAP_API
20814,Puerto del carmen,28.918738888878604,-13.669567108154299,PADI_MAP_API
20832,KICKER ROCK,-0.7772159626640275,-89.51936960220338,PADI_MAP_API
20851,Oberoi House Reed,27.079990721333573,33.88342380523682,PADI_MAP_API
20857,S S Rangoon,6.023088,80.204649,PADI_MAP_API
20862,Khmer Garden,10.697635027871641,103.2429027557373,PADI_MAP_API
20863,Réserve Marine Banyuls-Cerbère,42.47172,3.16494,PADI_MAP_API
20875,3 - ROCKS,36.750738750042444,26.990661621093754,PADI_MAP_API
20878,Koh Rong Corner,10.660692302882238,103.25796604156494,PADI_MAP_API
20880,Koh Touch East,10.670919477055296,103.2924485206604,PADI_MAP_API
20883,Pulau Tioman,2.7875387376954,104.12099361419679,PADI_MAP_API
20888,Corbella Ovest,42.73494066788244,10.318994522094728,PADI_MAP_API
21011,Lizzie D Wreck,40.25662,-73.50736,PADI_MAP_API
21044,Abu Nuhas Ghiannis D.,27.57786754342932,33.92320632934571,PADI_MAP_API
21045,SS Thistlegorm,27.81459659186075,33.92020225524903,PADI_MAP_API
21047,Tree House,10.671478271509732,103.27909111976624,PADI_MAP_API
21048,Humber Bay Park West,43.61521511958496,-79.47728633880617,PADI_MAP_API
21051,Alouette Lake,49.289579314431066,-122.48894333839418,PADI_MAP_API
21053,Batu Bolong,-8.53608,119.613991,PADI_MAP_API
21055,Whytecliff Park,49.37197866899015,-123.29129934310912,PADI_MAP_API
21056,Kelvin Grove,49.449589027386565,-123.23945787501484,PADI_MAP_API
21058,Manuel's Wall,9.328730315411278,-82.22233414649965,PADI_MAP_API
21059,Observatory,-23.169795843757786,150.92416763305667,PADI_MAP_API
21061,Shelving beach,-23.187825069085356,150.93515396118167,PADI_MAP_API
21062,Monkey beach,-23.1944917165039,150.93927383422854,PADI_MAP_API
21064,Barren Island,-23.1545657660099,151.07471466064456,PADI_MAP_API
21065,RMS Atlantis,30.24218,-86.51012,PADI_MAP_API
21068,Bald Rock,-23.170096679531454,150.99332571029666,PADI_MAP_API
21069,Red beach,-23.182223250450154,150.98905563354495,PADI_MAP_API
21070,Butterfish bay,-23.154920891168686,150.96633195877078,PADI_MAP_API
21071,Man and wife rocks,-23.116246180215345,150.99188804626468,PADI_MAP_API
21072,Big peninsula / Secret beach,-23.15022527134407,150.9740781784058,PADI_MAP_API
21074,Outer Rock,-23.062280289145725,150.95240592956546,PADI_MAP_API
21140,Paul Thomas,16.284594,-61.803434,PADI_MAP_API
21141,BULLSHARK SITE,20.624018495040207,-87.06289529800415,PADI_MAP_API
21150,reef Galiola,42.26292304215754,18.85060787200928,PADI_MAP_API
21151,Flowers Gardens,26.683566666666668,-80.0167475,PADI_MAP_API
21155,Porteau Cove,49.56039289993071,-123.23519825935365,PADI_MAP_API
21165,Cypress Spring,30.649431810389828,-85.68971157073976,PADI_MAP_API
21166,Little Bight,16.07972295514824,-86.9299113200382,PADI_MAP_API
21167,Vortex Spring,30.771117834994186,-85.9482765197754,PADI_MAP_API
21170,Cape Ose,35.02514672573678,138.78682851791385,PADI_MAP_API
21172,"Parque dos Corais, João Fernandes, centro da praia.",-22.741519621455588,-41.8763154745102,PADI_MAP_API
21173,Narqin Island,40.29537001566174,49.917669296264656,PADI_MAP_API
21174,Cates Park in Deep Cove,49.30236252061265,-122.95363068580629,PADI_MAP_API
21175,Tyee Cove,49.290426033229025,-124.14106607437135,PADI_MAP_API
21177,Shark Bay,23.858877136118814,58.08368682861329,PADI_MAP_API
21186,Blue Channel,16.299779,-86.600198,PADI_MAP_API
21212,The Coolidge Ltd,-15.522162948436229,167.23569247315936,PADI_MAP_API
21213,Gros Morne,16.312684620128717,-61.8023443222046,PADI_MAP_API
21240,The lighthouse,9.720308855113045,118.76885890960695,PADI_MAP_API
21241,Maris rock,9.72145093259021,118.76765727996828,PADI_MAP_API
21242,Reyes Reef,9.722085418392357,118.76559734344484,PADI_MAP_API
21243,Silica Reef (Tangdol Reef),9.723481282919593,118.76160621643068,PADI_MAP_API
21244,Red Cliff,9.695859002693467,118.74216556549074,PADI_MAP_API
21245,Finger Lock,9.688159890970825,118.76413822174074,PADI_MAP_API
21257,DIVE FOR潜水馆,30.55950326223358,104.0614378452301,PADI_MAP_API
21283,Put van Ekeren,51.28403784974882,4.398994445800782,PADI_MAP_API
21287,MESUDIYE WRECK,40.118515,26.398516,PADI_MAP_API
21288,Rocky Bay,-34.193256865449136,18.81855010986328,PADI_MAP_API
21289,Lorry Bay,-34.182509377300896,18.822391033172607,PADI_MAP_API
21290,Bigelow Hollow State Park,41.992287818228064,-72.13142395019533,PADI_MAP_API
21302,catedral,28.919264784613908,-13.667335510253908,PADI_MAP_API
21306,GULÁŠKA DIVING ZONE,48.214524,17.429275,PADI_MAP_API
21307,Saint Disdille,46.401219993143265,6.502897739410401,PADI_MAP_API
21308,Camp Cove,-33.83873470434083,151.27918902252088,PADI_MAP_API
21309,Camp Cove South,-33.839975,151.277495,PADI_MAP_API
21310,Gordon's Bay,-33.915742,151.263096,PADI_MAP_API
21355,Kata Beach North,7.823106,98.293155,PADI_MAP_API
21356,Al Fasma,24.142641699105383,37.92665004730225,PADI_MAP_API
21362,"Clownfish, Tofo",-23.84427606043319,35.54746627807617,PADI_MAP_API
21363,Passarela do Ribeiro - Bombinhas,-27.145540941511246,-48.49504708157392,PADI_MAP_API
21365,North Bondi,-33.893365,151.282131,PADI_MAP_API
21368,Ojo de Agua,20.8505905122856,-86.87241548611726,PADI_MAP_API
21369,Perucac Lake,43.96780092394082,19.36640739440918,PADI_MAP_API
21371,Coralita,17.9899861,-63.0564551,PADI_MAP_API
21372,Tegna,46.18555757233678,8.749634027481077,PADI_MAP_API
21375,West Hill Lake,41.88601687635893,-72.95814514160158,PADI_MAP_API
21376,Gabr el Bint,28.35317,34.43355,PADI_MAP_API
21378,Long Lake,47.283519635116065,-95.3102695941925,PADI_MAP_API
21407,Lake Motosu,35.46584313419008,138.58634906414395,PADI_MAP_API
21408,Ito,34.954583533697374,139.7687101364136,PADI_MAP_API
21409,Ito,34.955005616921746,139.76913928985599,PADI_MAP_API
21413,Parede do Sardinha,32.7374,-16.683083,PADI_MAP_API
21416,Pileh wall,7.684241614678355,98.7703150675819,PADI_MAP_API
21417,Mushroom Rock,7.694235575108032,98.76455783843996,PADI_MAP_API
21418,GMC Reef,24.842125773372288,51.50678157806397,PADI_MAP_API
21419,Lego Hill,38.1735889,26.770102777777776,PADI_MAP_API
21420,HTMS Suphairin,10.117851260655803,99.81037259101869,PADI_MAP_API
21421,Bubba,25.933611111111112,-81.8611111111111,PADI_MAP_API
21504,La Mer Beach,21.75446,39.05828,PADI_MAP_API
21506,Steinbruch Horka,51.262998,14.246798,PADI_MAP_API
21531,"Batéguier, petit et grand tombants",43.51986280221587,7.032623291015626,PADI_MAP_API
21532,Brescou,43.26389378384516,3.502149519264171,PADI_MAP_API
21534,les 3 pics,43.26089359860573,3.509660699865345,PADI_MAP_API
21537,Plaza de Toros,43.47444244476098,-3.7551784515380864,PADI_MAP_API
21538,Blue Hole,28.572461991197848,34.53732490539551,PADI_MAP_API
21539,Wreck beach,-23.159655803330985,150.976095199585,PADI_MAP_API
21600,Blue Hole,28.572839090259265,34.53753719797575,PADI_MAP_API
21625,Las Agujas,43.47444244476098,-3.7570667266845703,PADI_MAP_API
21631,Maaneyreh,-0.29933316439485946,73.42047214508058,PADI_MAP_API
21632,Kudhu Falhagando,-0.3189451911459364,73.44527721405031,PADI_MAP_API
21633,Haandhi Elhe,-0.3080019421683752,73.42635154724123,PADI_MAP_API
21634,Aruh Fanno,-0.2935289417712367,73.41173887252809,PADI_MAP_API
21635,Anbul,-0.28079397334297485,73.42068672180177,PADI_MAP_API
21636,Aldan,42.28972295821865,-8.810927846967841,PADI_MAP_API
21637,Pecio Skotland,43.50809850420619,-3.797664642333985,PADI_MAP_API
21638,"Pecio ""Rio Miera""",43.51376308211682,-3.78255844116211,PADI_MAP_API
21639,La Corbera,43.47378844105951,-3.753719329833985,PADI_MAP_API
21701,Yucab reef,20.4636,-86.98828,PADI_MAP_API
21702,Palancar Caves,20.326386111111113,-87.0275,PADI_MAP_API
21703,The Canyon,28.554859844440887,34.52118873596192,PADI_MAP_API
21705,The Blue Hole,28.5728389306686,34.53736551710362,PADI_MAP_API
21707,Ballena,20.191102467852733,-87.4328899383545,PADI_MAP_API
21708,Protea Banks,-30.821179194149984,30.485343933105472,PADI_MAP_API
21709,Thundi,-0.27851948719186176,73.42133045196535,PADI_MAP_API
21710,Neregando,-0.2869737070559794,73.4081554412842,PADI_MAP_API
21711,GEMMISKIH FANNO,-0.2777041052570355,73.41386318206789,PADI_MAP_API
21712,Roe Reef,-31.979166666666664,115.53999999999999,PADI_MAP_API
21774,Bajo El Norte,-33.3262253745955,-71.68235778808595,PADI_MAP_API
21777,Katoulia's Canyon,37.06250600228857,21.552343368530277,PADI_MAP_API
21778,Echinger Weiher,48.314954,11.615789,PADI_MAP_API
21782,Net Cave,11.923055555555555,80.03611111111111,PADI_MAP_API
21784,Dive Flag Rock,18.277810012489276,-64.89821434020998,PADI_MAP_API
21792,Big Coral,26.514244,54.049732,PADI_MAP_API
21812,Duck Island Isles of Shoals,43.00323483507604,-70.60437230219323,PADI_MAP_API
21942,Green Bay,35.00052507817997,34.06780421118165,PADI_MAP_API
21946,Yallow Stone Reef,29.416488541155815,34.97453564263783,PADI_MAP_API
21972,First Reef,25.91333,-81.74833,PADI_MAP_API
21973,Wraysbury Lake,51.459690853844535,-0.5482928766326518,PADI_MAP_API
22088,Oak Leaf,49.301441,-124.17002,PADI_MAP_API
22091,Wreck of the USS San Diego,40.559999999999995,-73.47722222222222,PADI_MAP_API
22093,Ras Ghamila,27.97204165129398,34.42256927490235,PADI_MAP_API
22097,Lake Hydra (formerly Dutch Springs),40.68467348939522,-75.35513877868654,PADI_MAP_API
22098,Egg Rock,-23.198889943924716,151.10018491744995,PADI_MAP_API
22100,Baby Beach,12.411797054146982,-69.8808467388153,PADI_MAP_API
22101,Blue Hole,37.05313071148288,21.54174327850342,PADI_MAP_API
22102,Ras Muhammed National park,27.72566494956232,34.25936222076417,PADI_MAP_API
22110,Middle Rocks (Cagnipa Island),10.484154879308434,119.08071918115334,PADI_MAP_API
22112,Étang du Duzillet,46.29191774991382,6.959838867187501,PADI_MAP_API
22114,Tarpon Terrace,19.291111,-81.123056,PADI_MAP_API
22128,Black Rock Drop Off,19.3575,-81.105278,PADI_MAP_API
22129,Campanari,38.02101581607457,14.084944725036623,PADI_MAP_API
22133,Barrel Sponge Wall,19.356944,-81.099444,PADI_MAP_API
22135,Roger's Reef,19.355483,-81.098417,PADI_MAP_API
22139,Cinderella's Castle,19.349167,-81.082778,PADI_MAP_API
22143,Ancient Roman Harbour,38.03428427784117,14.039454460144043,PADI_MAP_API
22144,Old Wreck Head,19.313056,-81.071944,PADI_MAP_API
22146,Gigglin Marlin Legacy,19.30413,-81.0728,PADI_MAP_API
22148,Old Isaacs,19.2953,-81.089083,PADI_MAP_API
22154,The Arch,19.290278,-81.114444,PADI_MAP_API
22155,Dumbo's Drop Off,19.288611,-81.116111,PADI_MAP_API
22157,Lost Valley,19.288889,-81.119444,PADI_MAP_API
22162,Maggie's Maze,19.291111,-81.144722,PADI_MAP_API
22164,Little House on the Prairie,19.291111,-81.148056,PADI_MAP_API
22167,Elmo's Wall,19.289444,-81.170278,PADI_MAP_API
22169,BTC (Baie Ternay Center),-4.6401620815112254,55.377187728881836,PADI_MAP_API
22170,Ginnie Springs,29.83479935447925,-82.7020311355591,PADI_MAP_API
22266,Isles of Shoals Duck Island and Shag Rock,43.00416067507923,-70.60331574955295,PADI_MAP_API
22267,Nubble Light,43.16616340812041,-70.59192173299202,PADI_MAP_API
22268,"North Park, Canyon Lake, Texas",29.8714989171681,-98.20584297180177,PADI_MAP_API
22269,Spring Lake,29.893103844791355,-97.93123841285707,PADI_MAP_API
22274,Carib Cargo,17.9951,-63.068888888888,PADI_MAP_API
22276,Shipwreck SANNI,41.99818833818616,28.03024291992188,PADI_MAP_API
22282,Aheloy DSD site,42.632443217615524,27.639950280652023,PADI_MAP_API
22283,Mike's Maze,17.9911671,-63.0569381,PADI_MAP_API
22284,Divers Indoor,48.3088350988121,11.863501667976381,PADI_MAP_API
22287,The Gregory,18.0418331,-63.1413131,PADI_MAP_API
22365,Tiegland/Cable Reef,17.9876441,-63.05904641,PADI_MAP_API
22368,Ghar Lapsi,35.8269387444566,14.42361116392931,PADI_MAP_API
22397,Ventanas del Canelo,-33.36509562535619,-71.68821573257448,PADI_MAP_API
22400,De Groene Heuvels,51.84993598321421,5.6917762756347665,PADI_MAP_API
22403,Dromia e Portone,40.99356476952713,9.661386609077454,PADI_MAP_API
22406,Frana del faro,40.97944448909586,9.646897315979004,PADI_MAP_API
22417,la calcarella,41.00464587700339,9.65629577636719,PADI_MAP_API
22419,Cala Corsi,40.97892610753445,9.642305374145508,PADI_MAP_API
22421,Mammuthone,40.99667835618614,9.664406776428224,PADI_MAP_API
22425,Tiger Zoo,-0.306347,73.441403,PADI_MAP_API
22426,Punta Sur - Devil's Throat,20.306,-87.02573,PADI_MAP_API
22427,"Mermet Springs, IL",37.28429705046323,-88.85834455490114,PADI_MAP_API
22441,San Amaro,43.3818149743858,-8.39634418487549,PADI_MAP_API
22442,PUNTA HERMINIA,43.389136517957645,-8.403178511964825,PADI_MAP_API
22443,PAPATIMONES,43.37820065723766,-8.421814422191659,PADI_MAP_API
22446,BAJO DE EMILIO,37.54757160991822,-1.240081787109375,PADI_MAP_API
22447,Tiger Port,4.2207,73.53,PADI_MAP_API
22455,Roberto Ivens,38.630281743971366,-9.270410080778195,PADI_MAP_API
22456,Into the blue - The Wall (local dive site),36.591572,-4.521112,PADI_MAP_API
22457,Marina del este left,36.72286051534496,-3.726575245832998,PADI_MAP_API
22458,los tres picos,36.72491148313843,-3.7371862752527245,PADI_MAP_API
22466,Sombrero Island,13.699195020513125,120.82926750183107,PADI_MAP_API
22494,Zenobia Wreck,34.885931,33.744507,PADI_MAP_API
22495,SS Clan Stuart,-34.171689507108546,18.43061685562134,PADI_MAP_API
22496,Atlantis Reef,-34.24621991893907,18.489303827071847,PADI_MAP_API
22497,Jack McKenney's Canyon,19.293433,-81.090367,PADI_MAP_API
22498,Radazul (Puerto),28.40083388490751,-16.321049892198864,PADI_MAP_API
22499,Suzie's Bommie,-9.569077777777778,147.25148333333334,PADI_MAP_API
22500,Manantial Media Luna,21.860741978337746,-100.02755641937257,PADI_MAP_API
22501,Radazul,28.401192,-16.323896,PADI_MAP_API
22503,Mogan West,27.82218772588542,-15.773749351501467,PADI_MAP_API
22504,Como II Wreck,27.83528118463419,-15.81833839416504,PADI_MAP_API
22511,CALA DEL FARO,37.559245636505985,-1.2552255392074587,PADI_MAP_API
22512,Cermona II,27.811863653706848,-15.764050483703615,PADI_MAP_API
22525,Flandres,39.41343530017573,-9.507808744370486,PADI_MAP_API
22526,Fish Bowl,17.9881121,-63.051431,PADI_MAP_API
22528,P47 de Miomo,42.743671469599356,9.467382431030275,PADI_MAP_API
22529,L'Insuma,42.79754197748682,9.518795013427736,PADI_MAP_API
22532,Racó,38.63479491377599,0.07078886032104494,PADI_MAP_API
22559,Cabel Reef,29.433570850888724,34.973023137128315,PADI_MAP_API
22597,Bull Shoals,36.39006829786179,-92.58895143380958,PADI_MAP_API
22598,Gordon Reef - Straits of Tiran,27.986670764291695,34.45209503173828,PADI_MAP_API
22599,Careless Reef,27.348,33.837,PADI_MAP_API
22600,El Gilwa,27.55804722133877,33.872952340401824,PADI_MAP_API
22601,Pro Master - House Reef,27.21631949206304,33.84198904037476,PADI_MAP_API
22605,La Vacca Nord,41.55740776889781,9.387173652648928,PADI_MAP_API
22606,La Vacca Sud,41.55650859348262,9.386487007141115,PADI_MAP_API
22607,Epave du Pinella,41.60992358349864,9.365758895874025,PADI_MAP_API
22608,Shenanigans,-17.83783840690229,146.4921283721924,PADI_MAP_API
22609,Shark Alley,-17.843006146316267,146.4875686168671,PADI_MAP_API
22610,Tokyo Drift,-17.846192503751837,146.49859786033633,PADI_MAP_API
22611,Peanuts,-17.83581620716948,146.49842619895938,PADI_MAP_API
22612,Boogie Nights,-17.771441076885598,146.45035028457644,PADI_MAP_API
22613,Gotham City,-17.77037851886524,146.45385861396792,PADI_MAP_API
22614,Tay Cay,-17.836071536685342,146.53712511062625,PADI_MAP_API
22634,Bowsers Castle,-17.81707402136462,146.5535616874695,PADI_MAP_API
22635,The Far East,-17.81174209669224,146.57546997070315,PADI_MAP_API
22642,Opiaref Point,-1.1540014063683508,136.28531455993655,PADI_MAP_API
22643,Wundi Cave Point,-1.265728031486411,136.37294769287112,PADI_MAP_API
22644,Barracuda Dive Point,-1.2962761196418089,136.34101867675784,PADI_MAP_API
22645,Catalina Wreck Point,-1.2138984340943106,136.06567382812503,PADI_MAP_API
22646,Sea Explorers Siquijor House Reef,9.11687469878295,123.5422253086662,PADI_MAP_API
22647,Owi Point,-1.2236809188963653,136.2065649032593,PADI_MAP_API
22648,Rainbow Road,-17.843036784640148,146.56203746795657,PADI_MAP_API
22660,Rurbas Point,-1.3024114358798284,136.2168645858765,PADI_MAP_API
22681,Kalogria,40.1771,23.7152,PADI_MAP_API
22684,Madivaru Corner,4.263861,73.000331,PADI_MAP_API
22685,Manza Coral,26.50744673286609,127.85287774193773,PADI_MAP_API
22703,Gyosho,34.961451,139.755106,PADI_MAP_API
22757,Elphinstone Reef,25.324942348747847,34.854168891906745,PADI_MAP_API
22758,Abu Dabbab 1 Dive Site,25.346742445695725,34.772610432099505,PADI_MAP_API
22759,Abu Dabbab 2 * 3 Dive Site,25.348951612355272,34.773170831298465,PADI_MAP_API
22760,Abu Dabbab 4,25.34346471167118,34.81877593484461,PADI_MAP_API
22761,Abu Dabbab 5,25.34012293232332,34.81626644897693,PADI_MAP_API
22763,Two Oceans Aquarium Dive School,-33.90785,18.4176,PADI_MAP_API
22764,"Claudia Dive Site, Marsa Alam",24.223219840798173,35.59342483509747,PADI_MAP_API
22765,Malahi Dive Site,24.22446290611213,35.72544713705588,PADI_MAP_API
22766,Um Halhala Divesite,25.319120851834132,34.76782616685382,PADI_MAP_API
22767,"Sataya Reef ""Dolphin House"" Marsa Alam Divesite",24.16987538496957,35.67197339639039,PADI_MAP_API
22768,"Shaab Samadai ""Dolphin House""",24.98614418954001,34.99913041236125,PADI_MAP_API
22769,Ilhéu Maldito,39.419585418467896,-9.505492036296106,PADI_MAP_API
22770,AOW Mao,10.092839503254893,99.85246181488037,PADI_MAP_API
22772,Trykkerdammen,56.0258380078271,12.60659694671631,PADI_MAP_API
22773,Whiskey Reef - Skovshoved Havn,55.763995866731825,12.603206634521486,PADI_MAP_API
22774,"Rødvig - ""White Bay""",55.25314761047663,12.377986907958986,PADI_MAP_API
22775,Amager Strandpark og Havheksen,55.65490451733765,12.649855613708496,PADI_MAP_API
22776,Noahs ark - Nordhavn,55.72216759272775,12.613710165023805,PADI_MAP_API
22777,Hornbæk Plantage,56.09162421410686,12.48727083206177,PADI_MAP_API
22778,Munkholmbroen,55.67321041740332,11.813457012176514,PADI_MAP_API
22780,Storebælt og Halskov Rev,55.34872398438301,11.099848812043543,PADI_MAP_API
22781,Karlstrup Kalkgrav,55.548057597358074,12.208771705627443,PADI_MAP_API
22782,Klintebjerget,55.96117667206108,11.583505868911745,PADI_MAP_API
22783,Tisvildeleje,56.05580974891683,12.057334184646608,PADI_MAP_API
22784,Halskov Færgehavn,55.34710633859137,11.111203290159194,PADI_MAP_API
22785,Stevns Klint - Kridtfabrikken,55.323504632683274,12.448582649230957,PADI_MAP_API
22786,Bogø - Fyrs Venner,54.93538975972307,11.994023323059084,PADI_MAP_API
22787,Furesø,55.80244178701553,12.388458251953127,PADI_MAP_API
22836,Naifaru Beyru,5.445550816745556,73.36184978485109,PADI_MAP_API
22837,Vavvaru Kandu,5.420600850176705,73.35700035095216,PADI_MAP_API
22839,Hani Kandu,5.414363197257665,73.3506488800049,PADI_MAP_API
22840,Madi Rock,5.374201428089243,73.3382034301758,PADI_MAP_API
22841,Felivaru Beyru,5.479641732628439,73.38498115539552,PADI_MAP_API
22844,Madivaru Thila,5.467167587501282,73.38429450988771,PADI_MAP_API
22845,Miyaruvani Thila,5.426325762585175,73.38111877441408,PADI_MAP_API
22846,Havnemarken Asnæs,55.66913242265664,10.96263885498047,PADI_MAP_API
22847,Kuredu Express,5.558538912728031,73.47810887530845,PADI_MAP_API
22849,Kuredu Caves (Turtles airport),5.55132027926704,73.46287272521832,PADI_MAP_API
22850,Naifaru House Reef,5.440424195674418,73.363995552063,PADI_MAP_API
22851,Blacks,-26.837282645894398,32.89358139038087,PADI_MAP_API
22853,Checkers,-26.825602669924596,32.895126342773445,PADI_MAP_API
22854,Steps,-26.807180326532542,32.89615631103516,PADI_MAP_API
22855,Chreche,-26.810014728087964,32.89454698562623,PADI_MAP_API
22857,Farallon Norte,37.73237157147889,-0.6985752496129606,PADI_MAP_API
22858,Farallon Sur,37.73186245776889,-0.6976747930450712,PADI_MAP_API
22859,Cueva de Zeus,37.72632986309606,-0.706129456927247,PADI_MAP_API
22895,Isla Grosa,37.725854651640375,-0.7074174601777418,PADI_MAP_API
22896,Pecio El Carbonero,37.784554114444994,-0.6481758744591449,PADI_MAP_API
22897,Estelão,39.42491452959251,-9.532603041097655,PADI_MAP_API
22898,陵水双帆石,18.435,110.14,PADI_MAP_API
22899,Tobia Nos,26.805974,33.994317,PADI_MAP_API
22902,Recife dos Galos,39.41156197575767,-9.508388042449953,PADI_MAP_API
22904,Baia do Forte,39.41101488921936,-9.510635729254094,PADI_MAP_API
22905,Pedra da Velha,39.419564697956055,-9.497401860496627,PADI_MAP_API
22907,Carreiro dos Cações,39.416676198329036,-9.508463149522795,PADI_MAP_API
22908,Ilhéu do Soldado,39.41442167643219,-9.515297374589261,PADI_MAP_API
22911,Primavera,39.41264784692848,-9.506886203777448,PADI_MAP_API
22912,Anemone Thila,5.433674077973795,73.5099506378174,PADI_MAP_API
22913,Ihi Thila,5.449908410275992,73.48342895507814,PADI_MAP_API
22915,Nakolhi Giri,5.524324370486453,73.46265792846681,PADI_MAP_API
22916,Fun Giri,5.520309050962868,73.46059799194337,PADI_MAP_API
22917,The Aquarium,5.5190916348825105,73.44439744949342,PADI_MAP_API
22918,Kudadu Kandu,5.510227916179266,73.42540740966798,PADI_MAP_API
22919,Gaaerifaru Kandu,5.505699893153625,73.42120170593263,PADI_MAP_API
22920,Lhoni Kandu,5.373175986459855,73.40420722961427,PADI_MAP_API
22921,Maafilaa,5.382233994428483,73.38111877441408,PADI_MAP_API
22923,Fushivaru Kandu,5.49014963708521,73.5213250414221,PADI_MAP_API
22924,Fushivaru Giri,5.482888385231235,73.51201057434083,PADI_MAP_API
22988,Shark Point,-8.34267826345619,116.02588176727296,PADI_MAP_API
22990,Biorock,-8.356644,116.044722,PADI_MAP_API
22991,Bounty Wreck,-8.356389648006934,116.05133056640625,PADI_MAP_API
22992,Gili Meno Slope,-8.350275400103698,116.05021476745605,PADI_MAP_API
22993,Gili Meno Wall,-8.343227,116.049356,PADI_MAP_API
22994,Halik,-8.336857687173232,116.03837013244629,PADI_MAP_API
22995,Deep Turbo,-8.334989,116.043348,PADI_MAP_API
22996,Shallow Turbo,-8.346454,116.043692,PADI_MAP_API
22997,Simon's Reef,-8.336603,116.062489,PADI_MAP_API
22998,Turtle City/ Heaven,-8.342293,116.061201,PADI_MAP_API
22999,Second Reef,25.87,-81.79,PADI_MAP_API
23000,Third Reef,25.87833,-81.90333,PADI_MAP_API
23001,Piscinas,39.417380721469506,-9.513376754581964,PADI_MAP_API
23002,Piscinas,39.41747189453206,-9.51339848023546,PADI_MAP_API
23094,Tiger Zoo,-0.306478,73.441211,PADI_MAP_API
23098,Grammeno,37.061992317723266,21.559209823608402,PADI_MAP_API
23099,La draga,39.554089903611484,-0.2715682983398438,PADI_MAP_API
23101,isolotti dell'ogliastra,39.97514690551084,9.706506729125978,PADI_MAP_API
23102,Hole in the wall dive site,25.341180152905228,56.37793064117432,PADI_MAP_API
23104,CALA MAGRONI - Canyon - Grotta della Sorgente,40.07317847274678,9.731783866882326,PADI_MAP_API
23106,Portu Pedrosu - Sifone,40.081675241387416,9.733221530914308,PADI_MAP_API
23111,TLU 2,9.483330555555556,-75.6666666388889,PADI_MAP_API
23112,TLU 1,9.438333333333334,-75.77583333333334,PADI_MAP_API
23113,La Boquita,9.405540688017803,-75.6815528869629,PADI_MAP_API
23114,Bajo Pajarito,9.658888888888889,-75.68333330555556,PADI_MAP_API
23115,Bajo UCI,9.764297222222222,-75.76053055555556,PADI_MAP_API
23116,Cuevas,9.719925,-75.75373611111111,PADI_MAP_API
23117,Roca de Morrosquillo,9.59138888888889,-75.99222222222222,PADI_MAP_API
23118,Archipielago de San Bernardo,9.775377920756757,-75.85098266601562,PADI_MAP_API
23119,Nautilus,9.780794444444446,-75.75207222222222,PADI_MAP_API
23120,Jardin,9.789305555555556,-75.74884722222222,PADI_MAP_API
23123,Columpios,9.81638888888889,-75.84972222222221,PADI_MAP_API
23124,Batea,9.81638888888889,-75.86027777777777,PADI_MAP_API
23125,La Rusa,9.81666388888889,-75.86666388888888,PADI_MAP_API
23126,Picua,9.866388888888888,-75.88333055555555,PADI_MAP_API
23127,Casa quemada,9.790555555555555,-75.84999722222221,PADI_MAP_API
23128,Ceycen,9.699722222222222,-75.85027777777778,PADI_MAP_API
23129,Cabruna,9.742642106603205,-75.68391323089601,PADI_MAP_API
23134,Biaha,-8.508153445653207,115.61470985412599,PADI_MAP_API
23168,Blue Heron Bridge,26.783621410636076,-80.04295349121094,PADI_MAP_API
23254,Gili Tepekong,-8.53158129376731,115.585355758667,PADI_MAP_API
23255,Vapor do Trigo - Andreos,39.409638864707844,-9.497294398122127,PADI_MAP_API
23256,Rinchão,39.421450239311476,-9.498206375289273,PADI_MAP_API
23261,Drop Off,13.535529,121.105042,PADI_MAP_API
23262,Punta Morcone,42.73166666666667,10.364444444444445,PADI_MAP_API
23263,Focacciola,42.715833333333336,10.370833333333334,PADI_MAP_API
23264,Dauin North,9.185438533254116,123.26467037200926,PADI_MAP_API
23266,Navy Underwater Dive Museum and Wreck,8.563070810403886,81.24951839447023,PADI_MAP_API
23267,Hospital Reef,8.565617018755894,81.24149322509767,PADI_MAP_API
23268,Middle Reef,8.56960604423922,81.24423980712892,PADI_MAP_API
23269,Life saving point reef,8.572809965253006,81.24050617218019,PADI_MAP_API
23271,West Palm Beach Atlantic Ocean Diving,26.77599723429868,-80.01690203476187,PADI_MAP_API
23272,Jupiter Atlantic Ocean,26.925437126300235,-80.00483891107865,PADI_MAP_API
23273,L'ENFER de DANTE,43.53902933686358,7.0821475982666025,PADI_MAP_API
23275,LES ROCHES TROMPETTES,43.50464347315934,6.95761799812317,PADI_MAP_API
23276,LES 2 FRERES,43.49229245500038,6.951953172683717,PADI_MAP_API
23277,LA ROCHE D'AURELLE,43.46019290447959,6.926686763763429,PADI_MAP_API
23280,Isla Santa Eulalia South,38.98269765061846,1.584606170654297,PADI_MAP_API
23281,The Lighthouse,38.96718371833245,1.6155910491943362,PADI_MAP_API
23282,LA FOUILLEE,43.54562420300339,7.00901985168457,PADI_MAP_API
23289,Alastor,54.45147854027789,-5.629055671677994,PADI_MAP_API
23293,Cala Vidre,40.91083528898555,0.8299123206201895,PADI_MAP_API
23294,Sirena hole,42.36222240121285,18.627276420593265,PADI_MAP_API
23296,Muhdhoo House Reef,5.205317008216417,73.08830201625825,PADI_MAP_API
23328,Jamsil Sport Complex diving pool,37.51350873061087,127.07585334777833,PADI_MAP_API
23329,Kata Beach North Reef,7.822398394264358,98.29205989837648,PADI_MAP_API
23330,Koh Bida Nok,7.654788130113829,98.76623153686525,PADI_MAP_API
23354,Farallón Centinela,10.814722222222223,-66.09027777777777,PADI_MAP_API
23355,El Gran Roque,10.485617558231741,-67.82456874847414,PADI_MAP_API
23428,Dives Guru - The G beach Club,7.890843528215013,98.26841354370119,PADI_MAP_API
23430,Castelletto di Brenzone,45.663495,10.728381,PADI_MAP_API
23431,Belzona Barge,25.69947,-79.90742,PADI_MAP_API
23432,Proteus,25.70552,-79.91267,PADI_MAP_API
23436,Punta Sottile,45.60540259507255,13.721789717674257,PADI_MAP_API
23440,"Fingers, Tofo",-23.81487266922183,35.541458129882805,PADI_MAP_API
23451,Sawang,9.137393332066944,123.51701259613039,PADI_MAP_API
23465,Kelly's Caverns,19.291111,-81.145833,PADI_MAP_API
23472,Rainbow Reef,25.69137,-79.90295,PADI_MAP_API
23477,Eeny Meeny Miny Mo,19.287778,-81.190556,PADI_MAP_API
23487,Barcos de Isla Larga,10.488571452063962,-67.9497528076172,PADI_MAP_API
23489,Capernwray (Jackdaw Quarry),54.13629103850009,-2.722774744033814,PADI_MAP_API
23490,El jardin,-39.96137407691297,-73.6600685119629,PADI_MAP_API
23491,Dos Torres,-39.961332959837826,-73.66491794586183,PADI_MAP_API
23507,Koh Man Wi chai,12.868790353704245,100.67111584732375,PADI_MAP_API
23508,La lobera de Huiro,-39.96111092720479,-73.65838408470155,PADI_MAP_API
23511,La Congriera,-39.95488549657054,-73.63049983978273,PADI_MAP_API
23530,Villa Blanca Shallows,20.48376823651593,-86.97227954864502,PADI_MAP_API
23531,Bajos del Sur,-39.95291166179976,-73.64556312561037,PADI_MAP_API
23566,William H Wolf,42.688679,-82.495385,PADI_MAP_API
23568,Punta Veleros,-4.18100257910616,-81.15283012390137,PADI_MAP_API
23569,Wazee Lake,44.29223213508494,-90.73108434677124,PADI_MAP_API
23571,Seapixels Pool,3.102592377718532,101.61774158477785,PADI_MAP_API
23581,Cabrillo Beach,33.70940510347014,-118.28142106533052,PADI_MAP_API
23617,Ras Sanat,25.804450322400143,56.36531352996827,PADI_MAP_API
23618,Bluegill Alley,44.291756000073704,-90.72934627532959,PADI_MAP_API
23623,La poza,-39.957023753289185,-73.60071659088136,PADI_MAP_API
23624,Pastizal de punta falsa,-39.9628460519161,-73.67749214172365,PADI_MAP_API
23632,Marsa Mubark,25.51095711517965,34.653024074854116,PADI_MAP_API
23633,San Miguel Island,34.0397186,-120.3754264,PADI_MAP_API
23634,The Guardians,-14.19636955477348,40.677695274353034,PADI_MAP_API
23635,Gorgonia Forrest,-14.18571848894443,40.69735050201417,PADI_MAP_API
23636,Fish Alley,-14.191002478714903,40.68829536437989,PADI_MAP_API
23658,Shark Point,7.798503715938516,98.6264991760254,PADI_MAP_API
23673,Attersee,47.90525290607431,13.56618404388428,PADI_MAP_API
23676,Sueño de Pescador (Dive Base Coiba),7.899997222222222,-81.81666527777777,PADI_MAP_API
23677,Prosper Rock / Nevera (Dive Base Coiba),7.783330555555556,-81.76666663888889,PADI_MAP_API
23678,Wahoo (Dive Base Coiba),7.685772226966346,-81.60245418548585,PADI_MAP_API
23681,Jahat Island,2.66326,104.167877,PADI_MAP_API
23682,Abu Rashid Wall,26.402671504927902,56.492471694946296,PADI_MAP_API
23683,Eagle Bay North,26.382865602987565,56.41811657056678,PADI_MAP_API
23684,Coral Garden,26.382758443193783,56.41552448272706,PADI_MAP_API
23686,Terranea Resort/ Old Marineland,33.7388,-118.3935,PADI_MAP_API
23689,El Faro (Dive Base Coiba),7.692337715868367,-81.63806855678558,PADI_MAP_API
23714,Salon,-23.8167571985357,35.5433464050293,PADI_MAP_API
23715,Amazon,-23.538809156294402,35.83740234375001,PADI_MAP_API
23725,Radio Island Rock Jetty,34.70863329306404,-76.67989253997804,PADI_MAP_API
23740,Fairfield New Venture,29.90087,-87.54822,PADI_MAP_API
23750,'t Grasbroek,52.296932016087965,6.644368171691895,PADI_MAP_API
23822,YANI Shark Agatti,10.877591338743452,72.16121515554372,PADI_MAP_API
23824,Don Juan (Dive Base Coiba),7.6369026668789965,-81.71914100646974,PADI_MAP_API
23826,Twin Peaks,7.611976611389171,-81.82273864746095,PADI_MAP_API
23827,Blue Water Park,33.29660149114737,-86.81656122207642,PADI_MAP_API
23828,"Underwater Ruins, Qiandao Lake",29.48208276270196,118.92747402191164,PADI_MAP_API
23841,Kudhima Wreck,3.5963666949719855,72.88349390029909,PADI_MAP_API
23842,Broken Rock,3.556554571072074,72.93685913085939,PADI_MAP_API
23843,Seventh Heaven,3.5646927465216893,72.94398307800294,PADI_MAP_API
23844,Five Rock,3.5690616320681805,72.94151544570924,PADI_MAP_API
23851,Dhigurah Arches,3.5425481746610457,72.91913509368898,PADI_MAP_API
23881,Vilamendhoo Thila,3.6343782625449026,72.96715736389162,PADI_MAP_API
23883,Wil's Wall,-19.06369979722681,-169.93673801422122,PADI_MAP_API
23884,Sand River,-19.0934694082548,-169.93317604064944,PADI_MAP_API
23885,Dome Cave,-19.020455394218118,-169.92343425750735,PADI_MAP_API
23919,Pointe aux Fous,16.29258398776188,-61.802902221679695,PADI_MAP_API
23920,Coral Gardens,25.491629,56.374369,PADI_MAP_API
23943,Lambugan Dive Site,-8.671605159055487,115.44714999006906,PADI_MAP_API
23961,Leybourne Lake,51.31685368140291,0.4451501369476319,PADI_MAP_API
23970,"Bantigue, Malapascua",11.345684449429783,124.11935115890047,PADI_MAP_API
23973,Strandbad Neufeldersee,47.86820325195544,16.387935485690836,PADI_MAP_API
23989,Commander PH museum,5.962253660200166,80.72097306387367,PADI_MAP_API
23991,Mary's Place,16.3376598,-86.4685934,PADI_MAP_API
23993,Tangalle reef,6.0194461513276165,80.81633081865074,PADI_MAP_API
24067,Jackson Reef - Straits of Tiran,28.006147901040425,34.471578598022454,PADI_MAP_API
24072,Mnemba Atoll,-5.822533910830518,39.384570121765144,PADI_MAP_API
24073,Boat House,-5.822608625219051,39.38066489866936,PADI_MAP_API
24123,Big Wall,-5.852034646984204,39.41071370957164,PADI_MAP_API
24124,Beadnell Bay Ladyhole,55.55915100676238,-1.631555571172081,PADI_MAP_API
24125,EA Artificial Reef,24.566483864143358,54.23297882080079,PADI_MAP_API
24128,Montaña Rusa (Dive Base Coiba),7.906614064962803,-81.81673049926759,PADI_MAP_API
24131,Iglesias (Dive Base Coiba),7.645154317358093,-81.69038772583009,PADI_MAP_API
24156,Marsa Umm Gerifat,25.604340452028747,34.60611820220948,PADI_MAP_API
24157,Marsa Umm Gerifat South,25.603179414937568,34.608221054077156,PADI_MAP_API
24159,Wish Point,7.707504404001887,-81.63296699523927,PADI_MAP_API
24161,La Muela (Dive Base Coiba),7.845271376843389,-81.59730434417726,PADI_MAP_API
24166,Turtle Island,37.68245330174091,20.87449513027536,PADI_MAP_API
24167,Marathia,37.66309997930076,20.859550206321387,PADI_MAP_API
24168,The Arch,37.64857530418279,20.845452218888088,PADI_MAP_API
24169,Barracuda Reef,37.65741361014776,20.859024518092042,PADI_MAP_API
24175,SCOGLIO DELLA CORBELLA,42.73433333333333,10.319722222222222,PADI_MAP_API
24177,Martini Wall,25.33716090532552,56.380677223205566,PADI_MAP_API
24185,Martini Wall,25.33716090532552,56.380677223205566,PADI_MAP_API
24188,Elphinstone Reef,25.308028280231948,34.86082077026367,PADI_MAP_API
24194,Elephant Reef,37.644854491727855,20.8353565844726,PADI_MAP_API
24195,Two Columns,37.64640910042331,20.844395767172298,PADI_MAP_API
24197,Pelouzo Island,37.702531600926015,20.946389240000723,PADI_MAP_API
24220,Octopus Reef,37.665308160581674,20.8593894772457,PADI_MAP_API
24221,Big Blue,37.65317933917873,20.85756512019807,PADI_MAP_API
24223,Drop Off,37.6518202441499,20.850645265611487,PADI_MAP_API
24224,Keri Caves,37.647853243282796,20.8413004644299,PADI_MAP_API
24225,Little Big Rock,37.650856121032824,20.84763051563603,PADI_MAP_API
24228,White Reef,37.64511359543664,20.830351699599895,PADI_MAP_API
24233,BISTRO,-18.302380604025146,178.07738649602285,PADI_MAP_API
24247,Waterfall Bay - Waterfall,-43.05932494785293,147.94639950000854,PADI_MAP_API
24250,Lee's Apartment,5.998063690119702,80.76912402410635,PADI_MAP_API
24257,Navy Island Cave,8.565701892074127,81.241986734155,PADI_MAP_API
24260,Dam Bay,12.188151732024007,109.29212060866008,PADI_MAP_API
24264,Puerto Cruz y Petaquire,10.544816641308055,-67.31177330017091,PADI_MAP_API
24266,Deep Adventure,53.10305577939915,70.25172114372255,PADI_MAP_API
24267,Laguna,53.10676583846814,70.25307297706605,PADI_MAP_API
24268,X-location,53.11593655544384,70.22216320037843,PADI_MAP_API
24269,Red Rock,53.12573624098774,70.22551059722902,PADI_MAP_API
24270,2Mira,52.99641610466932,70.18414020538331,PADI_MAP_API
24271,RED,52.9979141747581,70.18330335617067,PADI_MAP_API
24272,King's gate,52.98712303481001,70.21823644638063,PADI_MAP_API
24284,Suriya's Hideout,17.84725,83.46861111111112,PADI_MAP_API
24307,Tete's Place,13.328106,-81.411571,PADI_MAP_API
24308,Manta's City,13.314967,-81.37435,PADI_MAP_API
24309,Only One,13.317998,-81.375757,PADI_MAP_API
24310,Loro Town,13.312875,-81.374207,PADI_MAP_API
24312,The Convent,13.356641,-81.416013,PADI_MAP_API
24313,Bajo de San Felipe,13.3645,-81.40425,PADI_MAP_API
24314,El Planchón,13.371667,-81.417961,PADI_MAP_API
24315,The Cave,13.38675,-81.418806,PADI_MAP_API
24316,Snapper Shoal,13.305811,-81.423788,PADI_MAP_API
24317,Nick's Place,13.388542,-81.418729,PADI_MAP_API
24318,One Hook,13.403113,-81.390316,PADI_MAP_API
24319,Cantil de Santa Catalina,13.402434,-81.392351,PADI_MAP_API
24320,Channel White and Blue,13.398101,-81.39383,PADI_MAP_API
24321,Chromis,13.398720660844171,-81.39959340199538,PADI_MAP_API
24323,Swahili nurseries,-4.294075,39.596143,PADI_MAP_API
24328,Manchineel Shoals,13.315124,-81.375881,PADI_MAP_API
24329,Felipe's place,13.398917,-81.399194,PADI_MAP_API
24336,Shaab El Erg,27.409147511502745,33.85428428649903,PADI_MAP_API
24338,Turtle Beach,12.010316750467913,92.94098854064943,PADI_MAP_API
24343,El Salto,-32.24079142978091,-71.52584552764894,PADI_MAP_API
24350,Naufrágio Castor,-16.349999722222222,-38.983330555555554,PADI_MAP_API
24369,Îlet Gosier,16.199777237002383,-61.49243116378785,PADI_MAP_API
24370,Fajou,16.347464546733672,-61.576920747756965,PADI_MAP_API
24371,Ismini,16.1590561929114,-61.54564619064332,PADI_MAP_API
24373,Bida Nok Island,7.65497952816253,98.76623153686525,PADI_MAP_API
24374,Jules' Undersea Lab,25.133275009508775,-80.39890408515932,PADI_MAP_API
24375,Tulang Diot,10.720658697749604,124.31399170247458,PADI_MAP_API
24411,Porkkala / Vetokannas,59.9901011791611,24.41758632659912,PADI_MAP_API
24417,"Wrak ""de Kiekuut""",51.73066311856176,5.820811986923219,PADI_MAP_API
24478,The Maze,19.294212,-81.092325,PADI_MAP_API
24485,Pat's Wall,19.292778,-81.088889,PADI_MAP_API
24515,Fish Tank,19.35675,-81.10696,PADI_MAP_API
24519,Babylon,19.353417,-81.164417,PADI_MAP_API
24521,Epi de Corail,16.186483,-61.519483,PADI_MAP_API
24524,Sardine Run - Wild Coast South Africa,-31.699837451120846,29.4835377449705,PADI_MAP_API
24525,Chimenea,38.967150351375004,1.6156768798828127,PADI_MAP_API
24527,batic rock,5.93282,80.48173,PADI_MAP_API
24529,diyaba pare,5.9207,80.47993,PADI_MAP_API
24530,atharamba rock,5.92298,88.47792,PADI_MAP_API
24531,atharamba rock,5.92298,80.47792,PADI_MAP_API
24532,yala rock,5.94797,80.41222,PADI_MAP_API
24533,SEAHORSE DRIFT,5.900146107583261,102.70719051361085,PADI_MAP_API
24535,Brighton Pier,50.814910669503654,-0.1371143649189133,PADI_MAP_API
24558,Police Wreck,5.913336543348035,102.74924755096437,PADI_MAP_API
24560,Gordonsville Pool,38.059175173259874,-78.20231456880127,PADI_MAP_API
24561,Maraldi Shipwreck,-13.00940819832236,-38.53342999257367,PADI_MAP_API
24563,Quebra Mar,-12.963366666666666,-38.515705555555556,PADI_MAP_API
24564,Ferry Boat Agenor Gordilho,-12.998870886590765,-38.540983520814166,PADI_MAP_API
24566,Germania and Bretagne,-13.009909963906498,-38.534845789097915,PADI_MAP_API
24569,Grand Bornand,16.178067,-61.494717,PADI_MAP_API
24580,Porto Piato,41.789136921746085,16.18942737579346,PADI_MAP_API
24582,La Grande Grotta,41.78694903607624,16.188783645629886,PADI_MAP_API
24594,“Grotta del respiro”.,41.787617009089274,16.189861893653873,PADI_MAP_API
24595,Brown Bay,55.04090941028809,-1.4314843616232322,PADI_MAP_API
24597,Piscina Pugnochiuso,41.785365072251146,16.18621945381165,PADI_MAP_API
24600,Heybeliada,40.86799610036374,29.080165352058632,PADI_MAP_API
24626,Veprika,43.2825,17.026944444444442,PADI_MAP_API
24657,Nugal izvor - Mali Gaj,43.27804924367866,17.035322492084806,PADI_MAP_API
24679,Sv rok kaskade,43.279444444444444,16.886666666666667,PADI_MAP_API
24689,Bajo del Diablo,8.694729760987531,-83.9051628112793,PADI_MAP_API
24691,The Anchor,8.715855396760153,-83.8831901550293,PADI_MAP_API
24693,Kandooma Caves,3.9055555555555554,73.47722222222222,PADI_MAP_API
24694,Guraidhoo Corner,3.8894444444444445,73.46888888888888,PADI_MAP_API
24695,The Wreck,8.720691217817338,-83.87907028198242,PADI_MAP_API
24697,Blue Bay Swimming Area,47.827632,-114.02837,PADI_MAP_API
24698,"Nimrod ""Warm"" Spring",46.705292310879834,-113.4551239013672,PADI_MAP_API
24699,Lake McDonald Glaicer National Park - Apgar Beach,48.52879817199319,-113.99160861968996,PADI_MAP_API
24701,Wailea Point (House) Reef,20.681057136875456,-156.44440054893496,PADI_MAP_API
24702,Le Cirque,16.171167,-61.527717,PADI_MAP_API
24706,Medici Wreck,43.403521421684964,16.790849216400645,PADI_MAP_API
24714,Little canyon,35.415241659915324,25.020632743835453,PADI_MAP_API
24715,Vega Tugboat,-12.998243651543463,-38.53407431076225,PADI_MAP_API
24716,Cave of Poseidon,35.41655320707296,25.021008253097534,PADI_MAP_API
24718,Dalmacija stone,43.29401542214706,17.002790541875914,PADI_MAP_API
24724,KABAL,43.224722222222226,16.519444444444442,PADI_MAP_API
24725,Oskorusica,43.218611111111116,16.650277777777777,PADI_MAP_API
24726,B 24,43.111111111111114,17.122222222222224,PADI_MAP_API
24727,B.E.U.S.,43.11833333333333,17.16888888888889,PADI_MAP_API
24731,Tičiji rat,43.343333333333334,16.840555555555554,PADI_MAP_API
24733,Bila punta,43.32666666666667,16.872222222222224,PADI_MAP_API
24739,Kriz - Skala,43.285555555555554,17.02138888888889,PADI_MAP_API
24742,Lovina Reef,-8.158504094412528,115.02464532852174,PADI_MAP_API
24743,Punta Osejava,43.28666666666666,17.019444444444442,PADI_MAP_API
24744,Blue cave Hvar,43.15861111111111,16.881944444444446,PADI_MAP_API
24745,Nugal,43.278888888888886,17.033055555555556,PADI_MAP_API
24746,The Garden,8.714752481439282,-83.87666702270508,PADI_MAP_API
24747,The Arch,8.70745619043768,-83.89572143554688,PADI_MAP_API
24748,Sharks Cave,8.711443715952246,-83.89039993286133,PADI_MAP_API
24752,FORT ROCK Deep Dive site,8.586707455528488,81.25698557370758,PADI_MAP_API
24754,Lundy Island Seal Encounter Dive Sites,51.19534747034083,-4.668846393998754,PADI_MAP_API
24755,Oysterhaven,51.69390132598321,-8.442177772521974,PADI_MAP_API
24760,Yunnan: Fuxian Lake,24.50071954495574,102.86327362060548,PADI_MAP_API
24787,Roches de Sidi Yati,33.83116,11.05854,PADI_MAP_API
24788,Roches de Ras Taguermess,33.83522255865438,11.07607079272912,PADI_MAP_API
24789,Arches de Sidi Yati,33.83574570137751,11.044117196322604,PADI_MAP_API
24790,Epave Ricardo,33.774,11.1579,PADI_MAP_API
24900,Brother Islands,26.1667,34.8333,PADI_MAP_API
24901,Elphinstone Reef,24.0,35.5,PADI_MAP_API
24903,Chandelier Cave,7.1528,134.2472,PADI_MAP_API
24944,Banana Reef,4.3167,73.5667,PADI_MAP_API
24958,Blue Holes,7.1389,134.226,PADI_MAP_API
24961,stella coral garden,-20.03187,57.53858,PADI_MAP_API
25014,Faufa’a,-17.530273420847358,-149.76186990737918,PADI_MAP_API
25019,Passe Haumi,-17.574811834928127,-149.78798389434817,PADI_MAP_API
25030,Turtle Towers,-13.446349532713045,48.33572924137116,PADI_MAP_API
25031,Lulworth Cove,50.61864749154119,-2.24965393522028,PADI_MAP_API
25035,Wraysbury,51.46063853898319,-0.5481576919555665,PADI_MAP_API
25055,Champagne Reef,15.243293,-61.373872,PADI_MAP_API
25072,Redang Bay House Reef,5.773903415587264,103.0348062515259,PADI_MAP_API
25074,Le Toulonnais,43.73038291829917,7.425802946090699,PADI_MAP_API
25076,Suzhou Xishan Diving Center,31.10986622334354,120.31771659851076,PADI_MAP_API
25088,Lampousa II wreck,34.966182119823515,33.69170866295419,PADI_MAP_API
25089,LEF1 SHIPWRECK,34.952549755350105,33.66898137299162,PADI_MAP_API
25090,The WatchTower,34.961826350093915,33.83071302154408,PADI_MAP_API
25091,The Arch,34.96128384818134,33.8307451885938,PADI_MAP_API
25092,Leybourne Lakes,51.315351588367534,0.4475641530850983,PADI_MAP_API
25093,Stoney Cove,52.54316385964332,-1.2768182149117904,PADI_MAP_API
25127,Fish Tank,4.2,73.5,PADI_MAP_API
25128,Hulhumale Wall,4.25,73.54,PADI_MAP_API
25137,Embudhoo Thila,3.92,73.49,PADI_MAP_API
25146,Lankan Paradise,4.18,73.47,PADI_MAP_API
25147,Hulhumale Wall,4.25,73.54,PADI_MAP_API
25148,Dangle Bens North,15.238205,-61.371398,PADI_MAP_API
25163,Marsa Shouna,25.46929,34.681114,PADI_MAP_API
25175,sunken town of ullibarri,42.936097825610354,-2.60676383972168,PADI_MAP_API
25176,Shakotan Bikuni,43.305037647698484,140.60281276702884,PADI_MAP_API
25182,,-23.53397954883258,-45.04305475646205,PADI_MAP_API
25183,,-23.532956554231202,-45.04485729314742,PADI_MAP_API
25288,"Lirica, Žuljana",42.87426580152777,17.426977157592777,PADI_MAP_API
25315,Navy Rock trincomalee,8.5,81.2,PADI_MAP_API
25317,San Miguel,9.20509536385835,123.2831346988678,PADI_MAP_API
25318,Mainit,9.211153175514143,123.2854413986206,PADI_MAP_API
25319,志賀島 (Shikanoshima),33.68179588346648,130.3078507711521,PADI_MAP_API
25334,palm marinella,38.35444571209177,15.834002494812013,PADI_MAP_API
25348,Ledinačko jezero,45.16596470004386,19.802073240280155,PADI_MAP_API
25349,Jezero Perućac,43.97039541422981,19.362802505493168,PADI_MAP_API
25350,Ada Ciganlija,44.78702080560685,20.399873256683353,PADI_MAP_API
25352,Malmok,12.599297315873796,-70.05337715148927,PADI_MAP_API
25356,Blackwall,17.876944444444444,-67.035,PADI_MAP_API
25366,TICKET,-17.50230089579701,-149.92818832397464,PADI_MAP_API
25367,Enden Park / Lemon Shark Valley,-17.476213,-149.856756,PADI_MAP_API
25368,,-17.48019812266052,-149.8560903840718,PADI_MAP_API
25370,,-17.487750205654745,-149.86765623092654,PADI_MAP_API
25386,Filladhoo wreck,6.871637320535973,73.2338333129883,PADI_MAP_API
25388,Heaven and Hell,6.732462400308738,73.03680896759035,PADI_MAP_API
25442,Coral Garden,-8.276047606934002,115.5934238433838,PADI_MAP_API
25443,Black Diamond,9.207213491626643,123.2844114303589,PADI_MAP_API
25444,Masaplod Norte,9.177516183160296,123.25698852539064,PADI_MAP_API
25447,Chimney,17.910795834978483,-67.04578399658205,PADI_MAP_API
25448,Forest,17.88727301832647,-67.03376770019533,PADI_MAP_API
25450,Hole In The Wall,17.922556073218654,-67.04835891723634,PADI_MAP_API
25451,Efra's Wall,17.8679950529231,-66.95755004882814,PADI_MAP_API
25453,Sahara Deep,9.190924762809798,123.2719659805298,PADI_MAP_API
25455,Poblacion,9.1866935951943,123.26592564582826,PADI_MAP_API
25456,Ilha de Âncora (Ponta Leste),-22.767243568050446,-41.78893446922303,PADI_MAP_API
25457,Ilha de Gravatás,-22.771571640534184,-41.82117462158204,PADI_MAP_API
25459,Laje do Cavalo Marinho (João Fernandinho),-22.738640216837076,-41.87499046325684,PADI_MAP_API
25460,Pink wall,6.83354507682713,73.1717348098755,PADI_MAP_API
25461,Dhonnkulhi shark point,6.8345251167317125,73.0523443222046,PADI_MAP_API
25462,Omadhoo Playground,3.7924568885770666,72.96599864959718,PADI_MAP_API
25463,Kelaa corner,6.946151225287782,73.16336631774904,PADI_MAP_API
25464,Finey Thila,6.7372783704909205,73.0586099624634,PADI_MAP_API
25494,Batu Mandi Lelangga,-5.723261783205885,105.23975372314455,PADI_MAP_API
25495,Coral Garden,6.940868751437885,73.19512367248537,PADI_MAP_API
25498,St. Nicolas Reef,36.994511,25.098256,PADI_MAP_API
25499,St. Spiridonas East,37.077675,25.0940099,PADI_MAP_API
25500,Paderonisi Wall 1,36.9678609,25.1202832,PADI_MAP_API
25501,Paderonisi Wall 2,36.9698343,25.124287,PADI_MAP_API
25503,Nemo City,6.823488899188274,73.1546974182129,PADI_MAP_API
25504,Dhihdhoo caves,6.894048110604176,73.10139656066896,PADI_MAP_API
25505,La Lunata,45.22739250418074,12.322282791137697,PADI_MAP_API
