ID,Country,Site_Name,Latitude,Longitude,Natural_Types,PADI_URL,PADI_Latitude,PADI_Longitude,Coordinate_Shift_m,Water_Correction
1183,Argentina,Loberia Punta Loma,-42.82471,-64.88062,Reef,https://www.padi.com/dive-site/argentina/loberia-punta-loma/,-42.824711466297344,-64.88061904907227,0.0,PADI_coordinate_water
1192,Argentina,Punta Cuevas,-42.77776,-64.99855,Reef,https://www.padi.com/dive-site/argentina/punta-cuevas/,-42.777763398679184,-64.99855041503906,0.0,PADI_coordinate_water
1193,Argentina,Parque las Piedras,-42.73453,-65.03078,Reef,https://www.padi.com/dive-site/argentina/parque-las-piedras/,-42.7345308888639,-65.03077983856201,0.0,PADI_coordinate_water
1195,Argentina,Parque Nuevo,-42.77211,-65.02218,Beach; Reef,https://www.padi.com/dive-site/argentina/parque-nuevo/,-42.7703605540342,-65.02161741256714,200,minimum_nearest_shoreline_crossing
311,Aruba,Arashi,12.60148,-70.07904,Reef,https://www.padi.com/dive-site/aruba/arashi/,12.601475166388846,-70.07904052734375,0.0,PADI_coordinate_water
2413,Aruba,Barcadera Reef,12.47588,-70.00274,Drift; Reef,https://www.padi.com/dive-site/aruba/barcadera-reef/,12.475883580258351,-70.00273704528809,0.0,PADI_coordinate_water
2414,Aruba,Palm Slope,12.46878,-69.98538,Drift; Reef,https://www.padi.com/dive-site/aruba/palm-slope/,12.468781096391126,-69.9853777885437,0.0,PADI_coordinate_water
2416,Aruba,Sponge Reef,12.49872,-70.02833,Drift; Reef,https://www.padi.com/dive-site/aruba/sponge-reef/,12.49871915467588,-70.02832531929016,0.0,PADI_coordinate_water
2417,Aruba,Garden Reef,12.49034,-70.01910,Reef,https://www.padi.com/dive-site/aruba/garden-reef/,12.490339361498185,-70.01909852027893,0.0,PADI_coordinate_water
2621,Aruba,Fingers Reef,12.46457,-69.97973,Drift; Reef,https://www.padi.com/dive-site/aruba/fingers-reef/,12.464569797195791,-69.97973442077637,0.0,PADI_coordinate_water
2622,Aruba,Skalahein,12.47060,-69.98676,Drift; Reef,https://www.padi.com/dive-site/aruba/skalahein/,12.47060387631269,-69.98676180839539,0.0,PADI_coordinate_water
2626,Aruba,Tire Reef,12.48250,-70.01042,Drift; Reef,https://www.padi.com/dive-site/aruba/tire-reef/,12.482504009273216,-70.01041889190674,0.0,PADI_coordinate_water
25352,Aruba,Malmok,12.59930,-70.05338,Sandy bottom; Ocean,https://www.padi.com/dive-site/aruba/malmok/,12.599297315873796,-70.05337715148927,0.0,PADI_coordinate_water
77,Australia,Blue Buoy,-16.24230,145.86221,Reef,https://www.padi.com/dive-site/australia/blue-buoy/,-16.242302792385647,145.86221158504486,0.0,PADI_coordinate_water
419,Australia,Bashful Bommie,-16.24133,145.86398,Reef,https://www.padi.com/dive-site/australia/bashful-bommie/,-16.241334531653635,145.86397647857663,0.0,PADI_coordinate_water
429,Australia,Advanced Bommie,-16.05496,145.86387,Reef; Wall,https://www.padi.com/dive-site/australia/advanced-bommie/,-16.054964124010148,145.86386919021606,0.0,PADI_coordinate_water
433,Australia,Anybody's,-16.01637,145.79448,Reef; Wall,https://www.padi.com/dive-site/australia/anybodys/,-16.01636864351552,145.79447507858276,0.0,PADI_coordinate_water
1072,Australia,Lodestone Reef,-18.69487,147.09290,Reef,https://www.padi.com/dive-site/australia/lodestone-reef/,-18.694870817296277,147.09290027618408,0.0,PADI_coordinate_water
1073,Australia,Keeper Reef,-18.74649,147.26615,Reef,https://www.padi.com/dive-site/australia/keeper-reef/,-18.74648982067532,147.266149520874,0.0,PADI_coordinate_water
1078,Australia,Big Broadhurst Reef,-18.92967,147.71873,Reef,https://www.padi.com/dive-site/australia/big-broadhurst-reef/,-18.929670491513264,147.71873474121094,0.0,PADI_coordinate_water
1165,Australia,Flat Rock,-27.39067,153.55183,Reef,https://www.padi.com/dive-site/australia/flat-rock/,-27.390668558357884,153.55183124542236,0.0,PADI_coordinate_water
1166,Australia,Shag Rock,-27.41378,153.52615,Reef,https://www.padi.com/dive-site/australia/shag-rock/,-27.413776291076204,153.52614641189575,0.0,PADI_coordinate_water
1167,Australia,Manta Ray Bommie,-27.42364,153.54813,Reef,https://www.padi.com/dive-site/australia/manta-ray-bommie/,-27.42364275405873,153.5481297969818,0.0,PADI_coordinate_water
1330,Australia,Kevin's Reef,-28.77232,114.58551,Reef,https://www.padi.com/dive-site/australia/kevins-reef/,-28.77232371611086,114.58551406860352,0.0,PADI_coordinate_water
1331,Australia,Supermarket,-28.77827,114.57402,Cave; Reef,https://www.padi.com/dive-site/australia/supermarket/,-28.77826703048075,114.5740234851837,0.0,PADI_coordinate_water
1332,Australia,Explosives,-28.77783,114.57326,Cave; Beach; Reef; Wall,https://www.padi.com/dive-site/australia/explosives/,-28.777458308237357,114.57526803016664,200,minimum_nearest_shoreline_crossing
1333,Australia,Aquarium Reef 1,-28.78431,114.57253,Cave; Beach; Reef; Wall,https://www.padi.com/dive-site/australia/aquarium-reef-1/,-28.78393731382457,114.57453846931458,200,minimum_nearest_shoreline_crossing
1334,Australia,Aquarium Reef 2,-28.78565,114.57209,Cave; Beach; Reef; Wall,https://www.padi.com/dive-site/australia/aquarium-reef-2/,-28.785281962663543,114.57409858703612,200,minimum_nearest_shoreline_crossing
1509,Australia,Wolf Rock,-25.91677,153.20005,Reef,https://www.padi.com/dive-site/australia/wolf-rock/,-25.916769905027447,153.20005416870117,0.0,PADI_coordinate_water
1813,Australia,Blizzard Ridge Lighthouse Bay Ningaloo Reef,-21.80045,114.12184,Reef,https://www.padi.com/dive-site/australia/blizzard-ridge-lighthouse-bay-ningaloo-reef/,-21.800786204612866,114.1237449645996,200,minimum_nearest_shoreline_crossing
2113,Australia,Stanley Reef,-19.23855,148.09021,Reef,https://www.padi.com/dive-site/australia/stanley-reef/,-19.23854986079741,148.0902099609375,0.0,PADI_coordinate_water
2550,Australia,Neptune Islands,-35.33053,136.11494,Channel,https://www.padi.com/dive-site/australia/neptune-islands/,-35.330531764957186,136.11494064331055,0.0,PADI_coordinate_water
2590,Australia,Old Man's Hat,-33.82161,151.29379,Reef,https://www.padi.com/dive-site/australia/old-mans-hat/,-33.821608,151.293787,0.0,PADI_coordinate_water
3024,Australia,Popes Eye Marine National Park,-38.27634,144.69859,Drift; Reef; Wall,https://www.padi.com/dive-site/australia/popes-eye-marine-national-park/,-38.27634398505656,144.698588848114,0.0,PADI_coordinate_water
3240,Australia,Hastings Reef,-16.51000,146.00781,Reef; Ocean,https://www.padi.com/dive-site/australia/hastings-reef/,-16.510001,146.007807,0.0,PADI_coordinate_water
3392,Australia,Wave Break Island,-27.93289,153.42072,Beach; Wall,https://www.padi.com/dive-site/australia/wave-break-island/,-27.932617,153.418708,200,minimum_nearest_shoreline_crossing
3393,Australia,Palm Beach Reef,-28.09575,153.48591,Reef,https://www.padi.com/dive-site/australia/palm-beach-reef/,-28.095455,153.483896,200,minimum_nearest_shoreline_crossing
4012,Australia,Chimanan's Hat,-38.28757,144.72692,Channel,https://www.padi.com/dive-site/australia/chimanans-hat/,-38.28757,144.726924,0.0,PADI_coordinate_water
4459,Australia,Stingray Bay,-38.40478,142.47447,Reef; Ocean,https://www.padi.com/dive-site/australia/stingray-bay/,-38.403193,142.473407,200,minimum_nearest_shoreline_crossing
4561,Australia,Port Campbell Bay Reef,-38.62217,142.99055,Reef; Sandy bottom; Wall; Ocean,https://www.padi.com/dive-site/australia/port-campbell-bay-reef/,-38.620592,142.989464,200,minimum_nearest_shoreline_crossing
4692,Australia,Moore Reef,-16.84578,146.22734,Drift; Reef; Wall; Channel; Ocean,https://www.padi.com/dive-site/australia/moore-reef/,-16.845784,146.227341,0.0,PADI_coordinate_water
4696,Australia,Old Aquarium,-38.40562,142.47698,Reef; Wall; Cavern; Ocean,https://www.padi.com/dive-site/australia/old-aquarium/,-38.404026,142.475917,200,minimum_nearest_shoreline_crossing
4811,Australia,Pickering Point,-38.40242,142.46859,Reef; Cavern; Ocean,https://www.padi.com/dive-site/australia/pickering-point/,-38.400831,142.467527,200,minimum_nearest_shoreline_crossing
4812,Australia,Middle Island,-38.40466,142.47147,Pinnacle; Reef; Wall; Ocean,https://www.padi.com/dive-site/australia/middle-island/,-38.403067,142.470413,200,minimum_nearest_shoreline_crossing
4813,Australia,"Nunn's Beach, Portland, Victoria, Australia",-38.34372,141.61152,Beach; Reef; Sandy bottom; Ocean,https://www.padi.com/dive-site/australia/nunns-beach-portland-victoria-australia/,-38.342094,141.610551,200,minimum_nearest_shoreline_crossing
5634,Australia,Aldens Cave - Flinders Reef,-26.97898,153.48702,Cave; Reef,https://www.padi.com/dive-site/australia/aldens-cave-flinders-reef/,-26.978983,153.487018,0.0,PADI_coordinate_water
5637,Australia,Eastern Reach - Manta Bommie,-27.42404,153.54848,Reef; Sandy bottom,https://www.padi.com/dive-site/australia/eastern-reach-manta-bommie/,-27.424043,153.548484,0.0,PADI_coordinate_water
5751,Australia,Agincourt Ribbon Reefs,-16.03657,145.85655,Drift; Pinnacle; Reef; Sandy bottom; Wall; Cavern; Channel; Ocean,https://www.padi.com/dive-site/australia/agincourt-ribbon-reefs/,-16.036575,145.856552,0.0,PADI_coordinate_water
5752,Australia,Barracuda Bommie,-16.01447,145.84831,Pinnacle; Wall; Ocean,https://www.padi.com/dive-site/australia/barracuda-bommie/,-16.014466,145.848312,0.0,PADI_coordinate_water
5754,Australia,The Wedge,-16.24197,145.86628,Drift; Reef; Wall,https://www.padi.com/dive-site/australia/the-wedge/,-16.241973,145.866283,0.0,PADI_coordinate_water
5755,Australia,Castle Rock,-16.05472,145.86616,Pinnacle; Reef; Wall,https://www.padi.com/dive-site/australia/castle-rock-2/,-16.054722,145.866165,0.0,PADI_coordinate_water
5902,Australia,Milln Reef,-16.78449,146.27541,Reef,https://www.padi.com/dive-site/australia/milln-reef/,-16.784492,146.275406,0.0,PADI_coordinate_water
5903,Australia,Pellowe Reef,-16.85482,146.35059,Reef,https://www.padi.com/dive-site/australia/pellowe-reef/,-16.85482,146.350594,0.0,PADI_coordinate_water
5904,Australia,Thetford Reef,-16.72170,146.06667,Reef,https://www.padi.com/dive-site/australia/thetford-reef/,-16.7217,146.066666,0.0,PADI_coordinate_water
5905,Australia,Flynn Reef,-16.73452,146.27197,Reef,https://www.padi.com/dive-site/australia/flynn-reef/,-16.734523,146.271973,0.0,PADI_coordinate_water
5913,Australia,Coral Gardens,-16.73563,146.26288,Drift; Reef; Wall,https://www.padi.com/dive-site/australia/coral-gardens-5/,-16.735633,146.262875,0.0,PADI_coordinate_water
5914,Australia,Tennis courts,-16.73416,146.26531,Reef; Wall,https://www.padi.com/dive-site/australia/tennis-courts/,-16.734164,146.26531,0.0,PADI_coordinate_water
5915,Australia,Ski Slopes,-16.72651,146.26875,Reef; Wall,https://www.padi.com/dive-site/australia/ski-slopes/,-16.726509,146.268754,0.0,PADI_coordinate_water
5916,Australia,Gordons Mooring,-16.73312,146.26740,Reef,https://www.padi.com/dive-site/australia/gordons-mooring/,-16.733116,146.267402,0.0,PADI_coordinate_water
5922,Australia,Little Tracey's,-16.72963,146.26777,Reef; Wall,https://www.padi.com/dive-site/australia/little-traceys/,-16.729633,146.267767,0.0,PADI_coordinate_water
5923,Australia,Boulders,-16.73756,146.26549,Reef; Wall,https://www.padi.com/dive-site/australia/boulders-2/,-16.737564,146.265492,0.0,PADI_coordinate_water
5924,Australia,Three Sisters,-16.78100,146.27399,Pinnacle; Reef,https://www.padi.com/dive-site/australia/three-sisters/,-16.780999,146.27399,0.0,PADI_coordinate_water
5932,Australia,Petaj,-16.78724,146.26897,Reef,https://www.padi.com/dive-site/australia/petaj/,-16.787244,146.268969,0.0,PADI_coordinate_water
5933,Australia,Pools,-16.79238,146.26494,Reef,https://www.padi.com/dive-site/australia/pools/,-16.79238,146.264935,0.0,PADI_coordinate_water
5934,Australia,The Wild Side,-16.79698,146.26888,Reef,https://www.padi.com/dive-site/australia/the-wild-side/,-16.796982,146.268883,0.0,PADI_coordinate_water
5937,Australia,The Whale,-16.78392,146.27086,Pinnacle; Reef,https://www.padi.com/dive-site/australia/the-whale/,-16.783916,146.270857,0.0,PADI_coordinate_water
6312,Australia,Cathederals,-16.76773,146.22079,Pinnacle; Reef; Wall,https://www.padi.com/dive-site/australia/cathederals/,-16.767727397190626,146.22079415691536,0.0,PADI_coordinate_water
6692,Australia,Drum and Drumsticks,-35.04592,150.84340,Reef; Sandy bottom; Wall; Ocean,https://www.padi.com/dive-site/australia/drum-and-drumsticks/,-35.04489492214619,150.84159851074222,200,minimum_nearest_shoreline_crossing
6703,Australia,The Wall,-35.11212,150.76753,Cave; Reef; Sandy bottom; Wall; Ocean,https://www.padi.com/dive-site/australia/the-wall-6/,-35.11211542101926,150.76752662658694,0.0,PADI_coordinate_water
6705,Australia,The Docks,-35.08172,150.79924,Reef; Sandy bottom; Cavern; Ocean,https://www.padi.com/dive-site/australia/the-docks/,-35.08068953194343,150.79743862152102,200,minimum_nearest_shoreline_crossing
6708,Australia,The Nursery,-35.11373,150.76710,Reef; Sandy bottom; Ocean,https://www.padi.com/dive-site/australia/the-nursery/,-35.113730279086745,150.76709747314456,0.0,PADI_coordinate_water
6760,Australia,Magic Point,-33.96083,151.26629,Ocean,https://www.padi.com/dive-site/australia/magic-point/,-33.959913,151.264429,200,minimum_nearest_shoreline_crossing
6761,Australia,Martin Island,-34.49098,150.90183,Ocean,https://www.padi.com/dive-site/australia/martin-isalnd/,-34.49,150.9,200,minimum_nearest_shoreline_crossing
7028,Australia,Flinders Reef,-26.97410,153.47969,Reef,https://www.padi.com/dive-site/australia/flinders-reef-2/,-26.974097380304222,153.47969055175784,0.0,PADI_coordinate_water
7241,Australia,Henry Head,-33.99853,151.23762,Ocean,https://www.padi.com/dive-site/australia/henry-head-2/,-33.998526518837224,151.23762163473714,0.0,PADI_coordinate_water
7243,Australia,Whale Watching Platform,-34.01671,151.23295,Ocean,https://www.padi.com/dive-site/australia/whale-watching-platform/,-34.016709,151.232948,0.0,PADI_coordinate_water
7244,Australia,The Steps,-34.00288,151.22571,Ocean,https://www.padi.com/dive-site/australia/the-steps-3/,-34.00287504645571,151.22570917598108,0.0,PADI_coordinate_water
7245,Australia,Sutherland Point,-34.00140,151.22285,Ocean,https://www.padi.com/dive-site/australia/sutherland-point/,-34.00140404780075,151.22284858217006,0.0,PADI_coordinate_water
7246,Australia,Blue Fish Point,-33.80691,151.30863,Wall; Ocean,https://www.padi.com/dive-site/australia/blue-fish-point/,-33.80600313452267,151.30675792694092,200,minimum_nearest_shoreline_crossing
7247,Australia,Fairy Bower,-33.80146,151.29561,Beach; Sandy bottom; Ocean,https://www.padi.com/dive-site/australia/fairy-bower/,-33.80054705968922,151.2937438488007,200,minimum_nearest_shoreline_crossing
7248,Australia,Little Manly,-33.80757,151.28887,Beach; Sandy bottom,https://www.padi.com/dive-site/australia/little-manly/,-33.8066628324154,151.28699541091922,200,minimum_nearest_shoreline_crossing
7250,Australia,Fairlight,-33.80105,151.27628,Beach; Muck; Sandy bottom,https://www.padi.com/dive-site/australia/fairlight/,-33.80013694850564,151.27441048622134,200,minimum_nearest_shoreline_crossing
7251,Australia,Clifton Gardens,-33.84097,151.25519,Beach; Sandy bottom,https://www.padi.com/dive-site/australia/clifton-gardens-chowder-bay/,-33.8400609,151.2533267,200,minimum_nearest_shoreline_crossing
7254,Australia,The Monument,-34.00273,151.22234,Beach; Sandy bottom,https://www.padi.com/dive-site/australia/the-monument-kurnell/,-34.001798580091666,151.22047662734988,200,minimum_nearest_shoreline_crossing
7256,Australia,Dragons Lair,-33.99190,151.25746,Ocean,https://www.padi.com/dive-site/australia/dragons-lair/,-33.990967,151.2556,200,minimum_nearest_shoreline_crossing
7287,Australia,Shelly Beach,-33.80140,151.29949,Beach; Sandy bottom,https://www.padi.com/dive-site/australia/shelly-beach-2/,-33.800495,151.297617,200,minimum_nearest_shoreline_crossing
7449,Australia,Osborn Shoals,-34.05000,151.18330,Reef; Wall; Ocean,https://www.padi.com/dive-site/australia/osborn-shoals/,-34.05,151.1833,0.0,PADI_coordinate_water
7542,Australia,Bait Reef,-19.80749,149.07383,Reef,https://www.padi.com/dive-site/australia/bait-reef/,-19.80748886058948,149.0738296508789,0.0,PADI_coordinate_water
7662,Australia,Oak Park,-34.07118,151.15909,Reef; Ocean,https://www.padi.com/dive-site/australia/oak-park/,-34.07024021878777,151.15724086761475,200,minimum_nearest_shoreline_crossing
7800,Australia,Cook Island,-28.19503,153.57703,Reef; Ocean,https://www.padi.com/dive-site/australia/cook-island-2/,-28.195033121678524,153.57703328132632,0.0,PADI_coordinate_water
7805,Australia,Big Seal,-32.46198,152.55268,Drift; Reef; Wall; Ocean,https://www.padi.com/dive-site/australia/big-seal/,-32.461975631164066,152.5526762008667,0.0,PADI_coordinate_water
8277,Australia,Cleaner Station South Solitary Island,-30.20203,153.26823,Reef; Sandy bottom; Ocean,https://www.padi.com/dive-site/australia/cleaner-station/,-30.20202559065397,153.26823055744174,0.0,PADI_coordinate_water
8280,Australia,Pimpernel Rock,-29.69807,153.39742,Cave; Pinnacle; Reef; Ocean,https://www.padi.com/dive-site/australia/pimpernel-rock/,-29.69807,153.39742,0.0,PADI_coordinate_water
8384,Australia,Slot Cave,-35.08168,150.79663,Cave; Sandy bottom; Wall; Cavern; Ocean,https://www.padi.com/dive-site/australia/slot-cave/,-35.08065225177154,150.79483480425554,200,minimum_nearest_shoreline_crossing
8409,Australia,Coral Gardens Split Solitary Island,-30.23906,153.18132,Reef; Sandy bottom; Ocean,https://www.padi.com/dive-site/australia/coral-gardens-10/,-30.23905750941161,153.18131625652316,0.0,PADI_coordinate_water
8412,Australia,Plate Coral South West Solitary Island,-30.15942,153.22559,Reef; Sandy bottom; Ocean,https://www.padi.com/dive-site/australia/plate-coral/,-30.159418640537552,153.225594162941,0.0,PADI_coordinate_water
8413,Australia,Northern Gutters South West Solitary Island,-30.15900,153.22771,Reef; Sandy bottom; Ocean,https://www.padi.com/dive-site/australia/northern-gutters/,-30.158996559667507,153.22771310806277,0.0,PADI_coordinate_water
8414,Australia,Fish Soup North Solitary Island,-29.91275,153.38337,Reef; Sandy bottom; Ocean,https://www.padi.com/dive-site/australia/fish-soup/,-29.912751192756826,153.38336706161502,0.0,PADI_coordinate_water
8415,Australia,Anemone Bay North Solitary Island,-29.92367,153.38996,Reef; Sandy bottom; Ocean,https://www.padi.com/dive-site/australia/anemone-bay/,-29.92320339751729,153.38795900344851,200,minimum_nearest_shoreline_crossing
8416,Australia,South Boulder South Solitary Island,-30.20240,153.26559,Reef; Sandy bottom; Ocean,https://www.padi.com/dive-site/australia/south-boulder/,-30.202401125047967,153.26558589935306,0.0,PADI_coordinate_water
8417,Australia,Buchanan's Wall South Solitary Island,-30.20669,153.26558,Sandy bottom; Wall; Ocean,https://www.padi.com/dive-site/australia/buchanans-wall/,-30.2066941695171,153.26558053493503,0.0,PADI_coordinate_water
8419,Australia,Manta Arch South Solitary Island,-30.20265,153.26830,Reef; Sandy bottom; Ocean,https://www.padi.com/dive-site/australia/manta-arch-3/,-30.20264684430811,153.26830029487613,0.0,PADI_coordinate_water
8420,Australia,Grey Nurse Gutters (Shark Gutters) South Solitary Island,-30.20163,153.26703,Reef; Sandy bottom; Ocean,https://www.padi.com/dive-site/australia/sharl-gutters/,-30.20162687355649,153.26702892780307,0.0,PADI_coordinate_water
9435,Australia,Steve's Bommie,-15.50091,145.78845,Pinnacle,https://www.padi.com/dive-site/australia/steves-bommie-2/,-15.50091228516644,145.7884454727173,0.0,PADI_coordinate_water
9436,Australia,The Cod Hole,-14.66375,145.66354,Drift; Reef; Sandy bottom; Channel,https://www.padi.com/dive-site/australia/the-cod-hole/,-14.663747654227388,145.6635403633118,0.0,PADI_coordinate_water
9864,Australia,Julian Rocks,-28.61093,153.62956,Drift; Reef; Wall,https://www.padi.com/dive-site/australia/julian-rocks/,-28.610925809229567,153.62955629825592,0.0,PADI_coordinate_water
12736,Australia,South-West Wall - Gold Coast Seaway,-27.94246,153.42083,Ocean,https://www.padi.com/dive-site/australia/southbeach-southport-seaway/,-27.942465,153.420832,0.0,PADI_coordinate_water
13946,Australia,Elsa's Reef,-38.36030,144.82405,Reef; Sandy bottom,https://www.padi.com/dive-site/australia/elsas-reef/,-38.3603012117846,144.82405185699466,0.0,PADI_coordinate_water
13972,Australia,Elsa's Reef 2,-38.35346,144.82696,Reef; Sandy bottom; Ocean,https://www.padi.com/dive-site/australia/elsas-reef-2/,-38.35345906553452,144.82696485924882,0.0,PADI_coordinate_water
17153,Australia,Latitude Rock,-32.20896,152.56634,Reef; Ocean,https://www.padi.com/dive-site/australia/latitude-rock-2/,-32.208959,152.566342,0.0,PADI_coordinate_water
21059,Australia,Observatory,-23.16980,150.92417,Reef; Sandy bottom,https://www.padi.com/dive-site/australia/observatory/,-23.169795843757782,150.92416763305667,0.0,PADI_coordinate_water
21061,Australia,Shelving beach,-23.18759,150.93709,Beach; Reef; Ocean,https://www.padi.com/dive-site/australia/secret-cove/,-23.18782506908536,150.93515396118167,200,minimum_nearest_shoreline_crossing
21062,Australia,Monkey beach,-23.19426,150.94121,Reef,https://www.padi.com/dive-site/australia/monkey-beach-3/,-23.1944917165039,150.93927383422854,200,minimum_nearest_shoreline_crossing
21064,Australia,Barren Island,-23.15457,151.07471,Reef,https://www.padi.com/dive-site/australia/barren-island/,-23.1545657660099,151.07471466064456,0.0,PADI_coordinate_water
21068,Australia,Bald Rock,-23.17010,150.99333,Reef,https://www.padi.com/dive-site/australia/bald-rock/,-23.17009667953145,150.99332571029666,0.0,PADI_coordinate_water
21069,Australia,Red beach,-23.18198,150.99100,Reef,https://www.padi.com/dive-site/australia/red-beach/,-23.182223250450157,150.98905563354495,200,minimum_nearest_shoreline_crossing
21070,Australia,Butterfish bay,-23.15468,150.96827,Reef,https://www.padi.com/dive-site/australia/butterfish-bay/,-23.15492089116869,150.96633195877078,200,minimum_nearest_shoreline_crossing
21071,Australia,Man and wife rocks,-23.11625,150.99189,Reef,https://www.padi.com/dive-site/australia/man-and-wife-rocks/,-23.116246180215345,150.99188804626468,0.0,PADI_coordinate_water
21072,Australia,Big peninsula / Secret beach,-23.14999,150.97602,Reef,https://www.padi.com/dive-site/australia/big-peninsula-secret-beach/,-23.15022527134407,150.9740781784058,200,minimum_nearest_shoreline_crossing
21074,Australia,Outer Rock,-23.06228,150.95241,Reef,https://www.padi.com/dive-site/australia/outer-rock/,-23.062280289145725,150.95240592956546,0.0,PADI_coordinate_water
21308,Australia,Camp Cove,-33.83964,151.28105,Reef; Sandy bottom; Ocean,https://www.padi.com/dive-site/australia/camp-cove/,-33.83873470434083,151.27918902252088,200,minimum_nearest_shoreline_crossing
21309,Australia,Camp Cove South,-33.84089,151.27935,Beach; Reef; Sandy bottom,https://www.padi.com/dive-site/australia/camp-cove-south/,-33.839975,151.277495,200,minimum_nearest_shoreline_crossing
21310,Australia,Gordon's Bay,-33.91666,151.26496,Beach; Reef; Ocean,https://www.padi.com/dive-site/australia/gordons-bay/,-33.915742,151.263096,200,minimum_nearest_shoreline_crossing
21365,Australia,North Bondi,-33.89429,151.28399,Beach; Reef; Ocean,https://www.padi.com/dive-site/australia/north-bondi/,-33.893365,151.282131,200,minimum_nearest_shoreline_crossing
21712,Australia,Roe Reef,-31.97917,115.54000,Cave,https://www.padi.com/dive-site/australia/roe-reef/,-31.979166666666664,115.54,0.0,PADI_coordinate_water
22098,Australia,Egg Rock,-23.19889,151.10018,Reef,https://www.padi.com/dive-site/australia/egg-rock/,-23.19888994392472,151.10018491744995,0.0,PADI_coordinate_water
22608,Australia,Shenanigans,-17.83784,146.49213,Reef; Ocean,https://www.padi.com/dive-site/australia/shenanigans/,-17.83783840690229,146.4921283721924,0.0,PADI_coordinate_water
22609,Australia,Shark Alley,-17.84301,146.48757,Drift; Reef; Sandy bottom; Ocean,https://www.padi.com/dive-site/australia/shark-alley-2/,-17.843006146316267,146.4875686168671,0.0,PADI_coordinate_water
22610,Australia,Tokyo Drift,-17.84619,146.49860,Drift; Sandy bottom; Wall; Channel; Ocean,https://www.padi.com/dive-site/australia/tokyo-drift/,-17.846192503751837,146.49859786033633,0.0,PADI_coordinate_water
22611,Australia,Peanuts,-17.83582,146.49843,Drift; Reef; Sandy bottom; Ocean,https://www.padi.com/dive-site/australia/peanuts/,-17.83581620716948,146.49842619895938,0.0,PADI_coordinate_water
22612,Australia,Boogie Nights,-17.77144,146.45035,Reef; Wall; Ocean,https://www.padi.com/dive-site/australia/boogie-nights/,-17.771441076885598,146.45035028457644,0.0,PADI_coordinate_water
22613,Australia,Gotham City,-17.77038,146.45386,Drift; Reef; Wall; Ocean,https://www.padi.com/dive-site/australia/gotham-city/,-17.77037851886524,146.45385861396792,0.0,PADI_coordinate_water
22614,Australia,Tay Cay,-17.83607,146.53713,Reef; Sandy bottom; Ocean,https://www.padi.com/dive-site/australia/tay-cay/,-17.836071536685342,146.53712511062625,0.0,PADI_coordinate_water
22634,Australia,Bowsers Castle,-17.81707,146.55356,Drift; Reef; Wall; Ocean,https://www.padi.com/dive-site/australia/bowsers-castle/,-17.81707402136462,146.5535616874695,0.0,PADI_coordinate_water
22635,Australia,The Far East,-17.81174,146.57547,Drift; Reef; Wall; Ocean,https://www.padi.com/dive-site/australia/the-far-east/,-17.81174209669224,146.57546997070315,0.0,PADI_coordinate_water
22648,Australia,Rainbow Road,-17.84304,146.56204,Drift; Reef; Wall; Ocean,https://www.padi.com/dive-site/australia/rainbow-road/,-17.843036784640148,146.56203746795657,0.0,PADI_coordinate_water
24247,Australia,Waterfall Bay - Waterfall,-43.06087,147.94764,Ocean,https://www.padi.com/dive-site/australia/waterfall-bay-waterfall/,-43.05932494785293,147.94639950000854,200,minimum_nearest_shoreline_crossing
2356,Bahamas,Shark Junction,26.50222,-78.62958,Reef,https://www.padi.com/dive-site/bahamas/shark-junction/,26.50222365355996,-78.62957954406738,0.0,PADI_coordinate_water
2357,Bahamas,Ann's Paradise,26.52419,-78.57053,Reef,https://www.padi.com/dive-site/bahamas/anns-paradise/,26.524189598166643,-78.57052803039551,0.0,PADI_coordinate_water
2358,Bahamas,Ben's Blue Hole,26.52081,-78.58658,Reef,https://www.padi.com/dive-site/bahamas/bens-blue-hole/,26.520810495536526,-78.58657836914062,0.0,PADI_coordinate_water
2360,Bahamas,Picasso's Gallery,26.51972,-78.59023,Reef,https://www.padi.com/dive-site/bahamas/picassos-gallery/,26.519716105750085,-78.59022617340088,0.0,PADI_coordinate_water
2361,Bahamas,Tiger Beach,26.97245,-79.11105,Beach,https://www.padi.com/dive-site/bahamas/tiger-beach/,26.971038,-79.109802,200,minimum_nearest_shoreline_crossing
7798,Bahamas,Angelfish Blue Hole,23.52573,-75.76025,Cavern,https://www.padi.com/dive-site/bahamas/angelfish-blue-hole/,23.525726356167667,-75.76025392860174,0.0,PADI_coordinate_water
8036,Bahamas,Stingray Reef,23.54644,-75.78186,Reef; Ocean,https://www.padi.com/dive-site/bahamas/stingray-reef/,23.546443140254045,-75.78186192946609,0.0,PADI_coordinate_water
15687,Barbados,Bloom Shallows,13.06030,-59.55855,Reef; Ocean,https://www.padi.com/dive-site/barbados/boatyard-reef/,13.062088034413131,-59.55834388732911,200,minimum_nearest_shoreline_crossing
15688,Barbados,Close Encounters,13.06132,-59.56547,Reef,https://www.padi.com/dive-site/barbados/close-encounters/,13.06309135095632,-59.565167427063,200,minimum_nearest_shoreline_crossing
15689,Barbados,the Boot,13.06614,-59.57907,Reef,https://www.padi.com/dive-site/barbados/the-boot/,13.066143080383297,-59.5790719985962,0.0,PADI_coordinate_water
15691,Barbados,Pieces of 8,13.07059,-59.59505,Reef,https://www.padi.com/dive-site/barbados/pieces-of-8/,13.072246426059069,-59.59434986114503,200,minimum_nearest_shoreline_crossing
15692,Barbados,Asta,13.07338,-59.60049,Reef,https://www.padi.com/dive-site/barbados/asta/,13.07337511043377,-59.6004867553711,0.0,PADI_coordinate_water
15694,Barbados,Old Fort,13.07739,-59.61443,Reef,https://www.padi.com/dive-site/barbados/old-fort/,13.078934850691342,-59.6134901046753,200,minimum_nearest_shoreline_crossing
15698,Barbados,Horseshoe Reef,13.11877,-59.64066,Reef,https://www.padi.com/dive-site/barbados/horseshoe-reef-2/,13.118769019296696,-59.64065551757813,0.0,PADI_coordinate_water
5507,Belize,The Great Blue Hole,17.31803,-87.53477,Wall; Cavern,https://www.padi.com/dive-site/belize/the-great-blue-hole/,17.318029,-87.534771,0.0,PADI_coordinate_water
5527,Belize,The Aquarium,17.22542,-87.59454,Drift; Reef; Wall; Ocean,https://www.padi.com/dive-site/belize/the-aquarium/,17.225424,-87.594541,0.0,PADI_coordinate_water
8103,Belize,Esmeralda Canyons,17.91022,-87.95246,Reef; Cavern,https://www.padi.com/dive-site/belize/esmeralda-canyons/,17.910222859323554,-87.95246439749158,0.0,PADI_coordinate_water
8381,Belize,South Channel,17.73181,-88.02057,Reef; Sandy bottom; Channel; Ocean,https://www.padi.com/dive-site/belize/south-channel/,17.731805433621066,-88.02057266235352,0.0,PADI_coordinate_water
8447,Belize,Half Moon Wall,17.20833,-87.53583,Reef; Wall; Ocean,https://www.padi.com/dive-site/belize/half-moon-wall/,17.208333333333332,-87.53583333333333,0.0,PADI_coordinate_water
8652,Belize,gallow's point,17.46667,-88.03333,Reef; Sandy bottom; Wall; Ocean,https://www.padi.com/dive-site/belize/gallows-point/,17.4666667,-88.0333333,0.0,PADI_coordinate_water
9948,Belize,Esmeralda,17.91741,-87.95847,Reef; Sandy bottom; Ocean,https://www.padi.com/dive-site/belize/esmeralda/,17.91741106501883,-87.95847415924072,0.0,PADI_coordinate_water
11065,Belize,South water caye,16.81582,-88.08610,Ocean,https://www.padi.com/dive-site/belize/south-water-caye/,16.815819182254096,-88.08610439300539,0.0,PADI_coordinate_water
9254,Bermuda,North Rock,32.47402,-64.76833,Reef; Sandy bottom; Ocean,https://www.padi.com/dive-site/bermuda/north-rock-2/,32.474019444444444,-64.76833333333333,0.0,PADI_coordinate_water
9255,Bermuda,The Cathedral,32.34045,-64.65944,Reef; Cavern; Channel; Ocean,https://www.padi.com/dive-site/bermuda/the-cathedral-3/,32.340450000000004,-64.65944444444445,0.0,PADI_coordinate_water
9256,Bermuda,South West Breaker,32.23092,-64.86556,Reef; Sandy bottom,https://www.padi.com/dive-site/bermuda/south-west-breaker/,32.230919444444446,-64.86555555555555,0.0,PADI_coordinate_water
1948,Brazil,Ilha do Meio,-3.81655,-32.39276,Drift; Reef; Channel,https://www.padi.com/dive-site/brazil/ilha-do-meio/,-3.8165542765484193,-32.39275932312012,0.0,PADI_coordinate_water
1949,Brazil,Ressurreta,-3.81458,-32.39036,Drift; Reef; Channel,https://www.padi.com/dive-site/brazil/ressurreta/,-3.814584546472436,-32.39035606384277,0.0,PADI_coordinate_water
1952,Brazil,Buraco do Inferno,-3.80876,-32.38100,Reef,https://www.padi.com/dive-site/brazil/buraco-do-inferno/,-3.808760970284132,-32.38100051879883,0.0,PADI_coordinate_water
1953,Brazil,Cordilheiras,-3.80696,-32.38040,Reef,https://www.padi.com/dive-site/brazil/cordilheiras/,-3.806962504965232,-32.38039970397949,0.0,PADI_coordinate_water
1955,Brazil,Pontal do Norte,-3.80277,-32.38297,Drift; Reef,https://www.padi.com/dive-site/brazil/pontal-do-norte/,-3.802766071282402,-32.38297462463379,0.0,PADI_coordinate_water
1956,Brazil,Macaxeira,-3.80593,-32.37645,Drift; Reef; Wall,https://www.padi.com/dive-site/brazil/macaxeira/,-3.805934808810599,-32.37645149230957,0.0,PADI_coordinate_water
1957,Brazil,Pedras Secas,-3.85295,-32.36641,Drift; Reef,https://www.padi.com/dive-site/brazil/pedras-secas/,-3.852950647357136,-32.36640930175781,0.0,PADI_coordinate_water
1958,Brazil,Caieiras,-3.83976,-32.39302,Reef,https://www.padi.com/dive-site/brazil/caieiras/,-3.839762494459619,-32.39301681518555,0.0,PADI_coordinate_water
1959,Brazil,Ilha do Frade,-3.86169,-32.40005,Reef,https://www.padi.com/dive-site/brazil/ilha-do-frade/,-3.8616855452140655,-32.400054931640625,0.0,PADI_coordinate_water
1960,Brazil,Trinta Réis,-3.86511,-32.41190,Drift; Reef,https://www.padi.com/dive-site/brazil/trinta-reis/,-3.8651109708283418,-32.41189956665039,0.0,PADI_coordinate_water
1961,Brazil,Cabeço Submarino,-3.87436,-32.41430,Reef,https://www.padi.com/dive-site/brazil/cabeco-submarino/,-3.874359550842693,-32.414302825927734,0.0,PADI_coordinate_water
1962,Brazil,Iuias,-3.89149,-32.42623,Drift; Reef,https://www.padi.com/dive-site/brazil/iuias/,-3.891486283717332,-32.42623329162598,0.0,PADI_coordinate_water
1963,Brazil,Caverna da Sapata,-3.87385,-32.47670,Reef; Wall,https://www.padi.com/dive-site/brazil/caverna-da-sapata/,-3.873845743492074,-32.476701736450195,0.0,PADI_coordinate_water
1964,Brazil,Cabeço da Sapata,-3.86742,-32.48906,Drift; Reef; Wall,https://www.padi.com/dive-site/brazil/cabeco-da-sapata/,-3.8674231252971913,-32.48906135559082,0.0,PADI_coordinate_water
1966,Brazil,Laje dois Irmãos,-3.83891,-32.44589,Reef,https://www.padi.com/dive-site/brazil/laje-dois-irmaos/,-3.8389061138427416,-32.44588851928711,0.0,PADI_coordinate_water
1967,Brazil,Morro de Fora,-3.83471,-32.41576,Reef,https://www.padi.com/dive-site/brazil/morro-de-fora/,-3.8347098364080825,-32.41576194763184,0.0,PADI_coordinate_water
2747,Brazil,João Fernandes (canto direito) P & P MERGULHO,-22.73816,-41.86929,Beach,https://www.padi.com/dive-site/brazil/joao-fernandes-canto-direito-p-p-mergulho/,-22.74070330156394,-41.87390685081482,553,minimum_nearest_shoreline_crossing
2751,Brazil,ILHA DOS GRAVATÁS( CORRIDA DO CAPITÃO ) P & P MERGULHO,-22.77155,-41.82034,Drift,https://www.padi.com/dive-site/brazil/ilha-dos-gravatas-corrida-do-capitao-p-p-mergulho/,-22.7715518553722,-41.820337772369385,0.0,PADI_coordinate_water
2754,Brazil,ILHA DOS GRAVATAS (BURACO DAS ALMAS) P & P MERGULHO,-22.77246,-41.82598,Wall,https://www.padi.com/dive-site/brazil/ilha-dos-gravatas-buraco-das-almas-p-p-mergulho/,-22.7724619698547,-41.82598114013672,0.0,PADI_coordinate_water
2755,Brazil,ILHA DA ANCORA ( PONTA LESTE) P & P MERGULHO,-22.76753,-41.78902,Cave; Drift; Reef; Wall,https://www.padi.com/dive-site/brazil/ilha-da-ancora-ponta-leste-p-p-mergulho/,-22.767525515236365,-41.7890202999115,0.0,PADI_coordinate_water
2758,Brazil,"ILHA DA FEIA , P & P MERGULHO",-22.72160,-41.92344,Drift; Reef; Wall,https://www.padi.com/dive-site/brazil/ilha-da-feia-p-p-mergulho/,-22.721604972808635,-41.923441886901855,0.0,PADI_coordinate_water
2759,Brazil,"ALAGADOS , P & P MERGULHO",-22.75687,-41.82564,Wall,https://www.padi.com/dive-site/brazil/alagados-p-p-mergulho/,-22.7568704747524,-41.82563781738281,0.0,PADI_coordinate_water
4473,Brazil,PARCEL DE TORRES,-29.43601,-49.42062,Drift; Pinnacle; Ocean,https://www.padi.com/dive-site/brazil/parcel-de-torres/,-29.43601,-49.420624,0.0,PADI_coordinate_water
9593,Brazil,Ilhas Rasas (Shallow Islands),-20.67714,-40.36553,Drift; Reef; Sandy bottom; Wall; Ocean,https://www.padi.com/dive-site/brazil/ilhas-rasas-shallow-islands-2/,-20.677137,-40.365529,0.0,PADI_coordinate_water
10868,Brazil,Ilha do Arvoredo - Engenho,-27.29228,-48.36714,Ocean,https://www.padi.com/dive-site/brazil/ilha-do-arvoredo-engenho/,-27.292278129045872,-48.367137908935554,0.0,PADI_coordinate_water
10869,Brazil,Ilha do Arvoredo - Orquídea,-27.28627,-48.36995,Ocean,https://www.padi.com/dive-site/brazil/ilha-do-arvoredo-orquidea/,-27.28627123681963,-48.36994886398316,0.0,PADI_coordinate_water
10870,Brazil,Ilha do Arvoredo - Parcel do Engenho,-27.29472,-48.36671,Reef; Ocean,https://www.padi.com/dive-site/brazil/ilha-do-arvoredo-parcel-do-engenho/,-27.29471893209661,-48.36670875549317,0.0,PADI_coordinate_water
10871,Brazil,Ilha do Arvoredo - Vidal,-27.29720,-48.35868,Ocean,https://www.padi.com/dive-site/brazil/ilha-do-arvoredo-vidal/,-27.29719781777701,-48.358683586120605,0.0,PADI_coordinate_water
10874,Brazil,Ilha do Arvoredo - Toca do Frade,-27.29563,-48.36310,Wall; Ocean,https://www.padi.com/dive-site/brazil/ilha-do-arvoredo-toca-do-frade/,-27.295634219408157,-48.36310386657716,0.0,PADI_coordinate_water
13135,Brazil,Escalvada Island,-20.69984,-40.40668,Drift; Ocean,https://www.padi.com/dive-site/brazil/escalvada-island-2/,-20.699841115909635,-40.40668487548829,0.0,PADI_coordinate_water
14146,Brazil,Corais da Boa Viagem,-12.93447,-38.50897,Beach; Sandy bottom,https://www.padi.com/dive-site/brazil/corais-da-boa-viagem/,-12.93465471425891,-38.51080298423768,200,minimum_nearest_shoreline_crossing
21172,Brazil,"Parque dos Corais, João Fernandes, centro da praia.",-22.74273,-41.87488,Reef,https://www.padi.com/dive-site/brazil/parque-dos-corais-joao-fernandes/,-22.741519621455588,-41.8763154745102,200,minimum_nearest_shoreline_crossing
21363,Brazil,Passarela do Ribeiro - Bombinhas,-27.14122,-48.49483,Beach,https://www.padi.com/dive-site/brazil/passarela-do-ribeiro-bombinhas/,-27.145540941511246,-48.49504708157392,482,minimum_nearest_shoreline_crossing
24563,Brazil,Quebra Mar,-12.96320,-38.51388,Reef; Sandy bottom,https://www.padi.com/dive-site/brazil/quebra-mar/,-12.963366666666666,-38.51570555555556,200,minimum_nearest_shoreline_crossing
25182,Brazil,,-23.53398,-45.04305,Ocean,https://www.padi.com/dive-site/brazil/praia-do-leste-da-ilha-anchieta-toca-da-tartaruga/,-23.53397954883258,-45.04305475646205,0.0,PADI_coordinate_water
25183,Brazil,,-23.53296,-45.04486,Ocean,https://www.padi.com/dive-site/brazil/estatua-do-cousteau-praia-do-leste-ilha-anchieta/,-23.5329565542312,-45.04485729314742,0.0,PADI_coordinate_water
25456,Brazil,Ilha de Âncora (Ponta Leste),-22.76724,-41.78893,Ocean,https://www.padi.com/dive-site/brazil/ilha-de-ancora-ponta-leste/,-22.767243568050446,-41.78893446922303,0.0,PADI_coordinate_water
25457,Brazil,Ilha de Gravatás,-22.77157,-41.82117,Ocean,https://www.padi.com/dive-site/brazil/ilha-de-gravatas/,-22.771571640534184,-41.82117462158204,0.0,PADI_coordinate_water
25459,Brazil,Laje do Cavalo Marinho (João Fernandinho),-22.73985,-41.87355,Ocean,https://www.padi.com/dive-site/brazil/laje-do-cavalo-marinho-joao-fernandinho/,-22.73864021683708,-41.87499046325684,200,minimum_nearest_shoreline_crossing
326,British Virgin Islands,Chimney,18.48335,-64.46142,Reef,https://www.padi.com/dive-site/british-virgin-islands/chimney/,18.483353643072657,-64.46142196655273,0.0,PADI_coordinate_water
328,British Virgin Islands,Seal Dog Rock,18.50989,-64.43151,Reef,https://www.padi.com/dive-site/british-virgin-islands/seal-dog-rock/,18.50988902503296,-64.43150997161865,0.0,PADI_coordinate_water
329,British Virgin Islands,POS,18.49399,-64.46503,Drift; Reef,https://www.padi.com/dive-site/british-virgin-islands/pos/,18.493986603754244,-64.46502685546875,0.0,PADI_coordinate_water
331,British Virgin Islands,Vanishing Rock,18.37824,-64.52001,Reef,https://www.padi.com/dive-site/british-virgin-islands/vanishing-rock/,18.378240153146383,-64.52001214027405,0.0,PADI_coordinate_water
332,British Virgin Islands,Bronco Billy,18.49320,-64.46069,Reef,https://www.padi.com/dive-site/british-virgin-islands/bronco-billy/,18.49320314496013,-64.46069240570068,0.0,PADI_coordinate_water
1533,British Virgin Islands,Thumb Rock,18.36813,-64.50837,Reef,https://www.padi.com/dive-site/british-virgin-islands/thumb-rock/,18.36812950759271,-64.50837135314941,0.0,PADI_coordinate_water
1534,British Virgin Islands,Carvel Rock,18.37212,-64.48863,Reef,https://www.padi.com/dive-site/british-virgin-islands/carvel-rock/,18.37212089062611,-64.4886302947998,0.0,PADI_coordinate_water
1535,British Virgin Islands,Ginger Steps,18.38458,-64.48039,Wall,https://www.padi.com/dive-site/british-virgin-islands/ginger-steps/,18.38458318610276,-64.48039054870605,0.0,PADI_coordinate_water
1272,Brunei,Abana Reef,5.09282,115.09569,Reef,https://www.padi.com/dive-site/brunei/abana-reef/,5.092824998378504,115.0956916809082,0.0,PADI_coordinate_water
11091,Brunei,Pelong Rock,5.07624,115.05432,Reef,https://www.padi.com/dive-site/brunei/pelong-rock/,5.076239366705834,115.0543212890625,0.0,PADI_coordinate_water
1148,Bulgaria,The Anchor,43.13644,27.94246,Reef,https://www.padi.com/dive-site/bulgaria/the-anchor-2/,43.13643560967986,27.942459583282467,0.0,PADI_coordinate_water
8570,Bulgaria,Stingray Station - Galata,43.16852,27.94884,Reef,https://www.padi.com/dive-site/bulgaria/stingray-station/,43.16182411360534,27.94645071029663,200,minimum_nearest_shoreline_crossing
8571,Bulgaria,Seahorse Garden - Galata,43.15951,27.94731,Reef; Sandy bottom,https://www.padi.com/dive-site/bulgaria/seahorse-garden-galata/,43.159096734704114,27.944905757904053,200,minimum_nearest_shoreline_crossing
20681,Bulgaria,Seahorse alley and Lagoon,42.41627,27.70269,Beach; Sandy bottom,https://www.padi.com/dive-site/bulgaria/seahorse-alley-and-lagoon/,42.41660551331035,27.700299024581916,200,minimum_nearest_shoreline_crossing
22282,Bulgaria,Aheloy DSD site,42.63229,27.64239,Beach; Sandy bottom,https://www.padi.com/dive-site/bulgaria/aheloy-dsd-site/,42.63244321761552,27.639950280652023,200,minimum_nearest_shoreline_crossing
2000,Cambodia,coral bay 2,10.62976,103.30266,Reef,https://www.padi.com/dive-site/cambodia/coral-bay-2/,10.631115912997668,103.30385327339172,200,minimum_nearest_shoreline_crossing
7913,Cambodia,Rocky Ridge,10.26619,103.14596,Reef; Ocean,https://www.padi.com/dive-site/cambodia/rocky-ridge/,10.2661916034673,103.14595699310304,0.0,PADI_coordinate_water
7914,Cambodia,Atlantis,10.29275,103.13476,Reef; Ocean,https://www.padi.com/dive-site/cambodia/atlantis-3/,10.292752079025943,103.13475608825684,0.0,PADI_coordinate_water
7915,Cambodia,Giraffe,10.27324,103.14536,Reef; Ocean,https://www.padi.com/dive-site/cambodia/giraffe/,10.273243648529892,103.14535617828368,0.0,PADI_coordinate_water
7916,Cambodia,Fly By,10.32471,103.13355,Drift; Reef; Ocean,https://www.padi.com/dive-site/cambodia/fly-by/,10.32471458299054,103.13355445861816,0.0,PADI_coordinate_water
7917,Cambodia,Fabrice´s Monkey Island,10.29482,103.15647,Reef; Ocean,https://www.padi.com/dive-site/cambodia/fabrice-s-monkey-island/,10.294821084277856,103.15647125244142,0.0,PADI_coordinate_water
7918,Cambodia,Koh Veal,10.23363,102.88198,Reef; Ocean,https://www.padi.com/dive-site/cambodia/koh-veal/,10.233631921552837,102.88198471069336,0.0,PADI_coordinate_water
7919,Cambodia,Koh Prins West,10.37348,102.95146,Reef; Ocean,https://www.padi.com/dive-site/cambodia/koh-prins-west/,10.37347541800018,102.95146465301517,0.0,PADI_coordinate_water
7920,Cambodia,Koh Moan,10.36816,102.94155,Reef; Ocean,https://www.padi.com/dive-site/cambodia/koh-moan/,10.368156422653838,102.9415512084961,0.0,PADI_coordinate_water
7921,Cambodia,Koh Trang Ol,10.36141,102.92552,Pinnacle; Reef; Ocean,https://www.padi.com/dive-site/cambodia/koh-trang-ol/,10.3614055455259,102.92552254445891,0.0,PADI_coordinate_water
7922,Cambodia,Monkey Cave,10.61428,103.27955,Drift; Reef; Ocean,https://www.padi.com/dive-site/cambodia/monkey-cave/,10.614275596573991,103.2795524597168,0.0,PADI_coordinate_water
7923,Cambodia,Sunset Beach Corner,10.57605,103.28975,Beach; Reef; Sandy bottom; Ocean,https://www.padi.com/dive-site/cambodia/sunset-beach-corner/,10.577428239866798,103.29092502593994,200,minimum_nearest_shoreline_crossing
7925,Cambodia,Sponge Garden,10.56563,103.29787,Beach; Reef; Sandy bottom; Ocean,https://www.padi.com/dive-site/cambodia/sponge-garden/,10.56700809243882,103.299036026001,200,minimum_nearest_shoreline_crossing
7926,Cambodia,Nudibranch Heaven,10.56057,103.30720,Reef; Sandy bottom; Ocean,https://www.padi.com/dive-site/cambodia/nudibranch-heaven-2/,10.56057442406394,103.30720067024232,0.0,PADI_coordinate_water
7927,Cambodia,Castle,10.54912,103.31127,Reef; Sandy bottom; Ocean,https://www.padi.com/dive-site/cambodia/castle/,10.549120051664,103.3112668991089,0.0,PADI_coordinate_water
7928,Cambodia,Lighthouse,10.54150,103.31775,Drift; Reef; Ocean,https://www.padi.com/dive-site/cambodia/lighthouse-6/,10.541504661972915,103.31774711608888,0.0,PADI_coordinate_water
7929,Cambodia,Last Chance,10.54876,103.32665,Drift; Muck; Reef; Sandy bottom; Ocean,https://www.padi.com/dive-site/cambodia/last-chance/,10.548761436432995,103.32665205001832,0.0,PADI_coordinate_water
7930,Cambodia,East Reef,10.60557,103.32062,Reef; Ocean,https://www.padi.com/dive-site/cambodia/east-reef/,10.605565087635028,103.32062244415285,0.0,PADI_coordinate_water
7931,Cambodia,Vietnamese Bay,10.62395,103.30996,Drift; Muck; Reef; Sandy bottom; Ocean,https://www.padi.com/dive-site/cambodia/vietnamese-bay/,10.6253162845389,103.31113815307616,200,minimum_nearest_shoreline_crossing
7933,Cambodia,Koh Touch 1,10.67024,103.29131,Reef; Sandy bottom; Ocean,https://www.padi.com/dive-site/cambodia/koh-touch-1/,10.67024470502466,103.29131126403809,0.0,PADI_coordinate_water
7934,Cambodia,Coral Bay,10.63317,103.30320,Muck; Reef; Sandy bottom; Ocean,https://www.padi.com/dive-site/cambodia/coral-bay/,10.634532369826088,103.3043897151947,200,minimum_nearest_shoreline_crossing
7935,Cambodia,Last Tree,10.63640,103.29878,Drift; Reef; Ocean,https://www.padi.com/dive-site/cambodia/last-tree/,10.636398751382488,103.29877853393556,0.0,PADI_coordinate_water
7936,Cambodia,Mıddle Tree,10.63203,103.29708,Drift; Reef; Ocean,https://www.padi.com/dive-site/cambodia/mddle-tree/,10.632033298679756,103.29708337783812,0.0,PADI_coordinate_water
7937,Cambodia,Back Door,10.62114,103.28953,Drift; Reef; Ocean,https://www.padi.com/dive-site/cambodia/back-door/,10.621140483849876,103.2895302772522,0.0,PADI_coordinate_water
7938,Cambodia,Mpai Bay,10.62249,103.29389,Drift; Muck; Reef; Sandy bottom; Ocean,https://www.padi.com/dive-site/cambodia/mpai-bay/,10.623850542819184,103.29507708549498,200,minimum_nearest_shoreline_crossing
7940,Cambodia,Corner Bar,10.62832,103.29601,Drift; Reef,https://www.padi.com/dive-site/cambodia/corner-bar/,10.628321560310688,103.29601049423218,0.0,PADI_coordinate_water
7976,Cambodia,Explosion Reef,10.25867,103.16887,Reef; Ocean,https://www.padi.com/dive-site/cambodia/explosion-reef/,10.258674879358622,103.16887378692628,0.0,PADI_coordinate_water
20862,Cambodia,Khmer Garden,10.69632,103.24166,Beach; Reef; Ocean,https://www.padi.com/dive-site/cambodia/long-beach-reef/,10.69763502787164,103.2429027557373,200,minimum_nearest_shoreline_crossing
20878,Cambodia,Koh Rong Corner,10.66069,103.25797,Reef; Ocean,https://www.padi.com/dive-site/cambodia/koh-rong-corner/,10.660692302882238,103.25796604156494,0.0,PADI_coordinate_water
20880,Cambodia,Koh Touch East,10.67092,103.29245,Reef; Sandy bottom; Ocean,https://www.padi.com/dive-site/cambodia/koh-touch-2/,10.670919477055296,103.2924485206604,0.0,PADI_coordinate_water
2847,Canada,Mermaid Cove,49.77823,-124.19164,Beach; Wall,https://www.padi.com/dive-site/canada/mermaid-cove/,49.77910257099055,-124.18919563293456,200,minimum_nearest_shoreline_crossing
9814,Canada,Escoumins  - Crique Ouest,48.31869,-69.40968,Drift; Wall,https://www.padi.com/dive-site/canada/escoumins-crique-ouest/,48.31923463086963,-69.41225409507753,200,minimum_nearest_shoreline_crossing
9816,Canada,Les Escoumins - Baie des anémones,48.32019,-69.40909,Drift; Wall,https://www.padi.com/dive-site/canada/les-escoumins-baie-des-anemones/,48.32073284500874,-69.41166400909425,200,minimum_nearest_shoreline_crossing
21055,Canada,Whytecliff Park,49.37104,-123.29365,Beach; Wall,https://www.padi.com/dive-site/canada/whytecliff-park/,49.37197866899015,-123.29129934310912,200,minimum_nearest_shoreline_crossing
21056,Canada,Kelvin Grove,49.44866,-123.24182,Beach; Wall; Ocean,https://www.padi.com/dive-site/canada/kelvin-grove/,49.449589027386565,-123.23945787501484,200,minimum_nearest_shoreline_crossing
21174,Canada,Cates Park in Deep Cove,49.30140,-122.95596,Beach; Sandy bottom; Ocean,https://www.padi.com/dive-site/canada/cates-park-in-deep-cove/,49.30236252061265,-122.95363068580627,200,minimum_nearest_shoreline_crossing
21175,Canada,Tyee Cove,49.28952,-124.14344,Beach; Wall; Ocean,https://www.padi.com/dive-site/canada/tyee-cove/,49.29042603322903,-124.14106607437137,200,minimum_nearest_shoreline_crossing
22088,Canada,Oak Leaf,49.30053,-124.17240,Beach; Ocean,https://www.padi.com/dive-site/canada/oak-leaf/,49.301441,-124.17002,200,minimum_nearest_shoreline_crossing
5112,Cape Verde,"Sucenáqua - São Vicente, Cabo Verde",16.86523,-25.06967,Wall; Ocean,https://www.padi.com/dive-site/cape-verde/cabo-verde-sao-vicente-sucenaqua/,16.864677,-25.067883,200,minimum_nearest_shoreline_crossing
5113,Cape Verde,"Ponta Ribeirinha - São Vicente, Cabo Verde",16.88357,-25.04711,Reef; Ocean,https://www.padi.com/dive-site/cape-verde/cabo-verde-sao-vicente-ponta-ribeirinha/,16.883568,-25.047112,0.0,PADI_coordinate_water
5114,Cape Verde,"Ponta Nho Jon - São Vicente, Cabo Verde",16.88336,-25.05280,Drift; Pinnacle; Wall,https://www.padi.com/dive-site/cape-verde/ponta-nho-jon/,16.883362,-25.052798,0.0,PADI_coordinate_water
5115,Cape Verde,"Ponta Canjana - São Vicente, Cabo Verde",16.85963,-25.07542,Pinnacle; Reef,https://www.padi.com/dive-site/cape-verde/ponta-canjana/,16.859091,-25.073633,200,minimum_nearest_shoreline_crossing
5116,Cape Verde,"Ladra Cachorro - São Vicente, Cabo Verde",16.88299,-25.04402,Reef,https://www.padi.com/dive-site/cape-verde/ladra-cachorro/,16.882993,-25.044022,0.0,PADI_coordinate_water
5117,Cape Verde,"Fateixa - São Vicente, Cabo Verde",16.87100,-25.05851,Reef,https://www.padi.com/dive-site/cape-verde/fateixa/,16.870426,-25.056725,200,minimum_nearest_shoreline_crossing
5118,Cape Verde,"Djeu - São Vicente, Cabo Verde",16.91067,-25.01201,Drift,https://www.padi.com/dive-site/cape-verde/djeu/,16.910669,-25.012007,0.0,PADI_coordinate_water
1438,Caribbean Netherlands,18th Palm,12.14226,-68.28340,Beach,https://www.padi.com/dive-site/caribbean-netherlands/18th-palm/,12.137851301214186,-68.27658534049988,890,minimum_nearest_shoreline_crossing
2997,Caribbean Netherlands,Crook's Castle,17.47445,-62.98887,Reef,https://www.padi.com/dive-site/caribbean-netherlands/crooks-castle/,17.47444686815903,-62.98886775970459,0.0,PADI_coordinate_water
2998,Caribbean Netherlands,Blair's Reef,17.47459,-62.99342,Reef,https://www.padi.com/dive-site/caribbean-netherlands/blairs-reef/,17.474590140051696,-62.99341678619384,0.0,PADI_coordinate_water
2999,Caribbean Netherlands,Nursing Station,17.46923,-62.99140,Drift; Reef,https://www.padi.com/dive-site/caribbean-netherlands/nursing-station/,17.469227600902098,-62.99139976501464,0.0,PADI_coordinate_water
3000,Caribbean Netherlands,Barracuda Reef,17.46724,-62.99050,Drift; Reef,https://www.padi.com/dive-site/caribbean-netherlands/barracuda-reef/,17.46724219328637,-62.990498542785645,0.0,PADI_coordinate_water
3001,Caribbean Netherlands,Twin Peaks,17.46571,-62.99028,Drift; Reef,https://www.padi.com/dive-site/caribbean-netherlands/twin-peaks/,17.46570706946435,-62.99028396606445,0.0,PADI_coordinate_water
3003,Caribbean Netherlands,Anchor Point North,17.46341,-62.98655,Reef; Archaeological,https://www.padi.com/dive-site/caribbean-netherlands/anchor-point-north/,17.46341459379748,-62.98655033111572,0.0,PADI_coordinate_water
3004,Caribbean Netherlands,Princess Corner,17.46288,-62.98475,Reef,https://www.padi.com/dive-site/caribbean-netherlands/princess-corner/,17.462882407819134,-62.98474788665772,0.0,PADI_coordinate_water
3005,Caribbean Netherlands,Hangover,17.46374,-62.98325,Reef,https://www.padi.com/dive-site/caribbean-netherlands/hangover/,17.463742092088136,-62.98324584960938,0.0,PADI_coordinate_water
3006,Caribbean Netherlands,Blocks,17.46272,-62.98179,Reef,https://www.padi.com/dive-site/caribbean-netherlands/blocks/,17.46271865797448,-62.98178672790527,0.0,PADI_coordinate_water
3007,Caribbean Netherlands,Ledges,17.46247,-62.98011,Reef,https://www.padi.com/dive-site/caribbean-netherlands/ledges/,17.462473032931452,-62.98011302947998,0.0,PADI_coordinate_water
3008,Caribbean Netherlands,Five Fingers,17.46376,-62.98059,Reef,https://www.padi.com/dive-site/caribbean-netherlands/five-fingers/,17.46376256071174,-62.980585098266594,0.0,PADI_coordinate_water
3009,Caribbean Netherlands,Ledges II,17.46108,-62.98059,Reef; Archaeological,https://www.padi.com/dive-site/caribbean-netherlands/ledges-ii/,17.461081151430896,-62.980585098266594,0.0,PADI_coordinate_water
3010,Caribbean Netherlands,Valley of the Sponges,17.46288,-62.97865,Reef,https://www.padi.com/dive-site/caribbean-netherlands/valley-of-the-sponges/,17.462882407819134,-62.978653907775886,0.0,PADI_coordinate_water
3013,Caribbean Netherlands,Grand Canyon,17.45903,-62.97522,Wall,https://www.padi.com/dive-site/caribbean-netherlands/grand-canyon/,17.459034247550033,-62.975220680236816,0.0,PADI_coordinate_water
3014,Caribbean Netherlands,Cliffs,17.46022,-62.97780,Wall,https://www.padi.com/dive-site/caribbean-netherlands/cliffs/,17.460221454602397,-62.97779560089111,0.0,PADI_coordinate_water
3016,Caribbean Netherlands,Aquarium,17.51338,-63.00715,Reef,https://www.padi.com/dive-site/caribbean-netherlands/aquarium-3/,17.513381968943047,-63.00714969635009,0.0,PADI_coordinate_water
3017,Caribbean Netherlands,Inner Jenkins Bay,17.51386,-62.99881,Reef,https://www.padi.com/dive-site/caribbean-netherlands/inner-jenkins-bay/,17.51255321401128,-63.00010085105895,200,minimum_nearest_shoreline_crossing
3018,Caribbean Netherlands,Gilbraltar,17.52309,-63.00161,Wall,https://www.padi.com/dive-site/caribbean-netherlands/gilbraltar/,17.52309142083055,-63.00161361694335,0.0,PADI_coordinate_water
5291,Caribbean Netherlands,Cha Cha Cha,12.14272,-68.27685,Beach; Reef; Sandy bottom; Ocean,https://www.padi.com/dive-site/caribbean-netherlands/cha-cha-cha/,12.144438,-68.276296,200,minimum_nearest_shoreline_crossing
5849,Caribbean Netherlands,Something Special,12.15762,-68.28218,Beach; Reef; Sandy bottom; Ocean,https://www.padi.com/dive-site/caribbean-netherlands/something-special-2/,12.159028,-68.281049,200,minimum_nearest_shoreline_crossing
5850,Caribbean Netherlands,Cliff,12.17446,-68.29036,Reef; Sandy bottom; Wall; Ocean,https://www.padi.com/dive-site/caribbean-netherlands/cliff-2/,12.174455,-68.290361,0.0,PADI_coordinate_water
7737,Caribbean Netherlands,Flamingo Diving house reef,12.11047,-68.29315,Reef; Wall,https://www.padi.com/dive-site/caribbean-netherlands/flamingo-diving-house-reef/,12.110473636823505,-68.29315066337587,0.0,PADI_coordinate_water
7948,Caribbean Netherlands,Yellow Sub,12.15963,-68.28196,Reef; Sandy bottom,https://www.padi.com/dive-site/caribbean-netherlands/yellow-sub/,12.1596255499333,-68.28196048736574,0.0,PADI_coordinate_water
11842,Caribbean Netherlands,Invisibles,12.07512,-68.28045,Beach; Reef; Sandy bottom; Wall; Ocean,https://www.padi.com/dive-site/caribbean-netherlands/invisibles-3/,12.076901665927236,-68.28019022941591,200,minimum_nearest_shoreline_crossing
12013,Caribbean Netherlands,Tori's Reef,12.06883,-68.28098,Reef; Sandy bottom; Channel; Ocean,https://www.padi.com/dive-site/caribbean-netherlands/toris-reef/,12.070608491819003,-68.28072667121889,200,minimum_nearest_shoreline_crossing
12017,Caribbean Netherlands,Pink Beach,12.06486,-68.28195,Beach; Reef; Sandy bottom; Wall; Ocean,https://www.padi.com/dive-site/caribbean-netherlands/pink-beach-2/,12.066643628310672,-68.28169226646425,200,minimum_nearest_shoreline_crossing
12018,Caribbean Netherlands,The Lake,12.10546,-68.29084,Beach; Reef; Sandy bottom; Ocean,https://www.padi.com/dive-site/caribbean-netherlands/the-lake-2/,12.107159169613254,-68.29025387763978,200,minimum_nearest_shoreline_crossing
12047,Caribbean Netherlands,Angel City,12.10173,-68.28794,Beach; Reef; Sandy bottom; Ocean,https://www.padi.com/dive-site/caribbean-netherlands/angel-city/,12.103460672808993,-68.28743219375612,200,minimum_nearest_shoreline_crossing
12197,Caribbean Netherlands,Alice in Wonderland,12.09811,-68.28591,Beach; Reef; Sandy bottom; Ocean,https://www.padi.com/dive-site/caribbean-netherlands/alice-in-wonderland/,12.099851784519302,-68.28547418117525,200,minimum_nearest_shoreline_crossing
12198,Caribbean Netherlands,La Dania's Leap,12.21817,-68.34799,Drift; Reef; Sandy bottom; Wall; Archaeological; Ocean,https://www.padi.com/dive-site/caribbean-netherlands/la-danias-leap/,12.218168495953254,-68.34799110889436,0.0,PADI_coordinate_water
12199,Caribbean Netherlands,Margate Bay,12.04995,-68.27239,Drift; Reef; Sandy bottom; Wall; Ocean,https://www.padi.com/dive-site/caribbean-netherlands/margate-bay-2/,12.051743673367609,-68.27229380607606,200,minimum_nearest_shoreline_crossing
17148,Caribbean Netherlands,Karpata,12.21939,-68.35199,Reef; Wall; Archaeological; Ocean,https://www.padi.com/dive-site/caribbean-netherlands/karpata/,12.21939067441542,-68.35198760032655,0.0,PADI_coordinate_water
17149,Caribbean Netherlands,Tolo (Ol' Blue),12.21622,-68.33876,Beach; Drift; Reef; Sandy bottom; Wall; Ocean,https://www.padi.com/dive-site/caribbean-netherlands/tolo-ol-blue/,12.215379838148536,-68.33712816238405,200,minimum_nearest_shoreline_crossing
17183,Caribbean Netherlands,Aquarius,12.09642,-68.28538,Beach; Reef; Sandy bottom; Ocean,https://www.padi.com/dive-site/caribbean-netherlands/aquarius/,12.098167756506358,-68.28496456146242,200,minimum_nearest_shoreline_crossing
17184,Caribbean Netherlands,Andrea 1,12.18862,-68.29840,Beach; Reef; Sandy bottom; Ocean,https://www.padi.com/dive-site/caribbean-netherlands/andrea-1-2/,12.188078,-68.296648,200,minimum_nearest_shoreline_crossing
17185,Caribbean Netherlands,Red Beryl,12.04467,-68.26792,Beach; Reef; Sandy bottom; Wall; Ocean,https://www.padi.com/dive-site/caribbean-netherlands/red-beryl/,12.046471224118465,-68.26788961887361,200,minimum_nearest_shoreline_crossing
19598,Caribbean Netherlands,Carl's Hill,12.16521,-68.32320,Reef; Wall,https://www.padi.com/dive-site/caribbean-netherlands/carls-hill/,12.165205176522404,-68.32320397904606,0.0,PADI_coordinate_water
20053,Caribbean Netherlands,Atlantis,12.04212,-68.26696,Beach; Reef; Sandy bottom; Ocean,https://www.padi.com/dive-site/caribbean-netherlands/atlantis-5/,12.043916387375573,-68.26694011688234,200,minimum_nearest_shoreline_crossing
20160,Caribbean Netherlands,Capt. Dons Reef,12.15052,-68.31419,Reef,https://www.padi.com/dive-site/caribbean-netherlands/capt-dons-reef/,12.150521697329458,-68.31419044249847,0.0,PADI_coordinate_water
20192,Caribbean Netherlands,Sweet Dreams,12.02783,-68.25506,Beach; Reef; Ocean,https://www.padi.com/dive-site/caribbean-netherlands/sweet-dreams/,12.029624987437964,-68.25518131256105,200,minimum_nearest_shoreline_crossing
20414,Caribbean Netherlands,Red Slave,12.02685,-68.25136,Reef; Sandy bottom; Archaeological; Ocean,https://www.padi.com/dive-site/caribbean-netherlands/red-slave/,12.026854760320914,-68.25136184692384,0.0,PADI_coordinate_water
20415,Caribbean Netherlands,Vista Blue,12.03651,-68.26514,Beach; Reef; Sandy bottom; Ocean,https://www.padi.com/dive-site/caribbean-netherlands/vista-blue/,12.038313241865543,-68.26513767242433,200,minimum_nearest_shoreline_crossing
20416,Caribbean Netherlands,White Slave,12.05817,-68.28089,Reef; Sandy bottom; Archaeological; Ocean,https://www.padi.com/dive-site/caribbean-netherlands/white-slave/,12.058165058332095,-68.28088747339388,0.0,PADI_coordinate_water
20417,Caribbean Netherlands,Larry’s Lair,12.08536,-68.28466,Reef; Sandy bottom; Ocean,https://www.padi.com/dive-site/caribbean-netherlands/larrys-lair/,12.087121732268342,-68.28429937362672,200,minimum_nearest_shoreline_crossing
20418,Caribbean Netherlands,Jeannie’s Glory,12.08364,-68.28397,Reef; Sandy bottom; Ocean,https://www.padi.com/dive-site/caribbean-netherlands/jeannies-glory/,12.08540120580683,-68.28363418579103,200,minimum_nearest_shoreline_crossing
6453,Cayman Islands,Eden Rock,19.29230,-81.38892,Reef,https://www.padi.com/dive-site/cayman-islands/eden-rock/,19.29258514126192,-81.3870406150818,200,minimum_nearest_shoreline_crossing
6459,Cayman Islands,Devil's Grotto,19.29225,-81.38911,Reef; Cavern; Ocean,https://www.padi.com/dive-site/cayman-islands/devils-grotto/,19.292544209842315,-81.38723373413087,200,minimum_nearest_shoreline_crossing
10898,Cayman Islands,Eagle Ray Rock,19.27889,-81.40000,Pinnacle; Reef; Wall; Ocean,https://www.padi.com/dive-site/cayman-islands/eagle-ray-rock/,19.278888888888886,-81.39999722222223,0.0,PADI_coordinate_water
22114,Cayman Islands,Tarpon Terrace,19.29111,-81.12306,Reef; Sandy bottom; Cavern; Ocean,https://www.padi.com/dive-site/cayman-islands/tarpon-terrace/,19.291111,-81.123056,0.0,PADI_coordinate_water
22128,Cayman Islands,Black Rock Drop Off,19.35750,-81.10528,Reef; Sandy bottom; Wall; Channel; Ocean,https://www.padi.com/dive-site/cayman-islands/black-rock-drop-off/,19.3575,-81.105278,0.0,PADI_coordinate_water
22133,Cayman Islands,Barrel Sponge Wall,19.35694,-81.09944,Reef; Sandy bottom; Wall; Ocean,https://www.padi.com/dive-site/cayman-islands/barrel-sponge-wall/,19.356944,-81.099444,0.0,PADI_coordinate_water
22135,Cayman Islands,Roger's Reef,19.35548,-81.09842,Reef; Sandy bottom; Ocean,https://www.padi.com/dive-site/cayman-islands/rogers-reef/,19.355483,-81.098417,0.0,PADI_coordinate_water
22139,Cayman Islands,Cinderella's Castle,19.34917,-81.08278,Reef; Sandy bottom; Cavern; Ocean,https://www.padi.com/dive-site/cayman-islands/cinderellas-castle/,19.349167,-81.082778,0.0,PADI_coordinate_water
22146,Cayman Islands,Gigglin Marlin Legacy,19.30413,-81.07280,Reef; Ocean,https://www.padi.com/dive-site/cayman-islands/gigglin-marlin-legacy/,19.30413,-81.0728,0.0,PADI_coordinate_water
22148,Cayman Islands,Old Isaacs,19.29530,-81.08908,Reef; Sandy bottom; Ocean,https://www.padi.com/dive-site/cayman-islands/old-isaacs/,19.2953,-81.089083,0.0,PADI_coordinate_water
22154,Cayman Islands,The Arch,19.29028,-81.11444,Reef; Ocean,https://www.padi.com/dive-site/cayman-islands/the-arch-6/,19.290278,-81.114444,0.0,PADI_coordinate_water
22155,Cayman Islands,Dumbo's Drop Off,19.28861,-81.11611,Reef; Sandy bottom; Wall; Ocean,https://www.padi.com/dive-site/cayman-islands/dumbos-drop-off/,19.288611,-81.116111,0.0,PADI_coordinate_water
22157,Cayman Islands,Lost Valley,19.28889,-81.11944,Reef; Sandy bottom; Wall; Ocean,https://www.padi.com/dive-site/cayman-islands/lost-valley/,19.288889,-81.119444,0.0,PADI_coordinate_water
22162,Cayman Islands,Maggie's Maze,19.29111,-81.14472,Reef; Sandy bottom; Cavern; Channel; Ocean,https://www.padi.com/dive-site/cayman-islands/maggies-maze/,19.291111,-81.144722,0.0,PADI_coordinate_water
22164,Cayman Islands,Little House on the Prairie,19.29111,-81.14806,Reef; Sandy bottom; Cavern; Ocean,https://www.padi.com/dive-site/cayman-islands/little-house-on-the-prairie/,19.291111,-81.148056,0.0,PADI_coordinate_water
22167,Cayman Islands,Elmo's Wall,19.28944,-81.17028,Reef; Sandy bottom; Wall; Ocean,https://www.padi.com/dive-site/cayman-islands/elmos-wall/,19.289444,-81.170278,0.0,PADI_coordinate_water
22497,Cayman Islands,Jack McKenney's Canyon,19.29343,-81.09037,Reef; Sandy bottom; Wall; Cavern; Channel; Ocean,https://www.padi.com/dive-site/cayman-islands/jack-mckenneys-canyon/,19.293433,-81.090367,0.0,PADI_coordinate_water
23465,Cayman Islands,Kelly's Caverns,19.29111,-81.14583,Reef; Sandy bottom; Cavern; Ocean,https://www.padi.com/dive-site/cayman-islands/kellys-caverns/,19.291111,-81.145833,0.0,PADI_coordinate_water
23477,Cayman Islands,Eeny Meeny Miny Mo,19.28778,-81.19056,Reef; Wall; Ocean,https://www.padi.com/dive-site/cayman-islands/eeny-meeny-miny-mo/,19.287778,-81.190556,0.0,PADI_coordinate_water
24478,Cayman Islands,The Maze,19.29421,-81.09233,Pinnacle; Reef; Sandy bottom; Wall; Ocean,https://www.padi.com/dive-site/cayman-islands/the-maze-2/,19.294212,-81.092325,0.0,PADI_coordinate_water
24485,Cayman Islands,Pat's Wall,19.29278,-81.08889,Pinnacle; Reef; Sandy bottom; Wall; Ocean,https://www.padi.com/dive-site/cayman-islands/pats-wall/,19.292778,-81.088889,0.0,PADI_coordinate_water
24515,Cayman Islands,Fish Tank,19.35675,-81.10696,Reef; Sandy bottom; Ocean,https://www.padi.com/dive-site/cayman-islands/fish-tank/,19.35675,-81.10696,0.0,PADI_coordinate_water
24519,Cayman Islands,Babylon,19.35342,-81.16442,Pinnacle; Reef; Sandy bottom; Wall; Ocean,https://www.padi.com/dive-site/cayman-islands/babylon-2/,19.353417,-81.164417,0.0,PADI_coordinate_water
1358,Chile,Pichidangui,-32.13059,-71.53321,Beach; Reef; Wall,https://www.padi.com/dive-site/chile/pichidangui/,-32.132391,-71.533214,200,minimum_nearest_shoreline_crossing
1359,Chile,Los Molles,-32.23861,-71.51513,Reef; Wall,https://www.padi.com/dive-site/chile/los-molles/,-32.238608,-71.515129,0.0,PADI_coordinate_water
1439,Chile,LA CALDERA,-33.18142,-71.71295,Beach,https://www.padi.com/dive-site/chile/la-caldera/,-33.191860047095446,-71.70214176177977,1537,minimum_nearest_shoreline_crossing
1441,Chile,EL FALUCHO,-33.18072,-71.71227,Beach,https://www.padi.com/dive-site/chile/el-falucho/,-33.19085446705651,-71.70177698135376,1492,minimum_nearest_shoreline_crossing
1442,Chile,LOS JARDINES,-33.17789,-71.70953,Beach,https://www.padi.com/dive-site/chile/los-jardines/,-33.188241700667454,-71.69881582260132,1524,minimum_nearest_shoreline_crossing
1444,Chile,LA ISLA,-33.18857,-71.70550,Wall,https://www.padi.com/dive-site/chile/la-isla/,-33.19036065120346,-71.70538187026978,200,minimum_nearest_shoreline_crossing
1445,Chile,EL FRAILE,-33.18524,-71.71309,Wall,https://www.padi.com/dive-site/chile/el-fraile/,-33.18524275933725,-71.71308517456055,0.0,PADI_coordinate_water
2142,Chile,California,-32.35481,-71.46392,Reef; Wall,https://www.padi.com/dive-site/chile/california/,-32.35480555532667,-71.46391868591309,0.0,PADI_coordinate_water
2143,Chile,Mola Mola,-32.35372,-71.45907,Reef,https://www.padi.com/dive-site/chile/mola-mola/,-32.353717966265926,-71.45906925201416,0.0,PADI_coordinate_water
9975,Chile,EL ARCO,-33.36419,-71.69788,Cave; Cavern; Ocean,https://www.padi.com/dive-site/chile/el-arco-2/,-33.365981749876305,-71.6977643966675,200,minimum_nearest_shoreline_crossing
9976,Chile,LABERINTO DEL LOBO,-33.36136,-71.69604,Channel,https://www.padi.com/dive-site/chile/laberinto-del-lobo/,-33.36315003145319,-71.69591903686525,200,minimum_nearest_shoreline_crossing
13124,Chile,Los Reyes,-32.24994,-71.51460,Sandy bottom; Wall; Cavern; Ocean,https://www.padi.com/dive-site/chile/los-reyes/,-32.249938161145245,-71.51460170745851,0.0,PADI_coordinate_water
13125,Chile,arcoiris,-32.24718,-71.52198,Pinnacle; Wall; Ocean,https://www.padi.com/dive-site/chile/arcoiris/,-32.24717972012729,-71.5219831466675,0.0,PADI_coordinate_water
14611,Chile,Bahia Ensueño,-32.13116,-71.53034,Sandy bottom; Wall; Ocean,https://www.padi.com/dive-site/chile/bahia-ensueno/,-32.13295764892267,-71.53035162484625,200,minimum_nearest_shoreline_crossing
21774,Chile,Bajo El Norte,-33.32623,-71.68236,Cavern,https://www.padi.com/dive-site/chile/cinco-oceanos-algarrobo/,-33.3262253745955,-71.68235778808595,0.0,PADI_coordinate_water
22397,Chile,Ventanas del Canelo,-33.36331,-71.68833,Beach; Sandy bottom,https://www.padi.com/dive-site/chile/canelo/,-33.36509562535619,-71.68821573257448,200,minimum_nearest_shoreline_crossing
24343,Chile,El Salto,-32.24079,-71.52585,Pinnacle; Wall; Cavern; Ocean,https://www.padi.com/dive-site/chile/el-salto-7/,-32.24079142978091,-71.52584552764894,0.0,PADI_coordinate_water
4775,China,"Dalian, Liaoning: Old Pian Island",38.95263,121.52775,Drift,https://www.padi.com/dive-site/china/dalian-liaoning-old-pian-island/,38.95223,121.5255,200,minimum_nearest_shoreline_crossing
4789,China,"Guangdong: Wanshan Island, Zhuhai",21.99573,113.75648,Ocean,https://www.padi.com/dive-site/china/guangdong-wanshan-island-zhuhai/,21.995735,113.756479,0.0,PADI_coordinate_water
9926,China,Sharp Island 橋咀南,22.36333,114.29085,Beach; Reef; Sandy bottom,https://www.padi.com/dive-site/china/sharp-island/,22.364810476229756,114.2897415161133,200,minimum_nearest_shoreline_crossing
10320,China,大青针,22.31797,115.11861,Drift; Ocean,https://www.padi.com/dive-site/china/-49/,22.317966666666667,115.11861111111112,0.0,PADI_coordinate_water
10376,China,桑州,22.58570,114.71806,Sandy bottom,https://www.padi.com/dive-site/china/-61/,22.5857,114.71805555555557,0.0,PADI_coordinate_water
10617,China,百福湾,18.25646,109.56500,Beach,https://www.padi.com/dive-site/china/-78/,18.286408078254293,109.59797859191896,4823,minimum_nearest_shoreline_crossing
12010,China,Dongpai Island,18.21464,109.64124,Cave; Pinnacle,https://www.padi.com/dive-site/china/east-rock-island/,18.21463581263836,109.64123725891116,0.0,PADI_coordinate_water
22898,China,陵水双帆石,18.43500,110.14000,Ocean,https://www.padi.com/dive-site/china/test/,18.435,110.14,0.0,PADI_coordinate_water
1286,Colombia,Morro de Gaira,11.20848,-74.23950,Reef,https://www.padi.com/dive-site/colombia/morro-de-gaira/,11.208481595994511,-74.2395007610321,0.0,PADI_coordinate_water
1289,Colombia,Inca Inca,11.21607,-74.23492,Reef,https://www.padi.com/dive-site/colombia/inca-inca/,11.216069443485214,-74.23491954803467,0.0,PADI_coordinate_water
2046,Colombia,Alex Places,10.17129,-75.76202,Reef; Wall,https://www.padi.com/dive-site/colombia/alex-places/,10.17129045699318,-75.76201915740965,0.0,PADI_coordinate_water
2252,Colombia,Morrito Largo,11.31749,-74.20242,Drift; Reef; Wall,https://www.padi.com/dive-site/colombia/morrito-largo/,11.317491671709917,-74.20242190361023,0.0,PADI_coordinate_water
2253,Colombia,Morrito Largo Tec,11.31791,-74.20362,Drift; Reef; Wall,https://www.padi.com/dive-site/colombia/morrito-largo-tec/,11.317912479865496,-74.2036235332489,0.0,PADI_coordinate_water
2254,Colombia,Dos Morritos Tec,11.32685,-74.20062,Drift; Reef; Wall,https://www.padi.com/dive-site/colombia/dos-morritos-tec/,11.326854506902745,-74.20061945915222,0.0,PADI_coordinate_water
2255,Colombia,Dos Morritos,11.32512,-74.19987,Drift; Reef,https://www.padi.com/dive-site/colombia/dos-morritos/,11.32511872351229,-74.19986844062805,0.0,PADI_coordinate_water
2256,Colombia,Calichan,11.31296,-74.19478,Reef,https://www.padi.com/dive-site/colombia/calichan/,11.312957424598675,-74.19478297233582,0.0,PADI_coordinate_water
2257,Colombia,Black Jungle,11.31178,-74.19491,Reef,https://www.padi.com/dive-site/colombia/black-jungle/,11.311779139815282,-74.19491171836852,0.0,PADI_coordinate_water
2258,Colombia,Las 3 Piedras,11.30857,-74.19265,Reef,https://www.padi.com/dive-site/colombia/las-3-piedras/,11.306771375416112,-74.19268012046814,200,minimum_nearest_shoreline_crossing
2259,Colombia,Travesia,11.31804,-74.20145,Reef; Channel,https://www.padi.com/dive-site/colombia/travesia/,11.31803872219154,-74.20144557952881,0.0,PADI_coordinate_water
2260,Colombia,Punta Aguja,11.31808,-74.19977,Reef; Channel,https://www.padi.com/dive-site/colombia/punta-aguja/,11.31808080295454,-74.19977188110352,0.0,PADI_coordinate_water
2261,Colombia,Salidero,11.30873,-74.19248,Drift; Reef; Channel,https://www.padi.com/dive-site/colombia/salidero/,11.308728201335718,-74.19247627258301,0.0,PADI_coordinate_water
2262,Colombia,El Morro de Santa Marta,11.24904,-74.23097,Reef,https://www.padi.com/dive-site/colombia/el-morro-de-santa-marta/,11.24903900866788,-74.23097133636475,0.0,PADI_coordinate_water
2263,Colombia,El Morro Tec,11.25027,-74.23171,Drift; Reef; Wall,https://www.padi.com/dive-site/colombia/el-morro-tec/,11.250270164228704,-74.23171162605286,0.0,PADI_coordinate_water
2264,Colombia,Cueva del Toro,11.34801,-74.10447,Cave; Drift; Reef,https://www.padi.com/dive-site/colombia/cueva-del-toro/,11.34800917749286,-74.10446763038634,0.0,PADI_coordinate_water
2266,Colombia,Remanso,11.27304,-74.20634,Reef,https://www.padi.com/dive-site/colombia/remanso/,11.273040331425168,-74.20633792877197,0.0,PADI_coordinate_water
2267,Colombia,El Cantil,11.30215,-74.19505,Drift; Channel,https://www.padi.com/dive-site/colombia/el-cantil/,11.302152792438884,-74.1950511932373,0.0,PADI_coordinate_water
2268,Colombia,Granate,11.29225,-74.19519,Wall,https://www.padi.com/dive-site/colombia/granate/,11.290453452101657,-74.19522285461426,200,minimum_nearest_shoreline_crossing
2269,Colombia,Playa Brava,11.30631,-74.18815,Drift; Reef; Wall,https://www.padi.com/dive-site/colombia/playa-brava/,11.304509436332207,-74.18818473815917,200,minimum_nearest_shoreline_crossing
2270,Colombia,El Torin,11.31080,-74.19037,Reef; Wall,https://www.padi.com/dive-site/colombia/el-torin/,11.310800738945614,-74.19037342071533,0.0,PADI_coordinate_water
2271,Colombia,El Coro,11.31905,-74.19055,Reef; Wall,https://www.padi.com/dive-site/colombia/el-coro/,11.319048658795731,-74.19054508209229,0.0,PADI_coordinate_water
2272,Colombia,Punta Negra,11.32290,-74.19534,Reef,https://www.padi.com/dive-site/colombia/punta-negra/,11.322899009407427,-74.19534087181091,0.0,PADI_coordinate_water
2273,Colombia,Bonito Gordo,11.30421,-74.16786,Reef,https://www.padi.com/dive-site/colombia/bonito-gordo/,11.302405290925591,-74.16788578033447,200,minimum_nearest_shoreline_crossing
2274,Colombia,La Vigia,11.31899,-74.15823,Reef,https://www.padi.com/dive-site/colombia/la-vigia/,11.31898553786236,-74.15822982788086,0.0,PADI_coordinate_water
2275,Colombia,Punta Vigia,11.32500,-74.16044,Reef,https://www.padi.com/dive-site/colombia/punta-vigia/,11.32500300424512,-74.16043996810913,0.0,PADI_coordinate_water
2276,Colombia,Moto,11.33080,-74.15085,Reef,https://www.padi.com/dive-site/colombia/moto/,11.329000551805128,-74.15089130401611,200,minimum_nearest_shoreline_crossing
2277,Colombia,Chengue,11.33599,-74.14568,Reef; Wall,https://www.padi.com/dive-site/colombia/chengue/,11.334186760495504,-74.1457200050354,200,minimum_nearest_shoreline_crossing
2278,Colombia,Chengue Tec,11.33673,-74.14669,Drift; Reef; Wall,https://www.padi.com/dive-site/colombia/chengue-tec/,11.334933650954252,-74.14672851562499,200,minimum_nearest_shoreline_crossing
2279,Colombia,Barritas de Gairaca,11.33772,-74.12415,Drift; Reef,https://www.padi.com/dive-site/colombia/barritas-de-gairaca/,11.335922488840849,-74.1241979598999,200,minimum_nearest_shoreline_crossing
2280,Colombia,Neguange,11.32327,-74.08569,Reef,https://www.padi.com/dive-site/colombia/neguange/,11.321468284080757,-74.0857458114624,200,minimum_nearest_shoreline_crossing
2281,Colombia,Cinto,11.34380,-74.06449,Reef,https://www.padi.com/dive-site/colombia/cinto/,11.342002714682277,-74.06454563140869,200,minimum_nearest_shoreline_crossing
2986,Colombia,punta bolivar,9.42555,-75.74747,Reef,https://www.padi.com/dive-site/colombia/punta-bolivar/,9.42383039549119,-75.74695587158203,200,minimum_nearest_shoreline_crossing
4003,Colombia,Calderón,11.21420,-74.23446,Beach; Reef; Sandy bottom; Ocean,https://www.padi.com/dive-site/colombia/calderon/,11.212397,-74.23448,200,minimum_nearest_shoreline_crossing
9113,Colombia,Blue Wall,12.49667,-81.71506,Wall; Ocean,https://www.padi.com/dive-site/colombia/blue-wall-2/,12.496666051494486,-81.7150640487671,0.0,PADI_coordinate_water
9646,Colombia,Bajo Bonito,9.38839,-76.17070,Reef,https://www.padi.com/dive-site/colombia/bajo-bonito/,9.388392366376952,-76.17070198059083,0.0,PADI_coordinate_water
9807,Colombia,Cantil bajo bonito,12.59653,-81.71588,Wall; Ocean,https://www.padi.com/dive-site/colombia/cantil-bajo-bonito/,12.596533094343812,-81.71587944030763,0.0,PADI_coordinate_water
9808,Colombia,La pirámide,12.58598,-81.68438,Reef,https://www.padi.com/dive-site/colombia/la-piramide-3/,12.585978519887888,-81.68437957763673,0.0,PADI_coordinate_water
9809,Colombia,Trampa de Tortuga,12.54309,-81.67846,Wall,https://www.padi.com/dive-site/colombia/trampa-de-tortuga/,12.543085627856703,-81.67845726013185,0.0,PADI_coordinate_water
9810,Colombia,Bajo Bonito (Plaza de toros),12.59197,-81.71395,Reef,https://www.padi.com/dive-site/colombia/bajo-bonito-plaza-de-toros/,12.591967875357854,-81.71394824981691,0.0,PADI_coordinate_water
10877,Colombia,imelda,10.26332,-75.61521,Reef; Wall,https://www.padi.com/dive-site/colombia/imelda/,10.263320067018494,-75.61520576477052,0.0,PADI_coordinate_water
10878,Colombia,la virgen,10.25646,-75.61922,Reef; Sandy bottom,https://www.padi.com/dive-site/colombia/la-virgen/,10.25470530134682,-75.61881065368654,200,minimum_nearest_shoreline_crossing
10880,Colombia,palitos,10.26173,-75.61527,Beach; Reef; Sandy bottom,https://www.padi.com/dive-site/colombia/palitos/,10.259983984598176,-75.61486244201662,200,minimum_nearest_shoreline_crossing
10883,Colombia,octubre rojo,10.27519,-75.60525,Reef,https://www.padi.com/dive-site/colombia/octubre-rojo/,10.275186100378416,-75.60524940490723,0.0,PADI_coordinate_water
10884,Colombia,cuevas,10.25944,-75.61641,Reef,https://www.padi.com/dive-site/colombia/cuevas/,10.259435005640704,-75.61640739440918,0.0,PADI_coordinate_water
10885,Colombia,carro norte,10.28697,-75.59817,Reef,https://www.padi.com/dive-site/colombia/carro-norte/,10.286967237248591,-75.59816837310792,0.0,PADI_coordinate_water
10955,Colombia,Sea Pride,12.51355,-81.73007,Cave,https://www.padi.com/dive-site/colombia/sea-pride/,12.513545,-81.730071,0.0,PADI_coordinate_water
11046,Colombia,Nirvana,12.50128,-81.73213,Reef,https://www.padi.com/dive-site/colombia/nirvana/,12.501283,-81.732134,0.0,PADI_coordinate_water
11048,Colombia,West View,12.52051,-81.73156,Reef; Sandy bottom,https://www.padi.com/dive-site/colombia/west-view/,12.520505029244434,-81.7315607995768,0.0,PADI_coordinate_water
11049,Colombia,Las Cuevas,12.51678,-81.73000,Cave; Reef; Sandy bottom,https://www.padi.com/dive-site/colombia/las-cuevas-2/,12.516776685210557,-81.72999858856203,0.0,PADI_coordinate_water
12607,Colombia,El cantil del este,9.43333,-76.36667,Reef,https://www.padi.com/dive-site/colombia/el-cantil-del-este/,9.433330555555557,-76.36666663888889,0.0,PADI_coordinate_water
12608,Colombia,SOCORRO,9.41666,-76.20000,Reef,https://www.padi.com/dive-site/colombia/socorro/,9.41666388888889,-76.19999944444444,0.0,PADI_coordinate_water
12824,Colombia,La pirámide,12.58552,-81.68309,Reef; Sandy bottom,https://www.padi.com/dive-site/colombia/la-piramide-2/,12.585517794445426,-81.68309211730958,0.0,PADI_coordinate_water
12831,Colombia,El bajo del bajo,12.58849,-81.71549,Reef,https://www.padi.com/dive-site/colombia/el-bajo-del-bajo/,12.58849151532196,-81.71549317316388,0.0,PADI_coordinate_water
12832,Colombia,La montañita,12.58468,-81.71905,Cave; Sandy bottom; Ocean,https://www.padi.com/dive-site/colombia/la-montanita/,12.584680109703692,-81.71905465118024,0.0,PADI_coordinate_water
12833,Colombia,La plaza de toros,12.58606,-81.71875,Reef; Sandy bottom; Ocean,https://www.padi.com/dive-site/colombia/la-plaza-de-toros/,12.586062288061292,-81.71875381987425,0.0,PADI_coordinate_water
16199,Colombia,Providencia,13.33583,-81.39988,Beach; Pinnacle; Reef; Sandy bottom; Wall; Ocean,https://www.padi.com/dive-site/colombia/providencia/,13.334421341416943,-81.39873504638673,200,minimum_nearest_shoreline_crossing
16638,Colombia,Providencia,13.33182,-81.39094,Reef,https://www.padi.com/dive-site/colombia/providencia-2/,13.331816649203551,-81.39094054698946,0.0,PADI_coordinate_water
16639,Colombia,Nuqui,5.71366,-77.26990,Reef,https://www.padi.com/dive-site/colombia/nuqui/,5.713013351005372,-77.26821899414064,200,minimum_nearest_shoreline_crossing
23113,Colombia,La Boquita,9.40727,-75.68205,Reef,https://www.padi.com/dive-site/colombia/la-boquita/,9.405540688017805,-75.6815528869629,200,minimum_nearest_shoreline_crossing
23114,Colombia,Bajo Pajarito,9.65889,-75.68333,Reef,https://www.padi.com/dive-site/colombia/bajo-pajarito/,9.658888888888889,-75.68333330555556,0.0,PADI_coordinate_water
23115,Colombia,Bajo UCI,9.76430,-75.76053,Reef,https://www.padi.com/dive-site/colombia/bajo-uci/,9.764297222222222,-75.76053055555556,0.0,PADI_coordinate_water
23116,Colombia,Cuevas,9.71992,-75.75374,Reef,https://www.padi.com/dive-site/colombia/cuevas-2/,9.719925,-75.75373611111111,0.0,PADI_coordinate_water
23117,Colombia,Roca de Morrosquillo,9.59139,-75.99222,Reef,https://www.padi.com/dive-site/colombia/roca-de-morrosquillo/,9.59138888888889,-75.99222222222222,0.0,PADI_coordinate_water
23118,Colombia,Archipielago de San Bernardo,9.77538,-75.85098,Reef,https://www.padi.com/dive-site/colombia/archipielago-de-san-bernardo/,9.775377920756757,-75.85098266601562,0.0,PADI_coordinate_water
23119,Colombia,Nautilus,9.78079,-75.75207,Reef,https://www.padi.com/dive-site/colombia/nautilus/,9.780794444444446,-75.75207222222222,0.0,PADI_coordinate_water
23120,Colombia,Jardin,9.78931,-75.74885,Reef,https://www.padi.com/dive-site/colombia/jardin-2/,9.789305555555556,-75.74884722222222,0.0,PADI_coordinate_water
23123,Colombia,Columpios,9.81639,-75.84972,Reef,https://www.padi.com/dive-site/colombia/columpios/,9.81638888888889,-75.84972222222221,0.0,PADI_coordinate_water
23124,Colombia,Batea,9.81639,-75.86028,Reef,https://www.padi.com/dive-site/colombia/batea/,9.81638888888889,-75.86027777777777,0.0,PADI_coordinate_water
23125,Colombia,La Rusa,9.81666,-75.86666,Reef,https://www.padi.com/dive-site/colombia/la-rusa/,9.81666388888889,-75.86666388888888,0.0,PADI_coordinate_water
23126,Colombia,Picua,9.86639,-75.88333,Reef,https://www.padi.com/dive-site/colombia/picua/,9.866388888888888,-75.88333055555555,0.0,PADI_coordinate_water
23127,Colombia,Casa quemada,9.79056,-75.85000,Reef,https://www.padi.com/dive-site/colombia/casa-quemada/,9.790555555555557,-75.84999722222221,0.0,PADI_coordinate_water
23128,Colombia,Ceycen,9.69972,-75.85028,Reef,https://www.padi.com/dive-site/colombia/ceycen/,9.699722222222222,-75.85027777777778,0.0,PADI_coordinate_water
23129,Colombia,Cabruna,9.74264,-75.68391,Reef,https://www.padi.com/dive-site/colombia/cabruna/,9.742642106603205,-75.68391323089601,0.0,PADI_coordinate_water
24307,Colombia,Tete's Place,13.32811,-81.41157,Reef,https://www.padi.com/dive-site/colombia/tetes-place/,13.328106,-81.411571,0.0,PADI_coordinate_water
24308,Colombia,Manta's City,13.31497,-81.37435,Reef,https://www.padi.com/dive-site/colombia/mantas-city/,13.314967,-81.37435,0.0,PADI_coordinate_water
24309,Colombia,Only One,13.31800,-81.37576,Reef,https://www.padi.com/dive-site/colombia/only-one/,13.317998,-81.375757,0.0,PADI_coordinate_water
24310,Colombia,Loro Town,13.31288,-81.37421,Reef,https://www.padi.com/dive-site/colombia/loro-town/,13.312875,-81.374207,0.0,PADI_coordinate_water
24312,Colombia,The Convent,13.35664,-81.41601,Drift; Reef,https://www.padi.com/dive-site/colombia/the-convent/,13.356641,-81.416013,0.0,PADI_coordinate_water
24313,Colombia,Bajo de San Felipe,13.36450,-81.40425,Reef,https://www.padi.com/dive-site/colombia/bajo-de-san-felipe/,13.3645,-81.40425,0.0,PADI_coordinate_water
24315,Colombia,The Cave,13.38675,-81.41881,Cave; Drift; Reef; Wall,https://www.padi.com/dive-site/colombia/the-cave-2/,13.38675,-81.418806,0.0,PADI_coordinate_water
24316,Colombia,Snapper Shoal,13.30581,-81.42379,Reef,https://www.padi.com/dive-site/colombia/snapper-shoal/,13.305811,-81.423788,0.0,PADI_coordinate_water
24317,Colombia,Nick's Place,13.38854,-81.41873,Drift; Reef; Wall,https://www.padi.com/dive-site/colombia/nicks-place/,13.388542,-81.418729,0.0,PADI_coordinate_water
24318,Colombia,One Hook,13.40311,-81.39032,Reef; Wall,https://www.padi.com/dive-site/colombia/one-hook/,13.403113,-81.390316,0.0,PADI_coordinate_water
24319,Colombia,Cantil de Santa Catalina,13.40243,-81.39235,Drift; Wall,https://www.padi.com/dive-site/colombia/cantil-de-santa-catalina/,13.402434,-81.392351,0.0,PADI_coordinate_water
24320,Colombia,Channel White and Blue,13.39810,-81.39383,Drift; Reef; Wall,https://www.padi.com/dive-site/colombia/channel-white-and-blue/,13.398101,-81.39383,0.0,PADI_coordinate_water
24321,Colombia,Chromis,13.39872,-81.39959,Reef; Wall,https://www.padi.com/dive-site/colombia/chromis/,13.398720660844171,-81.39959340199538,0.0,PADI_coordinate_water
24328,Colombia,Manchineel Shoals,13.31512,-81.37588,Reef,https://www.padi.com/dive-site/colombia/manchineel-shoals/,13.315124,-81.375881,0.0,PADI_coordinate_water
24329,Colombia,Felipe's place,13.39892,-81.39919,Drift; Reef; Wall,https://www.padi.com/dive-site/colombia/felipes-place/,13.398917,-81.399194,0.0,PADI_coordinate_water
204,Costa Rica,Paradise,8.72061,-83.86353,Drift; Reef,https://www.padi.com/dive-site/costa-rica/paradise/,8.72060637939087,-83.86353492736816,0.0,PADI_coordinate_water
206,Costa Rica,The Lighthouse,8.70296,-83.89212,Reef; Wall,https://www.padi.com/dive-site/costa-rica/the-lighthouse/,8.70295956812555,-83.89211654663086,0.0,PADI_coordinate_water
386,Costa Rica,Starfish Garden,9.38367,-84.16761,Reef,https://www.padi.com/dive-site/costa-rica/starfish-garden/,9.383672210611502,-84.1676115989685,0.0,PADI_coordinate_water
387,Costa Rica,South Point,9.37910,-84.16551,Reef; Wall,https://www.padi.com/dive-site/costa-rica/south-point-2/,9.37909934385819,-84.16550874710083,0.0,PADI_coordinate_water
388,Costa Rica,Geos Ridge,9.36837,-84.15811,Reef,https://www.padi.com/dive-site/costa-rica/geos-ridge/,9.368365572629534,-84.15810585021973,0.0,PADI_coordinate_water
389,Costa Rica,Punta Quepos,9.39369,-84.18214,Reef; Wall,https://www.padi.com/dive-site/costa-rica/punta-quepos/,9.393685731290743,-84.18213844299316,0.0,PADI_coordinate_water
390,Costa Rica,El Aquario,9.37539,-84.15789,Reef,https://www.padi.com/dive-site/costa-rica/el-aquario/,9.375394430753673,-84.15789127349854,0.0,PADI_coordinate_water
391,Costa Rica,Bajo del Diablo,9.41028,-84.18411,Reef,https://www.padi.com/dive-site/costa-rica/bajo-del-diablo/,9.410282556971596,-84.18411254882812,0.0,PADI_coordinate_water
392,Costa Rica,El Toro,9.38772,-84.17918,Reef,https://www.padi.com/dive-site/costa-rica/el-toro/,9.387715760134936,-84.17917728424072,0.0,PADI_coordinate_water
393,Costa Rica,Canyon Reef,9.38111,-84.16738,Reef,https://www.padi.com/dive-site/costa-rica/canyon-reef/,9.381110565830465,-84.1673755645752,0.0,PADI_coordinate_water
896,Costa Rica,Las Catalinas Classico,10.47908,-85.87130,Reef; Wall; Channel,https://www.padi.com/dive-site/costa-rica/las-catalinas-classico/,10.479076693024592,-85.87129712104797,0.0,PADI_coordinate_water
899,Costa Rica,Las Catalinas North,10.47829,-85.86897,Reef,https://www.padi.com/dive-site/costa-rica/las-catalinas-north/,10.478291779820262,-85.86896896362303,0.0,PADI_coordinate_water
4749,Costa Rica,Punta Catalina,10.47628,-85.87079,Reef; Wall; Channel; Ocean,https://www.padi.com/dive-site/costa-rica/las-catalinas-south-point/,10.476279,-85.870793,0.0,PADI_coordinate_water
5745,Costa Rica,Matapalo Rock,8.36869,-83.28695,Pinnacle; Reef; Wall; Ocean,https://www.padi.com/dive-site/costa-rica/matapalo-rock/,8.368692,-83.286946,0.0,PADI_coordinate_water
8515,Costa Rica,Cacique,10.57197,-85.70216,Sandy bottom; Ocean,https://www.padi.com/dive-site/costa-rica/cacique-2/,10.57125977678558,-85.70047946646811,200,minimum_nearest_shoreline_crossing
9025,Costa Rica,La Viuda,8.62309,-83.23531,Reef; Ocean,https://www.padi.com/dive-site/costa-rica/la-viuda/,8.62308769705538,-83.23531110829728,0.0,PADI_coordinate_water
9026,Costa Rica,Iglesias,8.36679,-83.16801,Cave; Pinnacle; Sandy bottom,https://www.padi.com/dive-site/costa-rica/iglesias/,8.366791666666668,-83.16800555555557,0.0,PADI_coordinate_water
15263,Costa Rica,Isla del Caño,8.69863,-83.66333,Ocean,https://www.padi.com/dive-site/costa-rica/isla-del-cano/,8.69863257867282,-83.66333484649658,0.0,PADI_coordinate_water
17631,Costa Rica,North Point,10.48296,-85.87077,Reef; Sandy bottom; Wall; Ocean,https://www.padi.com/dive-site/costa-rica/north-point-5/,10.482959029683702,-85.87077140808107,0.0,PADI_coordinate_water
17641,Costa Rica,Sombrero,10.46272,-85.85882,Sandy bottom; Wall,https://www.padi.com/dive-site/costa-rica/sombrero/,10.462723925937814,-85.85881948471071,0.0,PADI_coordinate_water
17677,Costa Rica,Elefante,10.46676,-85.84342,Pinnacle; Ocean,https://www.padi.com/dive-site/costa-rica/elefante/,10.46676472216022,-85.84342360496521,0.0,PADI_coordinate_water
18764,Costa Rica,Brumel,10.50994,-85.82411,Sandy bottom; Channel,https://www.padi.com/dive-site/costa-rica/brumel/,10.509944143356876,-85.824111700058,0.0,PADI_coordinate_water
20679,Costa Rica,Virador,10.61031,-85.70149,Pinnacle; Ocean,https://www.padi.com/dive-site/costa-rica/virador-2/,10.610311,-85.701492,0.0,PADI_coordinate_water
20680,Costa Rica,Playpen,10.58125,-85.70957,Drift; Reef; Channel; Ocean,https://www.padi.com/dive-site/costa-rica/playpen/,10.581246,-85.709571,0.0,PADI_coordinate_water
20712,Costa Rica,Punta Argentina,10.57867,-85.71289,Pinnacle; Reef; Sandy bottom; Channel; Ocean,https://www.padi.com/dive-site/costa-rica/punta-argentina-2/,10.578673,-85.712886,0.0,PADI_coordinate_water
24689,Costa Rica,Bajo del Diablo,8.69473,-83.90516,Cave; Drift; Reef; Wall; Channel,https://www.padi.com/dive-site/costa-rica/bajo-del-diablo-2/,8.694729760987531,-83.9051628112793,0.0,PADI_coordinate_water
24691,Costa Rica,The Anchor,8.71586,-83.88319,Reef,https://www.padi.com/dive-site/costa-rica/the-anchor/,8.715855396760153,-83.8831901550293,0.0,PADI_coordinate_water
24746,Costa Rica,The Garden,8.71475,-83.87667,Reef; Sandy bottom,https://www.padi.com/dive-site/costa-rica/the-garden/,8.714752481439282,-83.87666702270508,0.0,PADI_coordinate_water
24747,Costa Rica,The Arch,8.70746,-83.89572,Reef; Wall,https://www.padi.com/dive-site/costa-rica/the-arch-2/,8.70745619043768,-83.89572143554688,0.0,PADI_coordinate_water
24748,Costa Rica,Sharks Cave,8.71144,-83.89040,Reef,https://www.padi.com/dive-site/costa-rica/sharks-cave/,8.711443715952246,-83.89039993286133,0.0,PADI_coordinate_water
1485,Croatia,Mala Afrika,42.65056,18.05833,Cave; Reef; Wall,https://www.padi.com/dive-site/croatia/mala-afrika/,42.65055555555556,18.058333333333334,0.0,PADI_coordinate_water
9050,Croatia,Koversada,45.13464,13.61632,Beach; Reef; Wall; Fjord,https://www.padi.com/dive-site/croatia/koversada/,45.13457802509591,13.61887228482374,200,minimum_nearest_shoreline_crossing
9061,Croatia,Plić Mramori,45.14694,13.57444,Reef,https://www.padi.com/dive-site/croatia/plic-mramori/,45.146944,13.574444,0.0,PADI_coordinate_water
9078,Croatia,Lunga,45.14173,13.58451,Reef,https://www.padi.com/dive-site/croatia/lunga-3/,45.14173109192576,13.584508895874023,0.0,PADI_coordinate_water
9079,Croatia,Sveti Nikola,45.22513,13.58167,Reef,https://www.padi.com/dive-site/croatia/sveti-nikola/,45.22513,13.581667,0.0,PADI_coordinate_water
10680,Croatia,Stracinska,43.33437,16.35914,Cave; Reef; Wall,https://www.padi.com/dive-site/croatia/stracinska/,43.33437118054368,16.35913610458374,0.0,PADI_coordinate_water
10681,Croatia,Cave Lucice,43.30413,16.45349,Reef; Cavern,https://www.padi.com/dive-site/croatia/cave-dragon-eye/,43.30413197006679,16.4534854888916,0.0,PADI_coordinate_water
10682,Croatia,ANCIENT SITE CIOVO NORTH,43.49069,16.36812,Beach; Sandy bottom; Archaeological,https://www.padi.com/dive-site/croatia/ancient-site-ciovo-north/,43.49228467158376,16.366968154907227,200,minimum_nearest_shoreline_crossing
10736,Croatia,SMALL CANYONS,43.48192,16.34328,Wall; Channel,https://www.padi.com/dive-site/croatia/small-canyons/,43.48192405486395,16.343278884887695,0.0,PADI_coordinate_water
10737,Croatia,Red rocks,43.48249,16.31442,Reef; Wall,https://www.padi.com/dive-site/croatia/red-rocks/,43.48249233910565,16.31441831588745,0.0,PADI_coordinate_water
10740,Croatia,SHALLOWS MLIN,43.44881,16.24002,Reef; Wall; Archaeological,https://www.padi.com/dive-site/croatia/shallows-mlin/,43.44880643171341,16.24002456665039,0.0,PADI_coordinate_water
10741,Croatia,Zaporinovac,43.47968,16.20973,Reef; Wall,https://www.padi.com/dive-site/croatia/zaporinovac/,43.47967869748159,16.209726333618168,0.0,PADI_coordinate_water
10742,Croatia,Kluda,43.47884,16.16570,Reef; Wall,https://www.padi.com/dive-site/croatia/kluda/,43.47883704833326,16.165699703356083,0.0,PADI_coordinate_water
10743,Croatia,Orud,43.41468,16.12445,Reef; Wall; Archaeological,https://www.padi.com/dive-site/croatia/orud/,43.414680176617225,16.124453544616703,0.0,PADI_coordinate_water
10745,Croatia,Marinca Rat,43.38333,16.20008,Wall,https://www.padi.com/dive-site/croatia/marinca-rat/,43.38381379656698,16.209597587585453,0.0,PADI_coordinate_water
10747,Croatia,Travna,43.37718,16.24671,Cave; Reef; Wall,https://www.padi.com/dive-site/croatia/travna/,43.37718330207807,16.246708631515506,0.0,PADI_coordinate_water
10749,Croatia,MARIE GROTA CAVE/CLIFF,43.35804,16.30191,Cave; Wall,https://www.padi.com/dive-site/croatia/marie-grota-cavecliff/,43.358043109662646,16.301908493041992,0.0,PADI_coordinate_water
19272,Croatia,Plic Tenki,45.07166,14.72165,Cave; Reef; Sandy bottom; Wall; Ocean,https://www.padi.com/dive-site/croatia/plic-tenki/,45.07165669774892,14.721648460714125,0.0,PADI_coordinate_water
19384,Croatia,Hrid Mala Glavina,45.05617,14.74171,Reef; Sandy bottom; Wall; Archaeological; Ocean,https://www.padi.com/dive-site/croatia/hrid-mala-glavina/,45.0561711367953,14.741705222346289,0.0,PADI_coordinate_water
24626,Croatia,Veprika,43.28250,17.02694,Reef; Wall,https://www.padi.com/dive-site/croatia/veprika/,43.2825,17.026944444444442,0.0,PADI_coordinate_water
24657,Croatia,Nugal izvor - Mali Gaj,43.27660,17.03678,Beach; Reef; Sandy bottom; Wall; Spring,https://www.padi.com/dive-site/croatia/nugal-izvor-mali-gaj/,43.27804924367866,17.035322492084806,200,minimum_nearest_shoreline_crossing
24679,Croatia,Sv rok kaskade,43.27944,16.88667,Reef,https://www.padi.com/dive-site/croatia/sv-rok-kaskade/,43.27944444444445,16.886666666666667,0.0,PADI_coordinate_water
24718,Croatia,Dalmacija stone,43.29402,17.00279,Reef; Sandy bottom,https://www.padi.com/dive-site/croatia/dalmacija-stone/,43.29401542214706,17.002790541875914,0.0,PADI_coordinate_water
24724,Croatia,KABAL,43.22472,16.51944,Cave; Reef; Wall; Cavern,https://www.padi.com/dive-site/croatia/kabal/,43.22472222222223,16.519444444444442,0.0,PADI_coordinate_water
24725,Croatia,Oskorusica,43.21861,16.65028,Wall,https://www.padi.com/dive-site/croatia/oskorusica/,43.21861111111112,16.650277777777777,0.0,PADI_coordinate_water
24731,Croatia,Tičiji rat,43.34184,16.84195,Wall; Cavern,https://www.padi.com/dive-site/croatia/ticiji-rat/,43.34333333333333,16.840555555555554,200,minimum_nearest_shoreline_crossing
24733,Croatia,Bila punta,43.32519,16.87362,Reef; Wall; Cavern,https://www.padi.com/dive-site/croatia/bila-punta/,43.32666666666667,16.872222222222224,200,minimum_nearest_shoreline_crossing
24739,Croatia,Kriz - Skala,43.28556,17.02139,Cave; Drift; Reef,https://www.padi.com/dive-site/croatia/kriz-skala/,43.285555555555554,17.02138888888889,0.0,PADI_coordinate_water
24743,Croatia,Punta Osejava,43.28666666666666,17.019444444444442,Drift; Reef; Wall,https://www.padi.com/dive-site/croatia/punta-osejava/,43.28666666666666,17.019444444444442,0.0,PADI_coordinate_water
24744,Croatia,Blue cave Hvar,43.15861,16.88194,Cave; Reef; Wall; Cavern,https://www.padi.com/dive-site/croatia/blue-cave-hvar/,43.15861111111111,16.881944444444446,0.0,PADI_coordinate_water
24745,Croatia,Nugal,43.27889,17.03306,Reef; Wall,https://www.padi.com/dive-site/croatia/nugal/,43.278888888888886,17.033055555555556,0.0,PADI_coordinate_water
25288,Croatia,"Lirica, Žuljana",42.87427,17.42698,Wall,https://www.padi.com/dive-site/croatia/lirica-zuljana/,42.87426580152777,17.426977157592777,0.0,PADI_coordinate_water
160,Curaçao,Divers Leap [Fundiving Curacao Homereef],12.07289,-68.87781,Beach; Drift; Reef; Wall,https://www.padi.com/dive-site/curacao/divers-leap-fundiving-curacao-homereef/,12.074081,-68.879195,200,minimum_nearest_shoreline_crossing
161,Curaçao,Sweet Bottom,12.07633,-68.88272,Drift; Reef; Wall,https://www.padi.com/dive-site/curacao/sweet-bottom/,12.076326,-68.882717,0.0,PADI_coordinate_water
162,Curaçao,Beacon Point,12.06927,-68.87233,Beach; Drift; Reef; Wall,https://www.padi.com/dive-site/curacao/beacon-point/,12.070451,-68.87371,200,minimum_nearest_shoreline_crossing
166,Curaçao,Double Reef,12.10642,-68.94934,Drift; Reef; Wall,https://www.padi.com/dive-site/curacao/double-reef/,12.106424,-68.949337,0.0,PADI_coordinate_water
167,Curaçao,Klein Curacao,11.99101,-68.64735,Beach; Drift; Reef; Wall,https://www.padi.com/dive-site/curacao/klein-curacao/,11.991847,-68.64897,200,minimum_nearest_shoreline_crossing
168,Curaçao,East Point,12.03613,-68.80731,Drift; Reef; Wall,https://www.padi.com/dive-site/curacao/east-point/,12.036131,-68.807314,0.0,PADI_coordinate_water
169,Curaçao,West Point,12.35359,-69.16060,Reef; Wall,https://www.padi.com/dive-site/curacao/west-point/,12.353585,-69.160598,0.0,PADI_coordinate_water
856,Curaçao,Vaersenbaai (Kokomo Beach),12.15959,-69.00693,Reef,https://www.padi.com/dive-site/curacao/vaersenbaai-kokomo-beach/,12.160522,-69.005363,200,minimum_nearest_shoreline_crossing
860,Curaçao,Porto Mari,12.21191,-69.08612,Reef,https://www.padi.com/dive-site/curacao/porto-mari/,12.211914,-69.086119,0.0,PADI_coordinate_water
864,Curaçao,Playa Piscado,12.37096,-69.15522,Reef,https://www.padi.com/dive-site/curacao/playa-piscado/,12.369556,-69.154065,200,minimum_nearest_shoreline_crossing
1179,Curaçao,Coral Habitat,12.19775,-69.07897,Reef,https://www.padi.com/dive-site/curacao/coral-habitat/,12.197747166649668,-69.07897353172302,0.0,PADI_coordinate_water
1180,Curaçao,Rif St Marie,12.19846,-69.07908,Reef,https://www.padi.com/dive-site/curacao/rif-st-marie/,12.198460256124545,-69.07908082008362,0.0,PADI_coordinate_water
1191,Curaçao,Mushroom Forest,12.28756,-69.22014,Reef,https://www.padi.com/dive-site/curacao/mushroom-forest-2/,12.2875644,-69.2201416,0.0,PADI_coordinate_water
2147,Curaçao,Blue Bay The Wall,12.13286,-68.98660,Wall,https://www.padi.com/dive-site/curacao/blue-bay-the-wall/,12.13465214065856,-68.98676991462708,200,minimum_nearest_shoreline_crossing
2627,Curaçao,Cornelius Bay,12.08249,-68.89170,Reef; Wall,https://www.padi.com/dive-site/curacao/cornelius-bay/,12.08370165051446,-68.89306426048279,200,minimum_nearest_shoreline_crossing
2749,Curaçao,Sun Reef - Curacao Divers,12.14253,-69.00005,Reef,https://www.padi.com/dive-site/curacao/sun-reef-curacao-divers/,12.142529348795398,-69.00005221366882,0.0,PADI_coordinate_water
2775,Curaçao,Lost Anchor,12.07074,-68.86862,Beach; Drift; Reef; Wall,https://www.padi.com/dive-site/curacao/lost-anchor-2/,12.071888393987836,-68.87002944946289,200,minimum_nearest_shoreline_crossing
2776,Curaçao,Water Factory,12.10821,-68.95365,Beach; Reef,https://www.padi.com/dive-site/curacao/water-factory/,12.109760311466747,-68.9545726776123,200,minimum_nearest_shoreline_crossing
3087,Curaçao,Blue Bay The Garden,12.13108,-68.98478,Reef,https://www.padi.com/dive-site/curacao/blue-bay-the-garden/,12.1328584961333,-68.98502111434937,200,minimum_nearest_shoreline_crossing
3923,Curaçao,Cas Abou,12.22822,-69.09450,Reef; Wall,https://www.padi.com/dive-site/curacao/cas-abou/,12.227328,-69.09291,200,minimum_nearest_shoreline_crossing
4151,Curaçao,Director's bay Housereef of CURious 2 DIVE,12.06381,-68.85862,Beach; Drift; Reef; Wall,https://www.padi.com/dive-site/curacao/directors-bay-housereef-of-curious-2-dive/,12.064953,-68.860043,200,minimum_nearest_shoreline_crossing
4889,Curaçao,Caracasbaai,12.07508,-68.86265,Beach; Reef,https://www.padi.com/dive-site/curacao/caracasbaai/,12.076169,-68.864107,200,minimum_nearest_shoreline_crossing
5295,Curaçao,Turtle Rock,12.07660,-68.86469,Beach; Reef; Sandy bottom; Wall; Ocean,https://www.padi.com/dive-site/curacao/turtle-rock-2/,12.07769,-68.866146,200,minimum_nearest_shoreline_crossing
5426,Curaçao,Barracuda Point,12.06474,-68.85337,Drift; Reef; Wall; Ocean,https://www.padi.com/dive-site/curacao/barracuda-point-4/,12.064744,-68.853368,0.0,PADI_coordinate_water
6019,Curaçao,Alice in Wonderland,12.37649,-69.15948,Reef,https://www.padi.com/dive-site/curacao/playa-kalki/,12.37509,-69.158335,200,minimum_nearest_shoreline_crossing
6020,Curaçao,Watamula,12.38301,-69.16164,Drift; Reef,https://www.padi.com/dive-site/curacao/watamula/,12.383012,-69.161639,0.0,PADI_coordinate_water
6022,Curaçao,Playa Lagun,12.31824,-69.15151,Reef,https://www.padi.com/dive-site/curacao/playa-lagun/,12.318242,-69.151511,0.0,PADI_coordinate_water
6023,Curaçao,Santa Cruz,12.30566,-69.14997,Reef,https://www.padi.com/dive-site/curacao/santa-cruz/,12.305664,-69.149966,0.0,PADI_coordinate_water
6025,Curaçao,Blue Room,12.30017,-69.15542,Cave; Reef; Wall; Ocean,https://www.padi.com/dive-site/curacao/blue-room/,12.300171,-69.155416,0.0,PADI_coordinate_water
6026,Curaçao,Sponge Forest,12.29858,-69.15580,Drift; Reef,https://www.padi.com/dive-site/curacao/sponge-forest/,12.298578,-69.155803,0.0,PADI_coordinate_water
6027,Curaçao,Boca Hulu,12.28763,-69.15291,Reef; Wall,https://www.padi.com/dive-site/curacao/boca-hulu/,12.287634,-69.152906,0.0,PADI_coordinate_water
6028,Curaçao,Scooter or Dwains Release,12.28277,-69.15082,Drift; Reef; Wall,https://www.padi.com/dive-site/curacao/scooter-or-dwains-release/,12.28277,-69.150825,0.0,PADI_coordinate_water
6044,Curaçao,Playa Largu,12.24644,-69.10706,Beach; Reef; Sandy bottom; Wall; Ocean,https://www.padi.com/dive-site/curacao/playa-largu/,12.245436,-69.105527,200,minimum_nearest_shoreline_crossing
105,Cyprus,Amphitheatre,34.85690,32.34360,Wall,https://www.padi.com/dive-site/cyprus/amphitheatre/,34.8569008361762,32.34797716140747,400,minimum_nearest_shoreline_crossing
106,Cyprus,Pistol bay,34.85886,32.34213,Cave,https://www.padi.com/dive-site/cyprus/pistol-bay/,34.85885527654197,32.34650731086731,400,minimum_nearest_shoreline_crossing
108,Cyprus,Columbi beach,34.69363,33.10540,Beach,https://www.padi.com/dive-site/cyprus/columbi-beach/,34.70039525673909,33.10407042503357,766,minimum_nearest_shoreline_crossing
406,Cyprus,Three Rocks,34.85758,32.34527,Reef,https://www.padi.com/dive-site/cyprus/three-rocks/,34.857578732914305,32.349650859832764,400,minimum_nearest_shoreline_crossing
408,Cyprus,Bubblecave,34.85957,32.34094,Cave; Reef; Wall,https://www.padi.com/dive-site/cyprus/bubblecave/,34.85956837159946,32.3453164100647,400,minimum_nearest_shoreline_crossing
528,Cyprus,Cynthiana,34.76192,32.39567,Beach; Reef; Wall; Channel,https://www.padi.com/dive-site/cyprus/cynthiana/,34.76192255039478,32.400054931640625,400,minimum_nearest_shoreline_crossing
541,Cyprus,Melanda Beach,34.64769,32.75024,Beach; Reef; Channel,https://www.padi.com/dive-site/cyprus/melanda-beach/,34.65128519895413,32.750244140625,400,minimum_nearest_shoreline_crossing
1366,Cyprus,VIZAKIA BAY,35.00770,34.07635,Beach,https://www.padi.com/dive-site/cyprus/vizakia-bay/,35.004163432805896,34.06383991241455,1220,minimum_nearest_shoreline_crossing
1869,Cyprus,Roman Harbour,34.99200,34.07869,Reef; Channel,https://www.padi.com/dive-site/cyprus/roman-harbour/,34.99199979727537,34.07431125640869,400,minimum_nearest_shoreline_crossing
1870,Cyprus,THE HOLE / GREEN BAY CAVES,34.99989,34.07306,Cave; Reef,https://www.padi.com/dive-site/cyprus/the-hole-green-bay-caves/,34.999892304338466,34.06867861747742,400,minimum_nearest_shoreline_crossing
2379,Cyprus,Dassoudi Beach,34.68691,33.08087,Beach,https://www.padi.com/dive-site/cyprus/dassoudi-beach/,34.69050676608038,33.08087468147278,400,minimum_nearest_shoreline_crossing
2790,Cyprus,Nissi Beach,34.98365,33.96999,Reef,https://www.padi.com/dive-site/cyprus/nissi-beach/,34.986189792957404,33.96689414978027,400,minimum_nearest_shoreline_crossing
2791,Cyprus,Sandy Bay,34.98360,33.98179,Reef,https://www.padi.com/dive-site/cyprus/sandy-bay/,34.98613705275434,33.97868514060974,400,minimum_nearest_shoreline_crossing
3558,Cyprus,Manijin island,34.88752,32.31864,Cave; Reef; Sandy bottom; Wall,https://www.padi.com/dive-site/cyprus/manajin-island/,34.887515,32.323022,400,minimum_nearest_shoreline_crossing
3561,Cyprus,St Georges Island,35.09436,32.34065,Cave; Reef; Wall,https://www.padi.com/dive-site/cyprus/st-georges-island/,35.091822,32.34375,400,minimum_nearest_shoreline_crossing
5684,Cyprus,Blue Haze,34.97545,34.02621,Reef; Ocean,https://www.padi.com/dive-site/cyprus/blue-haze/,34.977988,34.023113,400,minimum_nearest_shoreline_crossing
5893,Cyprus,Green Bay,35.00615,34.07690,Beach,https://www.padi.com/dive-site/cyprus/green-bay-2/,35.001,34.06,1658,minimum_nearest_shoreline_crossing
5939,Cyprus,Cyclops Cave,34.98600,34.07438,Cave; Wall,https://www.padi.com/dive-site/cyprus/cyclops-cave/,34.986,34.07,400,minimum_nearest_shoreline_crossing
5948,Cyprus,Cyclops,34.98637,34.08288,Wall; Channel; Ocean,https://www.padi.com/dive-site/cyprus/cyclops/,34.986374,34.078496,400,minimum_nearest_shoreline_crossing
5961,Cyprus,De Costa Bay,35.00710,34.06663,Beach; Sandy bottom; Ocean,https://www.padi.com/dive-site/cyprus/de-costa-bay/,35.007099,34.062252,400,minimum_nearest_shoreline_crossing
6208,Cyprus,Aphrodities Beach,34.70126,33.13015,Beach,https://www.padi.com/dive-site/cyprus/aphrodities-beach/,34.70828050318263,33.12871456146241,796,minimum_nearest_shoreline_crossing
6377,Cyprus,White River,34.91226,32.32105,Beach; Reef; Channel,https://www.padi.com/dive-site/cyprus/white-river/,34.91225866131649,32.32542514801026,400,minimum_nearest_shoreline_crossing
6732,Cyprus,Timi beach,34.67850,32.58650,Beach,https://www.padi.com/dive-site/cyprus/timi-beach-2/,34.712831,32.611885,4572,minimum_nearest_shoreline_crossing
8773,Cyprus,Melanda,34.64884,32.75788,Beach; Reef; Ocean,https://www.padi.com/dive-site/cyprus/melanda/,34.65244137572459,32.757883071899414,400,minimum_nearest_shoreline_crossing
8774,Cyprus,Pissouri Bay,34.64447,32.72449,Beach; Sandy bottom; Ocean,https://www.padi.com/dive-site/cyprus/pissouri-bay/,34.6480725315176,32.72449493408204,400,minimum_nearest_shoreline_crossing
8869,Cyprus,ZEPHYROS,35.37238,33.20171,Reef; Wall; Archaeological; Cavern,https://www.padi.com/dive-site/cyprus/zephyros/,35.36878338852548,33.201713562011726,400,minimum_nearest_shoreline_crossing
10625,Cyprus,Amphitheatre Bay,35.07993,32.31357,Sandy bottom; Wall,https://www.padi.com/dive-site/cyprus/amphitheatre-bay/,35.0773882329476,32.31667041778565,400,minimum_nearest_shoreline_crossing
10628,Cyprus,Fontana Amorosa,35.09348,32.30040,Reef; Sandy bottom; Wall; Archaeological,https://www.padi.com/dive-site/cyprus/fontana-amorosa-2/,35.09094377892259,32.3034954071045,400,minimum_nearest_shoreline_crossing
10629,Cyprus,Aphrodite Rock,35.06117,32.34503,Beach; Sandy bottom,https://www.padi.com/dive-site/cyprus/aphrodite-rock/,35.058631510336554,32.34812736511231,400,minimum_nearest_shoreline_crossing
12175,Cyprus,Paradise,35.36746,33.21746,Drift; Reef; Wall; Cavern,https://www.padi.com/dive-site/cyprus/paradise-5/,35.363856,33.217463,400,minimum_nearest_shoreline_crossing
12176,Cyprus,Zephiros,35.36949,33.21562,Drift; Reef; Wall,https://www.padi.com/dive-site/cyprus/zephiros/,35.365886,33.215618,400,minimum_nearest_shoreline_crossing
12311,Cyprus,Three Rocks,34.64668,32.65806,Cave; Pinnacle; Cavern; Ocean,https://www.padi.com/dive-site/cyprus/three-rocks-2/,34.650277777777774,32.65805555555556,400,minimum_nearest_shoreline_crossing
12312,Cyprus,Melanda Heights,34.64218,32.74291,Reef; Sandy bottom; Ocean,https://www.padi.com/dive-site/cyprus/melanda-heights/,34.64577769283939,32.74290561676026,400,minimum_nearest_shoreline_crossing
12350,Cyprus,Aspro Reef,34.63834,32.68583,Reef; Sandy bottom; Cavern; Ocean,https://www.padi.com/dive-site/cyprus/aspro-reef/,34.64194444444444,32.68583333333333,400,minimum_nearest_shoreline_crossing
12352,Cyprus,Jubilee Cavern,34.60588,32.79007,Cave; Drift; Reef; Wall,https://www.padi.com/dive-site/cyprus/jubilee-shoals-2/,34.609475,32.79007,400,minimum_nearest_shoreline_crossing
12965,Cyprus,Zapalo Bay,34.66113,32.84573,Beach; Sandy bottom; Ocean,https://www.padi.com/dive-site/cyprus/zapalo-bay/,34.664734685412206,32.84573078155518,400,minimum_nearest_shoreline_crossing
18698,Cyprus,Canyon,34.96081,34.06868,Reef; Wall,https://www.padi.com/dive-site/cyprus/canyon/,34.96080904083902,34.064301252365105,400,minimum_nearest_shoreline_crossing
18766,Cyprus,Tunnels & Caves,34.96370,34.07745,Sandy bottom; Cavern; Ocean,https://www.padi.com/dive-site/cyprus/caves/,34.963702,34.073067,400,minimum_nearest_shoreline_crossing
21942,Cyprus,Green Bay,35.00317,34.07797,Beach,https://www.padi.com/dive-site/cyprus/green-bay-3/,35.00052507817997,34.06780421118165,985,minimum_nearest_shoreline_crossing
25090,Cyprus,The WatchTower,34.95430,33.83035,Beach,https://www.padi.com/dive-site/cyprus/the-watchtower/,34.961826350093915,33.83071302154408,923,minimum_nearest_shoreline_crossing
25091,Cyprus,The Arch,34.95874,33.83385,Beach; Reef; Ocean,https://www.padi.com/dive-site/cyprus/the-arch-8/,34.96128384818134,33.8307451885938,400,minimum_nearest_shoreline_crossing
1834,Denmark,Stevns,55.25745,12.42770,Cave,https://www.padi.com/dive-site/denmark/stevns/,55.257447,12.4277,0.0,PADI_coordinate_water
2145,Denmark,Littlebelt,55.51209,9.72342,Beach; Drift; Wall,https://www.padi.com/dive-site/denmark/littlebelt/,55.513859525888456,9.722900390625,200,minimum_nearest_shoreline_crossing
6508,Denmark,Gl. Færgehavn,55.51796,9.71660,Beach; Drift; Sandy bottom,https://www.padi.com/dive-site/denmark/gl-frgehavn/,55.51973336175402,9.716087579727176,200,minimum_nearest_shoreline_crossing
6509,Denmark,Ammoniakhavnen,55.52442,9.74125,Drift; Sandy bottom; Wall; Ocean,https://www.padi.com/dive-site/denmark/ammoniakhavnen/,55.52442208225651,9.741246700286869,0.0,PADI_coordinate_water
9415,Denmark,Gl. Ålbo,55.46681,9.68116,Beach; Reef,https://www.padi.com/dive-site/denmark/gl-albo/,55.46858884614024,9.680757522583008,200,minimum_nearest_shoreline_crossing
19383,Denmark,Østerstrands,55.56404,9.76992,Beach; Sandy bottom,https://www.padi.com/dive-site/denmark/sterstrands/,55.56580069602016,9.769248962402346,200,minimum_nearest_shoreline_crossing
19386,Denmark,Skovshoved,55.76372,12.60576,Muck; Sandy bottom,https://www.padi.com/dive-site/denmark/skovshoved/,55.76421316483773,12.602691650390629,200,minimum_nearest_shoreline_crossing
22772,Denmark,Trykkerdammen,56.02560,12.60979,Beach; Sandy bottom; Ocean,https://www.padi.com/dive-site/denmark/trykkerdammen-3/,56.0258380078271,12.60659694671631,200,minimum_nearest_shoreline_crossing
22773,Denmark,Whiskey Reef - Skovshoved Havn,55.76351,12.60628,Beach; Sandy bottom; Ocean,https://www.padi.com/dive-site/denmark/whiskey-reef-skovshoved-havn/,55.76399586673183,12.603206634521486,200,minimum_nearest_shoreline_crossing
22774,Denmark,"Rødvig - \White Bay\""""",55.25221,12.38067,Beach; Sandy bottom; Ocean,https://www.padi.com/dive-site/denmark/rdvig-white-bay/,55.25314761047663,12.377986907958986,200,minimum_nearest_shoreline_crossing
22775,Denmark,Amager Strandpark og Havheksen,55.65432,12.65287,Beach; Sandy bottom; Ocean,https://www.padi.com/dive-site/denmark/amager-strandpark-og-havheksen/,55.65490451733765,12.649855613708496,200,minimum_nearest_shoreline_crossing
22777,Denmark,Hornbæk Plantage,56.09144,12.49047,Beach; Reef; Sandy bottom; Ocean,https://www.padi.com/dive-site/denmark/hornbk-plantage/,56.09162421410686,12.48727083206177,200,minimum_nearest_shoreline_crossing
22778,Denmark,Munkholmbroen,55.67247,11.81636,Beach; Fjord; Ocean,https://www.padi.com/dive-site/denmark/munkholmbroen-2/,55.67321041740332,11.813457012176514,200,minimum_nearest_shoreline_crossing
22780,Denmark,Storebælt og Halskov Rev,55.34745,11.10208,Beach; Reef; Sandy bottom; Ocean,https://www.padi.com/dive-site/denmark/storeblt-og-halskov-rev/,55.34872398438301,11.099848812043543,200,minimum_nearest_shoreline_crossing
22782,Denmark,Klintebjerget,55.96073,11.58662,Beach; Sandy bottom; Ocean,https://www.padi.com/dive-site/denmark/klintebjerget/,55.96117667206108,11.583505868911743,200,minimum_nearest_shoreline_crossing
22783,Denmark,Tisvildeleje,56.05555,12.06051,Beach; Sandy bottom,https://www.padi.com/dive-site/denmark/tisvildeleje/,56.05580974891683,12.057334184646608,200,minimum_nearest_shoreline_crossing
22784,Denmark,Halskov Færgehavn,55.34584,11.11343,Beach; Sandy bottom; Ocean,https://www.padi.com/dive-site/denmark/halskov-frgehavn/,55.34710633859137,11.111203290159194,200,minimum_nearest_shoreline_crossing
22785,Denmark,Stevns Klint - Kridtfabrikken,55.32262,12.45133,Beach; Sandy bottom; Ocean,https://www.padi.com/dive-site/denmark/stevns-klint-kridtfabrikken/,55.32350463268328,12.448582649230955,200,minimum_nearest_shoreline_crossing
22786,Denmark,Bogø - Fyrs Venner,54.93417,11.99631,Beach; Drift; Sandy bottom; Ocean,https://www.padi.com/dive-site/denmark/bog-fyrs-venner/,54.93538975972307,11.994023323059084,200,minimum_nearest_shoreline_crossing
22846,Denmark,Havnemarken Asnæs,55.66808,10.96522,Beach; Sandy bottom; Ocean,https://www.padi.com/dive-site/denmark/havnemarken-asns/,55.66913242265664,10.96263885498047,200,minimum_nearest_shoreline_crossing
2306,Dominica,Split Rock,15.60698,-61.46589,Reef,https://www.padi.com/dive-site/dominica/split-rock/,15.605202242831757,-61.46560907363891,200,minimum_nearest_shoreline_crossing
2307,Dominica,Toucari Caves,15.61251,-61.46754,Cave; Reef,https://www.padi.com/dive-site/dominica/toucari-caves/,15.610742910955672,-61.46723985671997,200,minimum_nearest_shoreline_crossing
2309,Dominica,Tube Reef,15.61042,-61.46730,Drift; Reef; Wall,https://www.padi.com/dive-site/dominica/tube-reef/,15.60865355312066,-61.46700382232666,200,minimum_nearest_shoreline_crossing
2310,Dominica,Shark's mouth,15.58274,-61.47608,Reef; Wall,https://www.padi.com/dive-site/dominica/sharks-mouth/,15.58112825594835,-61.47524356842041,200,minimum_nearest_shoreline_crossing
2311,Dominica,Coral garden,15.59307,-61.46907,Reef,https://www.padi.com/dive-site/dominica/coral-garden-4/,15.591334416835489,-61.4686131477356,200,minimum_nearest_shoreline_crossing
2313,Dominica,Toucari North,15.61419,-61.46834,Reef,https://www.padi.com/dive-site/dominica/toucari-north/,15.612423061623396,-61.46803379058838,200,minimum_nearest_shoreline_crossing
2314,Dominica,Secret Arch,15.62477,-61.46645,Reef,https://www.padi.com/dive-site/dominica/secret-arch/,15.622985169259774,-61.46622061729431,200,minimum_nearest_shoreline_crossing
2315,Dominica,Five fingers,15.59245,-61.47627,Reef,https://www.padi.com/dive-site/dominica/five-fingers-2/,15.590780511049594,-61.4755654335022,200,minimum_nearest_shoreline_crossing
2316,Dominica,One finger,15.59011,-61.47780,Reef,https://www.padi.com/dive-site/dominica/one-finger/,15.590106728089635,-61.4777970314026,0.0,PADI_coordinate_water
2318,Dominica,Pole to pole,15.58356,-61.47208,Reef,https://www.padi.com/dive-site/dominica/pole-to-pole/,15.581888878363438,-61.47140264511109,200,minimum_nearest_shoreline_crossing
2319,Dominica,Hot sulfur,15.55733,-61.46809,Reef,https://www.padi.com/dive-site/dominica/hot-sulfur/,15.555988927869045,-61.46685361862182,200,minimum_nearest_shoreline_crossing
25055,Dominica,Champagne Reef,15.24155,-61.37340,Reef; Sandy bottom; Ocean,https://www.padi.com/dive-site/dominica/champagne-reef/,15.243293,-61.373872,200,minimum_nearest_shoreline_crossing
25148,Dominica,Dangle Bens North,15.23647,-61.37092,Reef; Ocean,https://www.padi.com/dive-site/dominica/dangle-bens-north/,15.238205,-61.371398,200,minimum_nearest_shoreline_crossing
1778,Dominican Republic,"Viva Shallow, Guadalupe",18.34627,-68.82935,Reef,https://www.padi.com/dive-site/dominican-republic/viva-shallow-guadalupe/,18.34626690263564,-68.829345703125,0.0,PADI_coordinate_water
1786,Dominican Republic,Peñon,18.27190,-68.78686,Drift; Reef,https://www.padi.com/dive-site/dominican-republic/penon/,18.27190114201733,-68.7868595123291,0.0,PADI_coordinate_water
1791,Dominican Republic,The Wall,18.37587,-69.00650,Reef; Wall,https://www.padi.com/dive-site/dominican-republic/the-wall-3/,18.3758678192346,-69.00650024414062,0.0,PADI_coordinate_water
9421,Dominican Republic,Puntilla,19.76265,-70.52089,Reef,https://www.padi.com/dive-site/dominican-republic/puntilla/,19.760938,-70.520285,200,minimum_nearest_shoreline_crossing
9424,Dominican Republic,Deep Wall,19.76631,-70.52205,Reef,https://www.padi.com/dive-site/dominican-republic/deep-wall/,19.76460343139825,-70.5214548110962,200,minimum_nearest_shoreline_crossing
16221,Dominican Republic,Parque,18.33212,-68.81990,Reef,https://www.padi.com/dive-site/dominican-republic/guaraguao/,18.3321214330081,-68.81990432739258,0.0,PADI_coordinate_water
19063,Dominican Republic,The Canyon,19.75904,-70.52142,Reef,https://www.padi.com/dive-site/dominican-republic/the-canyon-6/,19.757328521936568,-70.52082180976869,200,minimum_nearest_shoreline_crossing
19273,Dominican Republic,3 Rocks,19.77465,-70.51545,Reef,https://www.padi.com/dive-site/dominican-republic/3-rocks-2/,19.772943169074125,-70.51486730575563,200,minimum_nearest_shoreline_crossing
19274,Dominican Republic,Sosua Bay,19.76304,-70.52003,Beach; Reef; Wall,https://www.padi.com/dive-site/dominican-republic/sosua-bay/,19.76133203503262,-70.519437789917,200,minimum_nearest_shoreline_crossing
1150,Ecuador,La Playita - Punta King Kong,-1.56567,-80.84145,Reef,https://www.padi.com/dive-site/ecuador/la-playita-punta-king-kong/,-1.5658503288435854,-80.8396553993225,200,minimum_nearest_shoreline_crossing
1151,Ecuador,Parcela Marina - Salango,-1.59234,-80.86270,Reef,https://www.padi.com/dive-site/ecuador/parcela-marina-salango/,-1.592340489838365,-80.86270093917847,0.0,PADI_coordinate_water
1152,Ecuador,Islotes - Salango,-1.59564,-80.87558,Drift; Channel,https://www.padi.com/dive-site/ecuador/islotes-salango/,-1.5956436926333246,-80.87557554244995,0.0,PADI_coordinate_water
1153,Ecuador,La piedra de la Ballena - Salango,-1.60235,-80.86029,Reef; Wall,https://www.padi.com/dive-site/ecuador/la-piedra-de-la-ballena-salango/,-1.602346604066928,-80.86028695106506,0.0,PADI_coordinate_water
1157,Ecuador,Islote Horno de Pan,-1.49914,-80.80953,Reef; Wall,https://www.padi.com/dive-site/ecuador/islote-horno-de-pan/,-1.4991408416606613,-80.80952882766724,0.0,PADI_coordinate_water
1158,Ecuador,Bahia Drake - Isla de la Plata,-1.26932,-81.06153,Reef,https://www.padi.com/dive-site/ecuador/bahia-drake-isla-de-la-plata/,-1.2693213121033624,-81.06152772903442,0.0,PADI_coordinate_water
1159,Ecuador,El acuario - Isla de la Plata,-1.26107,-81.06979,Reef,https://www.padi.com/dive-site/ecuador/el-acuario-isla-de-la-plata/,-1.2610728485990113,-81.0697889328003,0.0,PADI_coordinate_water
1160,Ecuador,Tres Rocas,-1.25783,-81.07281,Reef; Wall,https://www.padi.com/dive-site/ecuador/tres-rocas/,-1.257833522873487,-81.07281446456908,0.0,PADI_coordinate_water
1161,Ecuador,Roca Honda - Isla de la Plata,-1.25809,-81.07489,Reef; Wall,https://www.padi.com/dive-site/ecuador/roca-honda-isla-de-la-plata/,-1.258090952879682,-81.07488512992859,0.0,PADI_coordinate_water
1162,Ecuador,El pináculo - Isla de la Plata,-1.25882,-81.07837,Reef; Wall,https://www.padi.com/dive-site/ecuador/el-pinaculo-isla-de-la-plata/,-1.2588203377592984,-81.07837200164795,0.0,PADI_coordinate_water
1163,Ecuador,Islote el Sucre - Machalilla,-1.47304,-80.78333,Reef,https://www.padi.com/dive-site/ecuador/islote-el-sucre-machalilla/,-1.4730356383199723,-80.78332901000977,0.0,PADI_coordinate_water
1973,Ecuador,Ahorcados,-1.67681,-80.83611,Cave; Drift; Reef; Wall,https://www.padi.com/dive-site/ecuador/ahorcados/,-1.6768064105007467,-80.83611488342285,0.0,PADI_coordinate_water
2652,Ecuador,Punta Mala,-1.56240,-80.84873,Reef,https://www.padi.com/dive-site/ecuador/punta-mala/,-1.5623969308399623,-80.8487319946289,0.0,PADI_coordinate_water
5133,Ecuador,bahia de puerto lopez,-1.55538,-80.82395,Beach,https://www.padi.com/dive-site/ecuador/bahia-de-puerto-lopez/,-1.559823,-80.822253,529,minimum_nearest_shoreline_crossing
5134,Ecuador,bajo cope,-1.58320,-81.14502,Drift; Reef; Wall; Ocean,https://www.padi.com/dive-site/ecuador/bajo-cope/,-1.583203,-81.14502,0.0,PADI_coordinate_water
5701,Ecuador,Floreana,-1.22754,-90.43300,Ocean,https://www.padi.com/dive-site/ecuador/floreana/,-1.227628,-90.431213,200,minimum_nearest_shoreline_crossing
5702,Ecuador,Bartolomé/Cousin Rocks,-0.37216,-90.56717,Pinnacle; Sandy bottom; Ocean,https://www.padi.com/dive-site/ecuador/bartolomecousin-rocks/,-0.372159,-90.567169,0.0,PADI_coordinate_water
5703,Ecuador,North Seymour Island,-0.31860,-90.25818,Drift; Reef; Sandy bottom; Wall; Ocean,https://www.padi.com/dive-site/ecuador/north-seymour-island/,-0.318603,-90.258179,0.0,PADI_coordinate_water
5704,Ecuador,Gordon Rocks,-0.55480,-90.07141,Drift; Pinnacle; Reef; Wall; Channel; Ocean,https://www.padi.com/dive-site/ecuador/gordon-rocks/,-0.554802,-90.071411,0.0,PADI_coordinate_water
5705,Ecuador,Daphne,-0.39688,-90.35088,Pinnacle; Reef; Wall; Cavern; Ocean,https://www.padi.com/dive-site/ecuador/daphne/,-0.396878,-90.350876,0.0,PADI_coordinate_water
5706,Ecuador,Mosquera,-0.40079,-90.28159,Beach; Drift; Reef; Sandy bottom; Wall; Ocean,https://www.padi.com/dive-site/ecuador/mosquera/,-0.400998,-90.279807,200,minimum_nearest_shoreline_crossing
9251,Ecuador,Bahia de Tijeretas,-0.88722,-89.60907,Reef; Sandy bottom,https://www.padi.com/dive-site/ecuador/bahia-de-tijeretas-2/,-0.8873680116535987,-89.6072816848755,200,minimum_nearest_shoreline_crossing
9470,Ecuador,Leon Dormido - Kicker Rock,-0.77597,-89.51961,Drift; Wall,https://www.padi.com/dive-site/ecuador/leon-dormido-kicker-rock/,-0.7759715319996388,-89.5196056365967,0.0,PADI_coordinate_water
11656,Ecuador,Barranco,-0.74559,-90.29689,Sandy bottom; Wall,https://www.padi.com/dive-site/ecuador/barranco/,-0.7455901470837937,-90.29688835144044,0.0,PADI_coordinate_water
13326,Ecuador,Roca ballena,-0.94023,-89.60492,Ocean,https://www.padi.com/dive-site/ecuador/roca-ballena/,-0.9402329896634748,-89.60492134094238,0.0,PADI_coordinate_water
13327,Ecuador,BAHIA GARDNER,-1.35082,-89.65763,Ocean,https://www.padi.com/dive-site/ecuador/bahia-gardner/,-1.350817693425121,-89.65763211250305,0.0,PADI_coordinate_water
13329,Ecuador,PARED DE TIJERETAS,-0.88649,-89.61182,Reef; Sandy bottom; Wall; Ocean,https://www.padi.com/dive-site/ecuador/bahia-de-tijeretas/,-0.8866385382250118,-89.61002826690675,200,minimum_nearest_shoreline_crossing
13330,Ecuador,BAJO DE CERRO MUNDO,-0.85703,-89.58806,Ocean,https://www.padi.com/dive-site/ecuador/bajo-de-cerro-mundo/,-0.8570303790720145,-89.58805561065675,0.0,PADI_coordinate_water
13331,Ecuador,PUNTA PITT,-0.70252,-89.24998,Sandy bottom; Wall; Ocean,https://www.padi.com/dive-site/ecuador/punta-pitt/,-0.7026996873456318,-89.24818754196168,200,minimum_nearest_shoreline_crossing
16567,Ecuador,CUEVAS DE LOS CORALES,-0.89325,-89.62565,Cave; Ocean,https://www.padi.com/dive-site/ecuador/cuevas-de-los-corales/,-0.8932467040229348,-89.62564945220949,0.0,PADI_coordinate_water
20832,Ecuador,KICKER ROCK,-0.77722,-89.51937,Sandy bottom; Wall; Channel,https://www.padi.com/dive-site/ecuador/kicker-rock/,-0.7772159626640275,-89.51936960220338,0.0,PADI_coordinate_water
659,Egypt,Wood House - Straits of Tiran,28.00115,34.46557,Drift; Reef; Wall,https://www.padi.com/dive-site/egypt/wood-house-straits-of-tiran/,28.001146326353883,34.4655704498291,0.0,PADI_coordinate_water
660,Egypt,Thomas Reef - Straits of Tiran,27.99228,34.46094,Cave; Drift; Reef; Wall,https://www.padi.com/dive-site/egypt/thomas-reef-straits-of-tiran/,27.992279327926045,34.46093559265137,0.0,PADI_coordinate_water
672,Egypt,Ras Za'atar - Ras Mohammed,27.76665,34.25589,Cave; Drift; Reef; Wall,https://www.padi.com/dive-site/egypt/ras-zaatar-ras-mohammed/,27.76664632824637,34.25588607788086,0.0,PADI_coordinate_water
673,Egypt,Anemone City - Ras Mohammed,27.72707,34.25845,Drift; Reef; Wall,https://www.padi.com/dive-site/egypt/anemone-city-ras-mohammed/,27.727070497706297,34.2584502696991,0.0,PADI_coordinate_water
675,Egypt,Jackfish Alley - Ras Mohammed,27.75578,34.25431,Cave; Drift; Reef; Wall,https://www.padi.com/dive-site/egypt/jackfish-alley-ras-mohammed/,27.75525360939757,34.25236701965332,200,minimum_nearest_shoreline_crossing
676,Egypt,Shark Observatory - Ras Mohammed,27.73263,34.26274,Drift; Reef; Wall,https://www.padi.com/dive-site/egypt/shark-observatory-ras-mohammed/,27.73212272380552,34.26078915596008,200,minimum_nearest_shoreline_crossing
682,Egypt,Near Garden,27.90826,34.34760,Drift; Reef,https://www.padi.com/dive-site/egypt/near-garden/,27.90826247148969,34.34759616851806,0.0,PADI_coordinate_water
683,Egypt,Middle Garden,27.91278,34.34953,Drift; Reef,https://www.padi.com/dive-site/egypt/middle-garden/,27.91278483898988,34.34952735900879,0.0,PADI_coordinate_water
684,Egypt,Far Garden,27.91445,34.36262,Drift; Reef,https://www.padi.com/dive-site/egypt/far-garden/,27.91445342159142,34.362616539001465,0.0,PADI_coordinate_water
686,Egypt,Temple,27.84731,34.30884,Reef,https://www.padi.com/dive-site/egypt/temple/,27.84731059323184,34.3088436126709,0.0,PADI_coordinate_water
687,Egypt,Ras Katy,27.84684,34.30316,Reef,https://www.padi.com/dive-site/egypt/ras-katy/,27.846836272730865,34.303157329559326,0.0,PADI_coordinate_water
688,Egypt,Tower,27.88329,34.32607,Cave; Drift; Reef; Wall,https://www.padi.com/dive-site/egypt/tower/,27.88270801795547,34.324153661727905,200,minimum_nearest_shoreline_crossing
689,Egypt,Ras Nasrani,27.96412,34.41699,Cave; Drift; Reef; Wall,https://www.padi.com/dive-site/egypt/ras-nasrani/,27.964119878717483,34.41699028015136,0.0,PADI_coordinate_water
690,Egypt,Ras Ghazlani - Ras Mohammed,27.80683,34.26554,Drift; Reef,https://www.padi.com/dive-site/egypt/ras-ghazlani-ras-mohammed/,27.80628369145972,34.26361083984375,200,minimum_nearest_shoreline_crossing
1025,Egypt,Canyon,28.55556,34.52272,Cave; Wall; Channel,https://www.padi.com/dive-site/egypt/canyon-2/,28.55471848766553,34.520909786224365,200,minimum_nearest_shoreline_crossing
1026,Egypt,Abu Helal,28.54305,34.51850,Reef,https://www.padi.com/dive-site/egypt/abu-helal/,28.54221237394672,34.516693353652954,200,minimum_nearest_shoreline_crossing
1027,Egypt,Eel Garden,28.50585,34.52191,Beach; Reef,https://www.padi.com/dive-site/egypt/eel-garden-3/,28.505033970265824,34.52009439468384,200,minimum_nearest_shoreline_crossing
1049,Egypt,Ras Abu Galum South,28.61263,34.55519,Beach; Reef,https://www.padi.com/dive-site/egypt/ras-abu-galum-south/,28.61177349383841,34.553385972976685,200,minimum_nearest_shoreline_crossing
1050,Egypt,Ras Abu Galum North,28.61583,34.56176,Beach; Reef,https://www.padi.com/dive-site/egypt/ras-abu-galum-north/,28.61496637778333,34.5599627494812,200,minimum_nearest_shoreline_crossing
1051,Egypt,Red Tooth Trigger Bay,28.62074,34.56832,Beach; Drift; Reef,https://www.padi.com/dive-site/egypt/red-tooth-trigger-bay/,28.61988,34.56652,200,minimum_nearest_shoreline_crossing
1052,Egypt,Tiger Reef,28.56728,34.53313,Cave; Beach; Reef,https://www.padi.com/dive-site/egypt/tiger-reef/,28.56643160863839,34.53131675720215,200,minimum_nearest_shoreline_crossing
1053,Egypt,Rick´s Reef,28.55827,34.52556,Beach; Drift; Reef,https://www.padi.com/dive-site/egypt/rick-s-reef/,28.55743,34.52375,200,minimum_nearest_shoreline_crossing
1054,Egypt,Lighthouse,28.49984,34.52170,Beach; Reef; Wall,https://www.padi.com/dive-site/egypt/lighthouse-3/,28.49902,34.51988,200,minimum_nearest_shoreline_crossing
1055,Egypt,Bannerfish Bay,28.49972,34.52057,Beach; Drift; Reef,https://www.padi.com/dive-site/egypt/bannerfish-bay/,28.4989,34.51875,200,minimum_nearest_shoreline_crossing
1056,Egypt,Mashraba,28.49602,34.51884,Beach; Reef; Wall,https://www.padi.com/dive-site/egypt/mashraba/,28.4952,34.51702,200,minimum_nearest_shoreline_crossing
1057,Egypt,Napoleon Reef,28.47083,34.50760,Drift; Reef,https://www.padi.com/dive-site/egypt/napoleon-reef/,28.47083,34.5076,0.0,PADI_coordinate_water
1126,Egypt,Caves,28.41668,34.45607,Cave; Reef,https://www.padi.com/dive-site/egypt/caves-2/,28.41668,34.45607,0.0,PADI_coordinate_water
1127,Egypt,El Shugarat,28.35598,34.43992,Drift; Reef,https://www.padi.com/dive-site/egypt/el-shugarat/,28.35598,34.43992,0.0,PADI_coordinate_water
1803,Egypt,Daedalus,24.95000,35.83330,Reef,https://www.padi.com/dive-site/egypt/daedalus/,24.95,35.8333,0.0,PADI_coordinate_water
1872,Egypt,Umm Usk,27.60324,33.87772,Drift; Reef,https://www.padi.com/dive-site/egypt/umm-usk/,27.60323689456203,33.877716064453125,0.0,PADI_coordinate_water
2130,Egypt,Marsa Shagra House Reef,25.24435,34.79739,Beach,https://www.padi.com/dive-site/egypt/marsa-shagra-house-reef/,25.2450744135263,34.795567989349365,200,minimum_nearest_shoreline_crossing
3904,Egypt,Islands,28.47831,34.51378,Beach; Pinnacle; Sandy bottom,https://www.padi.com/dive-site/egypt/islands/,28.4775,34.511962,200,minimum_nearest_shoreline_crossing
3905,Egypt,Um Sid,28.42133,34.45941,Beach; Reef; Sandy bottom,https://www.padi.com/dive-site/egypt/um-sid/,28.420533,34.457577,200,minimum_nearest_shoreline_crossing
4211,Egypt,Moray Garden,28.43838,34.46138,Beach; Reef; Wall,https://www.padi.com/dive-site/egypt/moray-garden/,28.437572,34.459552,200,minimum_nearest_shoreline_crossing
4383,Egypt,shoab sharm,24.78829,35.17848,Drift; Pinnacle; Reef; Wall; Ocean,https://www.padi.com/dive-site/egypt/shoab-sharm/,24.788293,35.17848,0.0,PADI_coordinate_water
5046,Egypt,Siyul Kebira,27.56124,33.87875,Drift; Reef; Wall,https://www.padi.com/dive-site/egypt/siyul-kebira/,27.561243,33.878746,0.0,PADI_coordinate_water
8386,Egypt,Shaab El Erg,27.41962,33.86089,Reef; Sandy bottom,https://www.padi.com/dive-site/egypt/shaab-el-erg/,27.419624,33.860893,0.0,PADI_coordinate_water
8572,Egypt,Tobia Arbaa,26.83660,33.99140,Pinnacle,https://www.padi.com/dive-site/egypt/tobia-arbaa/,26.8366,33.9914,0.0,PADI_coordinate_water
8656,Egypt,Tobia Hamra,26.83491,33.98462,Reef; Sandy bottom; Wall; Ocean,https://www.padi.com/dive-site/egypt/tobia-hamra/,26.834908,33.984618,0.0,PADI_coordinate_water
8657,Egypt,Tobia Arbaa (7 pillars),26.83664,33.99132,Pinnacle; Sandy bottom; Ocean,https://www.padi.com/dive-site/egypt/tobia-arbaa-7-pillars/,26.836641,33.991324,0.0,PADI_coordinate_water
8665,Egypt,Ras Abu Soma,26.85183,34.00453,Drift; Reef; Sandy bottom; Wall; Ocean,https://www.padi.com/dive-site/egypt/ras-abu-soma-4/,26.851833,34.004531,0.0,PADI_coordinate_water
8666,Egypt,Panorama Reef,26.75098,34.07929,Drift; Reef; Wall; Ocean,https://www.padi.com/dive-site/egypt/panorama-north-2/,26.750976,34.079289,0.0,PADI_coordinate_water
10089,Egypt,Abu Soma Garden,26.84306,34.00234,Reef; Ocean,https://www.padi.com/dive-site/egypt/abu-soma-garden/,26.843065,34.002342,0.0,PADI_coordinate_water
10127,Egypt,Abu Kafan North,26.65803,34.10542,Drift; Reef; Wall; Ocean,https://www.padi.com/dive-site/egypt/abu-kafan-north/,26.658026,34.105425,0.0,PADI_coordinate_water
10128,Egypt,Tobia Soraya,26.80381,33.99419,Pinnacle; Ocean,https://www.padi.com/dive-site/egypt/tobia-soraya/,26.80381,33.994188,0.0,PADI_coordinate_water
10129,Egypt,Tobia Nos,26.80597,33.99432,Reef; Sandy bottom; Ocean,https://www.padi.com/dive-site/egypt/tobia-nos-2/,26.805974,33.994317,0.0,PADI_coordinate_water
10131,Egypt,Tobia Kebir,26.80876,33.99566,Reef; Sandy bottom; Ocean,https://www.padi.com/dive-site/egypt/tobia-kebir/,26.80876,33.995658,0.0,PADI_coordinate_water
10132,Egypt,Tobia Island,26.81626,33.97874,Reef; Sandy bottom; Ocean; River,https://www.padi.com/dive-site/egypt/tobia-island/,26.816258,33.978739,0.0,PADI_coordinate_water
10134,Egypt,Gamul Kebir,26.78544,33.98728,Reef; Sandy bottom; Ocean,https://www.padi.com/dive-site/egypt/gamul-kebir-2/,26.785441,33.987279,0.0,PADI_coordinate_water
10135,Egypt,Gamul Soraya,26.79605,33.99186,Drift; Pinnacle; Reef; Sandy bottom; Ocean,https://www.padi.com/dive-site/egypt/gamul-soraya/,26.796053,33.99186,0.0,PADI_coordinate_water
10624,Egypt,Amphoras Dive Site,27.86845,34.32584,Cave; Beach; Reef; Wall; Archaeological; Cavern,https://www.padi.com/dive-site/egypt/amphoras-dive-site/,27.86787513481569,34.32390689849854,200,minimum_nearest_shoreline_crossing
11454,Egypt,El Fanadir North,27.29609,33.83094,Drift; Reef; Sandy bottom; Wall; Ocean,https://www.padi.com/dive-site/egypt/el-fanadir-north/,27.29609186023447,33.830938339233406,0.0,PADI_coordinate_water
12595,Egypt,Marsa Mubarak,25.50817,34.65311,Beach; Drift; Pinnacle; Reef; Sandy bottom; Wall; Cavern; Ocean,https://www.padi.com/dive-site/egypt/marsa-mubarak/,25.50880361546541,34.65125188581456,200,minimum_nearest_shoreline_crossing
12663,Egypt,Ras EL Torfa - Abu Siyal,25.42981,34.69441,Pinnacle; Reef; Wall,https://www.padi.com/dive-site/egypt/ras-el-torfa-abu-siyal/,25.429806859723616,34.69440584088745,0.0,PADI_coordinate_water
13191,Egypt,Abu Dabab,25.33876,34.74211,Beach; Pinnacle; Reef; Sandy bottom; Ocean,https://www.padi.com/dive-site/egypt/abu-dabab/,25.33944932321037,34.74027156829835,200,minimum_nearest_shoreline_crossing
13323,Egypt,Dolphin House/ Shaab Samadai,24.99006,34.96845,Cave; Pinnacle; Reef; Wall; Ocean,https://www.padi.com/dive-site/egypt/dolphin-house-shaab-samadai/,24.990064544932117,34.96845245361329,0.0,PADI_coordinate_water
13333,Egypt,Marsa Assalaya,25.15492,34.85435,Beach; Reef; Sandy bottom; Wall; Ocean,https://www.padi.com/dive-site/egypt/marsa-assalaia/,25.155656691728694,34.85253810882569,200,minimum_nearest_shoreline_crossing
15272,Egypt,Paradise,27.85992,34.32049,Beach; Sandy bottom; Cavern,https://www.padi.com/dive-site/egypt/paradise-8/,27.859348153045737,34.3185639416278,200,minimum_nearest_shoreline_crossing
15677,Egypt,Sharks Bay - House Reef,27.95280,34.38784,Beach; Reef,https://www.padi.com/dive-site/egypt/sharks-bay-house-reef/,27.95219822072925,34.38591957092286,200,minimum_nearest_shoreline_crossing
16218,Egypt,Ras Qusier,26.11545,34.28786,Drift; Reef; Wall,https://www.padi.com/dive-site/egypt/ras-qusier/,26.11544651737331,34.2878578862273,0.0,PADI_coordinate_water
17511,Egypt,Ras Um Sid,27.84833,34.31850,Beach; Drift; Reef; Wall,https://www.padi.com/dive-site/egypt/ras-um-sid/,27.84776593896118,34.3165683746338,200,minimum_nearest_shoreline_crossing
17853,Egypt,Eel Garden Dive Urge,28.50611,34.52048,Reef; Sandy bottom; Wall,https://www.padi.com/dive-site/egypt/eel-garden-dive-urge/,28.506108783570472,34.52048063278199,0.0,PADI_coordinate_water
18502,Egypt,Makadi house reef,26.99283,33.90359,Beach; Reef,https://www.padi.com/dive-site/egypt/makadi-house-reef/,26.9927219605714,33.90157699584962,200,minimum_nearest_shoreline_crossing
20163,Egypt,Grand Makadi house reef,26.99787,33.90943,Beach; Drift; Reef,https://www.padi.com/dive-site/egypt/grand-makadi-house-reef/,26.997760010722004,33.90742421150208,200,minimum_nearest_shoreline_crossing
20808,Egypt,Ras Ghamila,27.97511,34.42463,Drift; Reef,https://www.padi.com/dive-site/egypt/ras-ghamila/,27.975112143138727,34.42462921142579,0.0,PADI_coordinate_water
20851,Egypt,Oberoi House Reed,27.08016,33.88543,Beach; Drift; Reef; Sandy bottom; Wall; Channel,https://www.padi.com/dive-site/egypt/oberoi-house-reed/,27.079990721333573,33.88342380523682,200,minimum_nearest_shoreline_crossing
21376,Egypt,Gabr el Bint,28.35395,34.43539,Drift; Reef; Wall,https://www.padi.com/dive-site/egypt/gabr-el-bint/,28.35317,34.43355,200,minimum_nearest_shoreline_crossing
21538,Egypt,Blue Hole,28.57246,34.53732,Drift; Reef; Wall,https://www.padi.com/dive-site/egypt/blue-hole-3/,28.572461991197848,34.53732490539551,0.0,PADI_coordinate_water
21600,Egypt,Blue Hole,28.57284,34.53754,Wall,https://www.padi.com/dive-site/egypt/blue-hole-17/,28.572839090259265,34.53753719797575,0.0,PADI_coordinate_water
21703,Egypt,The Canyon,28.55570,34.52300,Cave; Beach; Pinnacle; Reef; Cavern,https://www.padi.com/dive-site/egypt/the-canyon-8/,28.554859844440887,34.52118873596192,200,minimum_nearest_shoreline_crossing
21705,Egypt,The Blue Hole,28.57284,34.53737,Drift; Pinnacle; Reef; Wall,https://www.padi.com/dive-site/egypt/the-blue-hole-2/,28.5728389306686,34.53736551710362,0.0,PADI_coordinate_water
22093,Egypt,Ras Ghamila,27.97265,34.42448,Cave; Beach; Drift; Reef; Sea Loch,https://www.padi.com/dive-site/egypt/ras-ghamila-2/,27.97204165129398,34.42256927490235,200,minimum_nearest_shoreline_crossing
22598,Egypt,Gordon Reef - Straits of Tiran,27.98667,34.45210,Drift; Reef; Wall,https://www.padi.com/dive-site/egypt/gordon-reef-straits-of-tiran/,27.98667076429169,34.45209503173828,0.0,PADI_coordinate_water
22599,Egypt,Careless Reef,27.34800,33.83700,Pinnacle; Reef; Wall; Ocean,https://www.padi.com/dive-site/egypt/careless-reef/,27.348,33.837,0.0,PADI_coordinate_water
22600,Egypt,El Gilwa,27.55805,33.87295,Drift; Pinnacle; Reef; Wall; Ocean,https://www.padi.com/dive-site/egypt/el-gilwa/,27.55804722133877,33.872952340401824,0.0,PADI_coordinate_water
22757,Egypt,Elphinstone Reef,25.32494,34.85417,Drift; Reef; Wall; Ocean,https://www.padi.com/dive-site/egypt/elphinstone-reef-3/,25.324942348747847,34.854168891906745,0.0,PADI_coordinate_water
22758,Egypt,Abu Dabbab 1 Dive Site,25.34674,34.77261,Reef; Ocean,https://www.padi.com/dive-site/egypt/abu-dabbab-1-dive-site/,25.346742445695725,34.772610432099505,0.0,PADI_coordinate_water
22760,Egypt,Abu Dabbab 4,25.34346,34.81878,Drift; Reef; Ocean,https://www.padi.com/dive-site/egypt/abu-dabbab-4/,25.34346471167118,34.81877593484461,0.0,PADI_coordinate_water
22761,Egypt,Abu Dabbab 5,25.34012,34.81627,Drift; Reef; Ocean,https://www.padi.com/dive-site/egypt/abu-dabbab-5/,25.34012293232332,34.81626644897693,0.0,PADI_coordinate_water
22764,Egypt,"Claudia Dive Site, Marsa Alam",24.22322,35.59342,Cave; Drift; Reef; Wall; Cavern; Ocean,https://www.padi.com/dive-site/egypt/claudia-dive-site-marsa-alam/,24.223219840798173,35.59342483509747,0.0,PADI_coordinate_water
22765,Egypt,Malahi Dive Site,24.22446,35.72545,Drift; Reef; Wall; Cavern; Ocean,https://www.padi.com/dive-site/egypt/malahi-dive-site/,24.22446290611213,35.72544713705588,0.0,PADI_coordinate_water
22766,Egypt,Um Halhala Divesite,25.31912,34.76783,Drift; Reef; Ocean,https://www.padi.com/dive-site/egypt/um-halhala-divesite/,25.31912085183413,34.76782616685382,0.0,PADI_coordinate_water
22767,Egypt,"Sataya Reef \Dolphin House\"" Marsa Alam Divesite""",24.16988,35.67197,Drift; Reef; Wall; Ocean,https://www.padi.com/dive-site/egypt/sataya-reef-dolphin-house-marsa-alam-divesite/,24.16987538496957,35.67197339639039,0.0,PADI_coordinate_water
22768,Egypt,"Shaab Samadai \Dolphin House\""""",24.98614,34.99913,Drift; Reef; Wall; Ocean,https://www.padi.com/dive-site/egypt/shaab-samadai-dolphin-house/,24.98614418954001,34.99913041236125,0.0,PADI_coordinate_water
22899,Egypt,Tobia Nos,26.80597,33.99432,Reef; Sandy bottom; Ocean,https://www.padi.com/dive-site/egypt/tobia-nos/,26.805974,33.994317,0.0,PADI_coordinate_water
23632,Egypt,Marsa Mubark,25.51033,34.65488,Pinnacle; Sandy bottom,https://www.padi.com/dive-site/egypt/marsa-mubark/,25.51095711517965,34.65302407485412,200,minimum_nearest_shoreline_crossing
24156,Egypt,Marsa Umm Gerifat,25.60374,34.60800,Reef; Ocean,https://www.padi.com/dive-site/egypt/marsa-umm-gerifat/,25.604340452028747,34.60611820220948,200,minimum_nearest_shoreline_crossing
24157,Egypt,Marsa Umm Gerifat South,25.60258,34.61010,Reef; Ocean,https://www.padi.com/dive-site/egypt/marsa-umm-gerifat-south/,25.603179414937568,34.60822105407716,200,minimum_nearest_shoreline_crossing
24188,Egypt,Elphinstone Reef,25.30803,34.86082,Wall,https://www.padi.com/dive-site/egypt/elphinstone-reef-2/,25.308028280231948,34.86082077026367,0.0,PADI_coordinate_water
24336,Egypt,Shaab El Erg,27.40915,33.85428,Pinnacle; Pool; Reef; Sandy bottom,https://www.padi.com/dive-site/egypt/shaab-el-erg-2/,27.409147511502745,33.85428428649903,0.0,PADI_coordinate_water
24900,Egypt,Brother Islands,26.16670,34.83330,Ocean,https://www.padi.com/dive-site/egypt/brother-islands/,26.1667,34.8333,0.0,PADI_coordinate_water
24901,Egypt,Elphinstone Reef,23.99901,35.50164,Ocean,https://www.padi.com/dive-site/egypt/elphinstone-reef-4/,24.0,35.5,200,minimum_nearest_shoreline_crossing
25163,Egypt,Marsa Shouna,25.46864,34.68297,Reef; Ocean,https://www.padi.com/dive-site/egypt/marsa-shouna/,25.46929,34.681114,200,minimum_nearest_shoreline_crossing
7328,Federated States of Micronesia,Manta Road,6.99407,158.29951,Drift,https://www.padi.com/dive-site/federated-states-of-micronesia/manta-road-2/,6.994074178759654,158.29951286315918,0.0,PADI_coordinate_water
7330,Federated States of Micronesia,Areu Passage Inner Reef Wall,6.93870,158.32080,Wall,https://www.padi.com/dive-site/federated-states-of-micronesia/areu-passage-inner-reef-wall/,6.938696103854242,158.3207988739014,0.0,PADI_coordinate_water
8143,Federated States of Micronesia,Pehleng Corner,6.86241,158.10769,Reef; Channel,https://www.padi.com/dive-site/federated-states-of-micronesia/pehleng-corner/,6.862410714759724,158.10769235424235,0.0,PADI_coordinate_water
8813,Federated States of Micronesia,Coral Gardens,7.01205,158.21094,Reef,https://www.padi.com/dive-site/federated-states-of-micronesia/coral-gardens-11/,7.012049344739082,158.2109355926514,0.0,PADI_coordinate_water
2484,Fiji,Frigates Walls,-18.44509,177.93251,Drift; Reef; Wall,https://www.padi.com/dive-site/fiji/frigates-walls/,-18.445089880393,177.93251037597656,0.0,PADI_coordinate_water
6309,Fiji,The Great White Wall,-16.77542,179.89902,Drift; Reef; Wall; Cavern; Ocean,https://www.padi.com/dive-site/fiji/the-great-white-wall-3/,-16.77542275460655,179.89901952445513,0.0,PADI_coordinate_water
7713,Fiji,Cabbage Patch,-16.76989,179.93404,Reef,https://www.padi.com/dive-site/fiji/cabbage-patch/,-16.76988972539984,179.9340391159058,0.0,PADI_coordinate_water
9944,Fiji,Turtle Head,-17.68352,177.11197,Reef; Wall,https://www.padi.com/dive-site/fiji/turtle-head/,-17.68352373473133,177.11196899414062,0.0,PADI_coordinate_water
763,France,Chez Hortense,44.63030,-1.24628,Wall,https://www.padi.com/dive-site/france/chez-hortense/,44.63128347874532,-1.2441587448120115,200,minimum_nearest_shoreline_crossing
1499,France,Pointe de la croix,42.99349,6.40256,Wall,https://www.padi.com/dive-site/france/pointe-de-la-croix/,42.9934891304376,6.402561664581299,0.0,PADI_coordinate_water
1500,France,Pointe du vaisseau,42.99562,6.40653,Wall,https://www.padi.com/dive-site/france/pointe-du-vaisseau/,42.99561574050449,6.40653133392334,0.0,PADI_coordinate_water
1501,France,Tombant de la Gabinière,42.98809,6.39642,Drift; Wall,https://www.padi.com/dive-site/france/tombant-de-la-gabiniere/,42.98808987837028,6.396424770355225,0.0,PADI_coordinate_water
1502,France,Sec de la Gabinière,42.98663,6.39467,Reef,https://www.padi.com/dive-site/france/sec-de-la-gabiniere/,42.9866301154048,6.394665241241454,0.0,PADI_coordinate_water
1503,France,Pointe de Montrémian,43.01877,6.36286,Wall,https://www.padi.com/dive-site/france/pointe-de-montremian/,43.0187682692704,6.362864971160889,0.0,PADI_coordinate_water
1547,France,Lavezzi Citta' delle cernie,41.34022,9.27800,Wall,https://www.padi.com/dive-site/france/lavezzi-citta-delle-cernie/,41.340215943707705,9.277997016906738,0.0,PADI_coordinate_water
1548,France,Lavezzi Tete' de cheval,41.33922,9.24409,Wall,https://www.padi.com/dive-site/france/lavezzi-tete-de-cheval/,41.33921708907213,9.244093894958496,0.0,PADI_coordinate_water
6714,France,Les magnons,43.07864,5.76018,Pool; Wall,https://www.padi.com/dive-site/france/les-magnons/,43.0786371856418,5.760183334350586,0.0,PADI_coordinate_water
12465,France,La calanque de Méjean,43.32774,5.22034,Wall,https://www.padi.com/dive-site/france/la-calanque-de-mejean/,43.32917310656234,5.218853676965969,200,minimum_nearest_shoreline_crossing
20863,France,Réserve Marine Banyuls-Cerbère,42.47172,3.16494,Wall,https://www.padi.com/dive-site/france/reserve-marine-banyuls-cerbere/,42.47172,3.16494,0.0,PADI_coordinate_water
21531,France,"Batéguier, petit et grand tombants",43.51986,7.03262,Wall,https://www.padi.com/dive-site/france/bateguier-petit-et-grand-tombants/,43.51986280221587,7.032623291015626,0.0,PADI_coordinate_water
21532,France,Brescou,43.26389,3.50215,Reef,https://www.padi.com/dive-site/france/brescou/,43.26389378384516,3.502149519264171,0.0,PADI_coordinate_water
21534,France,les 3 pics,43.26089,3.50966,Reef,https://www.padi.com/dive-site/france/les-3-pics/,43.26089359860573,3.509660699865345,0.0,PADI_coordinate_water
22605,France,La Vacca Nord,41.55741,9.38717,Reef,https://www.padi.com/dive-site/france/la-vacca-nord/,41.55740776889781,9.387173652648928,0.0,PADI_coordinate_water
22606,France,La Vacca Sud,41.55651,9.38649,Reef,https://www.padi.com/dive-site/france/la-vacca-sud/,41.55650859348262,9.386487007141117,0.0,PADI_coordinate_water
23273,France,L'ENFER de DANTE,43.53903,7.08215,Reef,https://www.padi.com/dive-site/france/lenfer-de-dante/,43.53902933686358,7.0821475982666025,0.0,PADI_coordinate_water
23275,France,LES ROCHES TROMPETTES,43.50464,6.95762,Wall,https://www.padi.com/dive-site/france/les-roches-trompettes/,43.50464347315934,6.95761799812317,0.0,PADI_coordinate_water
23276,France,LES 2 FRERES,43.49229,6.95195,Wall,https://www.padi.com/dive-site/france/les-2-freres/,43.49229245500038,6.951953172683717,0.0,PADI_coordinate_water
23277,France,LA ROCHE D'AURELLE,43.46019,6.92669,Wall,https://www.padi.com/dive-site/france/la-roche-daurelle/,43.46019290447959,6.926686763763429,0.0,PADI_coordinate_water
23282,France,LA FOUILLEE,43.54562,7.00902,Reef; Wall,https://www.padi.com/dive-site/france/la-fouillee/,43.54562420300339,7.00901985168457,0.0,PADI_coordinate_water
5123,French Polynesia,ANAU - Mantas Spot - BORA BORA,-16.49069,-151.71104,Channel,https://www.padi.com/dive-site/french-polynesia/anau-mantas-spot-bora-bora/,-16.490689,-151.711042,0.0,PADI_coordinate_water
25014,French Polynesia,Faufa’a,-17.53027,-149.76187,Reef; Ocean,https://www.padi.com/dive-site/french-polynesia/faufaa-2/,-17.530273420847358,-149.76186990737918,0.0,PADI_coordinate_water
25019,French Polynesia,Passe Haumi,-17.57481,-149.78798,Drift; Wall; Ocean,https://www.padi.com/dive-site/french-polynesia/passe-haumi/,-17.574811834928127,-149.78798389434817,0.0,PADI_coordinate_water
25366,French Polynesia,TICKET,-17.50230,-149.92819,Ocean,https://www.padi.com/dive-site/french-polynesia/tiki/,-17.50230089579701,-149.92818832397464,0.0,PADI_coordinate_water
25367,French Polynesia,Enden Park / Lemon Shark Valley,-17.47621,-149.85676,Wall; Ocean,https://www.padi.com/dive-site/french-polynesia/lemon-shark-valley/,-17.476213,-149.856756,0.0,PADI_coordinate_water
25368,French Polynesia,,-17.48020,-149.85609,Wall; Ocean,https://www.padi.com/dive-site/french-polynesia/turtle-reef-2/,-17.48019812266052,-149.8560903840718,0.0,PADI_coordinate_water
25370,French Polynesia,,-17.48775,-149.86766,Reef; Sandy bottom,https://www.padi.com/dive-site/french-polynesia/papetoai/,-17.487750205654745,-149.86765623092654,0.0,PADI_coordinate_water
1539,Germany,Blanck Eck,54.35760,10.86828,Beach,https://www.padi.com/dive-site/germany/blanck-eck/,54.35580600147711,10.868053436279297,200,minimum_nearest_shoreline_crossing
1542,Germany,Langholst,54.51352,9.98282,Beach,https://www.padi.com/dive-site/germany/langholst/,54.51172739131711,9.98307466506958,200,minimum_nearest_shoreline_crossing
116,Greece,Small cave,38.15857,24.06346,Wall,https://www.padi.com/dive-site/greece/small-cave/,38.15939647721454,24.061431884765625,200,minimum_nearest_shoreline_crossing
117,Greece,Psilos Kavos,38.15022,24.06426,Wall,https://www.padi.com/dive-site/greece/psilos-kavos/,38.15021749945389,24.064264297485348,0.0,PADI_coordinate_water
118,Greece,Small reef,38.15094,24.06484,Reef,https://www.padi.com/dive-site/greece/small-reef/,38.15094308570193,24.064843654632565,0.0,PADI_coordinate_water
120,Greece,Purple wall,38.16107,24.07840,Wall,https://www.padi.com/dive-site/greece/purple-wall/,38.16189349919205,24.076366424560547,200,minimum_nearest_shoreline_crossing
121,Greece,Seals cave,38.12011,24.07980,Cave; Wall,https://www.padi.com/dive-site/greece/seals-cave/,38.12010774591759,24.07979965209961,0.0,PADI_coordinate_water
124,Greece,Schinias bay,38.13863,24.03606,Beach,https://www.padi.com/dive-site/greece/schinias-bay/,38.13948472974821,24.0340518951416,200,minimum_nearest_shoreline_crossing
125,Greece,Marathon Cape,38.13348,24.05354,Wall,https://www.padi.com/dive-site/greece/marathon-cape/,38.1334763895322,24.05353546142578,0.0,PADI_coordinate_water
1365,Greece,Sterna,38.04622,22.87897,Wall,https://www.padi.com/dive-site/greece/sterna/,38.04621538961797,22.8789746761322,0.0,PADI_coordinate_water
1411,Greece,Krikri,35.20205,25.73383,Reef,https://www.padi.com/dive-site/greece/krikri/,35.202051064274755,25.733832120895386,0.0,PADI_coordinate_water
1412,Greece,"Krikri \The anchor\""""",35.20334,25.73054,Reef,https://www.padi.com/dive-site/greece/krikri-the-anchor/,35.20333977251172,25.730538368225098,0.0,PADI_coordinate_water
1413,Greece,Pleora Point,35.23233,25.74041,Reef,https://www.padi.com/dive-site/greece/pleora-point/,35.23233468264814,25.740408897399902,0.0,PADI_coordinate_water
1414,Greece,"\The Wall\""""",35.22711,25.73359,Wall,https://www.padi.com/dive-site/greece/the-wall/,35.22711145535215,25.733585357666016,0.0,PADI_coordinate_water
1415,Greece,"\Kamini\""""",35.22529,25.72947,Reef,https://www.padi.com/dive-site/greece/kamini/,35.2252885049273,25.72946548461914,0.0,PADI_coordinate_water
1528,Greece,Trigger reef,36.94355,27.16480,Reef,https://www.padi.com/dive-site/greece/trigger-reef/,36.94354670857111,27.16480135917664,0.0,PADI_coordinate_water
1576,Greece,Profitas Illias,37.75747,24.07855,Beach; Wall,https://www.padi.com/dive-site/greece/profitas-illias/,37.75853530178306,24.076720476150516,200,minimum_nearest_shoreline_crossing
1756,Greece,Graviera/ Frouros,37.09890,25.34469,Reef,https://www.padi.com/dive-site/greece/graviera-frouros/,37.09890025668861,25.34468650817871,0.0,PADI_coordinate_water
1757,Greece,Calypso,37.06703,25.31636,Reef,https://www.padi.com/dive-site/greece/calypso/,37.067026276477,25.316362380981445,0.0,PADI_coordinate_water
1759,Greece,Virgin,37.01516,25.31662,Reef,https://www.padi.com/dive-site/greece/virgin/,37.01516393067956,25.316619873046875,0.0,PADI_coordinate_water
1761,Greece,Black Rock,36.95486,25.41193,Reef,https://www.padi.com/dive-site/greece/black-rock-2/,36.954864586804895,25.411934852600098,0.0,PADI_coordinate_water
1763,Greece,Panteronisi,36.96896,25.12136,Cave,https://www.padi.com/dive-site/greece/panteronisi/,36.9689581381608,25.12135505676269,0.0,PADI_coordinate_water
1764,Greece,Amaras Reef,37.04935,25.31679,Reef,https://www.padi.com/dive-site/greece/amaras-reef/,37.04935458221809,25.316791534423828,0.0,PADI_coordinate_water
1765,Greece,St Nickolas,37.06151,25.34597,Reef,https://www.padi.com/dive-site/greece/st-nickolas/,37.06151287565745,25.34597396850586,0.0,PADI_coordinate_water
1766,Greece,Vriokastro,37.12317,25.28930,Wall,https://www.padi.com/dive-site/greece/vriokastro/,37.12317334578963,25.28930425643921,0.0,PADI_coordinate_water
1767,Greece,Trapezaki,36.96532,25.41009,Reef,https://www.padi.com/dive-site/greece/trapezaki/,36.96532355461283,25.41008949279785,0.0,PADI_coordinate_water
1768,Greece,Panagia,37.02846,25.36125,Reef,https://www.padi.com/dive-site/greece/panagia/,37.02845831745129,25.361251831054688,0.0,PADI_coordinate_water
1865,Greece,Foneas caves,36.86630,22.24299,Cave,https://www.padi.com/dive-site/greece/foneas-caves/,36.868084,22.24265,200,minimum_nearest_shoreline_crossing
1874,Greece,Triton Caverns,39.12932,23.78057,Cave,https://www.padi.com/dive-site/greece/triton-caverns/,39.129319533646,23.780572414398197,0.0,PADI_coordinate_water
1875,Greece,Mourtias Reef,39.13966,23.83265,Reef; Wall,https://www.padi.com/dive-site/greece/mourtias-reef/,39.13966377940444,23.832650184631348,0.0,PADI_coordinate_water
1876,Greece,Gorgonian Gardens,39.14323,23.81291,Wall,https://www.padi.com/dive-site/greece/gorgonian-gardens/,39.14322524361124,23.81290912628174,0.0,PADI_coordinate_water
1877,Greece,Agios Georgios Pinnacle,39.12890,23.79291,Drift; Reef,https://www.padi.com/dive-site/greece/agios-georgios-pinnacle/,39.12889507920298,23.7929105758667,0.0,PADI_coordinate_water
1878,Greece,Agios Georgios Wall,39.13218,23.79847,Wall,https://www.padi.com/dive-site/greece/agios-georgios-wall/,39.13218245365879,23.79846811294556,0.0,PADI_coordinate_water
1879,Greece,Agios Georgios Wall 2,39.13198,23.80042,Wall,https://www.padi.com/dive-site/greece/agios-georgios-wall-2/,39.131982718829896,23.8004207611084,0.0,PADI_coordinate_water
1880,Greece,Mikros Mourtias Beach,39.14228,23.84057,Beach; Wall,https://www.padi.com/dive-site/greece/mikros-mourtias-beach/,39.14220175716014,23.838261365890503,200,minimum_nearest_shoreline_crossing
1881,Greece,Votsi Wall,39.14551,23.87204,Wall,https://www.padi.com/dive-site/greece/votsi-wall/,39.1455134725002,23.87203574180603,0.0,PADI_coordinate_water
1882,Greece,Rousoum Beach,39.14806,23.87219,Beach,https://www.padi.com/dive-site/greece/rousoum-beach/,39.14798467615099,23.869879245758057,200,minimum_nearest_shoreline_crossing
1883,Greece,Nudi Rock,39.12018,23.98530,Reef; Wall,https://www.padi.com/dive-site/greece/nudi-rock/,39.12018071386805,23.985300064086918,0.0,PADI_coordinate_water
1884,Greece,Agios Petros,39.18883,23.92743,Reef,https://www.padi.com/dive-site/greece/agios-petros/,39.18882600665364,23.927428722381592,0.0,PADI_coordinate_water
1885,Greece,Blue Cave,39.24374,23.96593,Cave; Wall,https://www.padi.com/dive-site/greece/blue-cave-2/,39.24373722146051,23.96593451499939,0.0,PADI_coordinate_water
1907,Greece,Going Throught,35.41603,25.02226,Reef; Wall,https://www.padi.com/dive-site/greece/going-throught/,35.41748876433294,25.020976066589355,200,minimum_nearest_shoreline_crossing
1909,Greece,Balcony,35.41404,25.02168,Reef; Wall,https://www.padi.com/dive-site/greece/balcony-2/,35.41549522736382,25.02039670944214,200,minimum_nearest_shoreline_crossing
1910,Greece,The Anchor,35.41720,25.02293,Reef,https://www.padi.com/dive-site/greece/the-anchor-3/,35.41720022914024,25.0229287147522,0.0,PADI_coordinate_water
1911,Greece,Chimney,35.41730,25.02186,Reef; Wall,https://www.padi.com/dive-site/greece/chimney-3/,35.417296407652614,25.02185583114624,0.0,PADI_coordinate_water
1912,Greece,The Island,35.41697,25.02290,Reef; Wall,https://www.padi.com/dive-site/greece/the-island/,35.41843305410276,25.02161979675293,200,minimum_nearest_shoreline_crossing
1942,Greece,Kalithea,36.37632,28.24207,Beach,https://www.padi.com/dive-site/greece/kalithea/,36.37954694108831,28.238983154296875,454,minimum_nearest_shoreline_crossing
1944,Greece,Kolymbia,36.24230,28.16506,Beach,https://www.padi.com/dive-site/greece/kolymbia/,36.24316561280259,28.16310882568359,200,minimum_nearest_shoreline_crossing
1945,Greece,Lindos,36.08462,28.09753,Wall,https://www.padi.com/dive-site/greece/lindos/,36.08462129606931,28.0975341796875,0.0,PADI_coordinate_water
1946,Greece,Pefkos,36.05893,28.08913,Beach,https://www.padi.com/dive-site/greece/pefkos/,36.05687084084707,28.08517456054687,424,minimum_nearest_shoreline_crossing
1968,Greece,Marine Park,36.28746,27.82700,Reef,https://www.padi.com/dive-site/greece/marine-park/,36.28745625417975,27.82699584960937,0.0,PADI_coordinate_water
2005,Greece,Ladiko,36.31972,28.20741,Wall,https://www.padi.com/dive-site/greece/ladiko/,36.32057130432064,28.20544481277465,200,minimum_nearest_shoreline_crossing
2106,Greece,Avlaki Blue Flag Beach,37.86981,24.05052,Beach,https://www.padi.com/dive-site/greece/avlaki-blue-flag-beach/,37.86618078529668,24.040403366088867,977,minimum_nearest_shoreline_crossing
2107,Greece,Panorama Beach,37.86753,24.05134,Beach,https://www.padi.com/dive-site/greece/panorama-beach/,37.86349579633157,24.04014587402344,1081,minimum_nearest_shoreline_crossing
2108,Greece,Kabouri,37.86230,24.05322,Beach,https://www.padi.com/dive-site/greece/kabouri/,37.86065824110945,24.048686027526852,438,minimum_nearest_shoreline_crossing
2109,Greece,Koroni Island,37.87004,24.05010,Wall,https://www.padi.com/dive-site/greece/koroni-island/,37.87004293222994,24.05010223388672,0.0,PADI_coordinate_water
2110,Greece,Rafti Island,37.88251,24.04427,Cave,https://www.padi.com/dive-site/greece/rafti-island/,37.88250883204013,24.044265747070312,0.0,PADI_coordinate_water
2112,Greece,Praso Island,37.88231,24.02332,Wall,https://www.padi.com/dive-site/greece/praso-island/,37.88230560059138,24.023323059082028,0.0,PADI_coordinate_water
2400,Greece,Anthony Quinn Seal Cave,36.32284,28.21315,Cave,https://www.padi.com/dive-site/greece/anthony-quinn-seal-cave/,36.32284474609915,28.21314811706543,0.0,PADI_coordinate_water
2401,Greece,Psaropoula,36.45283,28.21961,Beach,https://www.padi.com/dive-site/greece/psaropoula/,36.453650224627545,28.217622041702267,200,minimum_nearest_shoreline_crossing
2429,Greece,Stiladari/Poseidon Beach/БДЖ,40.02198,23.83544,Beach; Reef; Wall,https://www.padi.com/dive-site/greece/stiladariposeidon-beach/,40.021043,23.833436,200,minimum_nearest_shoreline_crossing
2441,Greece,Pentanissos Islet,36.07443,28.09413,Cave; Drift; Wall,https://www.padi.com/dive-site/greece/pentanissos-islet/,36.07443281327515,28.094133138656613,0.0,PADI_coordinate_water
2442,Greece,St. Paul's reef and caverns,36.08659,28.09146,Cave; Beach; Reef; Channel,https://www.padi.com/dive-site/greece/st-pauls-reef-and-caverns/,36.08749984518717,28.08955192565918,200,minimum_nearest_shoreline_crossing
2443,Greece,"Great cave of Lindos \Cleobulus Tomb\""""",36.09915,28.09768,Cave; Wall,https://www.padi.com/dive-site/greece/great-cave-of-lindos-cleobulus-tomb/,36.10006191745426,28.09576392173767,200,minimum_nearest_shoreline_crossing
2579,Greece,Arzentas Canyon,37.70831,23.89434,Cave,https://www.padi.com/dive-site/greece/arzentas-canyon/,37.70830736676584,23.89434163502301,0.0,PADI_coordinate_water
2581,Greece,seal Cave,37.64635,23.93953,Cave,https://www.padi.com/dive-site/greece/seal-cave/,37.64634963511541,23.939530849456787,0.0,PADI_coordinate_water
2630,Greece,Gramvousa Island,40.70612,24.78451,Wall,https://www.padi.com/dive-site/greece/gramvousa-island/,40.70611592912309,24.784512519836422,0.0,PADI_coordinate_water
2631,Greece,Gramvousa Island South,40.70543,24.78528,Wall,https://www.padi.com/dive-site/greece/gramvousa-island-south/,40.70543274083784,24.785284996032715,0.0,PADI_coordinate_water
2632,Greece,Evangelio,40.70630,24.77922,Wall,https://www.padi.com/dive-site/greece/evangelio/,40.70523754289766,24.777302742004395,200,minimum_nearest_shoreline_crossing
2633,Greece,Pirgo,40.73422,24.78106,Wall,https://www.padi.com/dive-site/greece/pirgo/,40.7331450394645,24.77914810180664,200,minimum_nearest_shoreline_crossing
2634,Greece,Fourni,40.68740,24.78637,Wall,https://www.padi.com/dive-site/greece/fourni/,40.68634943698374,24.78444814682007,200,minimum_nearest_shoreline_crossing
2635,Greece,Kinira island,40.66189,24.78181,Wall,https://www.padi.com/dive-site/greece/kinira-island/,40.66188943992171,24.78180885314941,0.0,PADI_coordinate_water
2760,Greece,Potteries,36.94277,27.16425,Reef,https://www.padi.com/dive-site/greece/potteries/,36.942774973820825,27.164254188537598,0.0,PADI_coordinate_water
2761,Greece,Cave island,36.95579,27.16567,Reef,https://www.padi.com/dive-site/greece/cave-island/,36.955790520601525,27.16567039489746,0.0,PADI_coordinate_water
2842,Greece,House Reef - Wall,36.36006,25.40484,Beach; Reef; Wall,https://www.padi.com/dive-site/greece/house-reef-wall/,36.36129303139918,25.403223037719723,200,minimum_nearest_shoreline_crossing
2843,Greece,House Reef,36.35994,25.40501,Beach; Reef,https://www.padi.com/dive-site/greece/house-reef-2/,36.36117207308686,25.40339469909668,200,minimum_nearest_shoreline_crossing
2844,Greece,3 Rocks,36.36066,25.40227,Beach; Reef; Wall,https://www.padi.com/dive-site/greece/3-rocks/,36.36188918033461,25.40064811706543,200,minimum_nearest_shoreline_crossing
2989,Greece,Agia Marina Beach,37.80671,23.84027,Beach,https://www.padi.com/dive-site/greece/agia-marina-beach/,37.81342868089877,23.842692375183105,777,minimum_nearest_shoreline_crossing
3265,Greece,2nd gulf of vouliagmeni,37.79891,23.79055,Beach; Sandy bottom; Wall,https://www.padi.com/dive-site/greece/2nd-gulf-of-vouliagmeni/,37.800052,23.788791,200,minimum_nearest_shoreline_crossing
3395,Greece,Kalamos,38.60319,20.88741,Reef,https://www.padi.com/dive-site/greece/kalamos/,38.603188,20.887413,0.0,PADI_coordinate_water
3396,Greece,Kastos,38.57233,20.91248,Reef,https://www.padi.com/dive-site/greece/kastos/,38.572327,20.912476,0.0,PADI_coordinate_water
3481,Greece,Harry's Place,38.62894,20.72059,Wall,https://www.padi.com/dive-site/greece/harrys-place/,38.629762,20.722629,200,minimum_nearest_shoreline_crossing
3548,Greece,Nikiana Beach,38.75637,20.73598,Beach,https://www.padi.com/dive-site/greece/nikiana-beach/,38.755397,20.720751,1326,minimum_nearest_shoreline_crossing
3550,Greece,Agios Nikolaos,38.75290,20.79422,Reef; Wall,https://www.padi.com/dive-site/greece/agios-nikolaos/,38.752895,20.794222,0.0,PADI_coordinate_water
3551,Greece,Brothers,38.76491,20.82066,Reef,https://www.padi.com/dive-site/greece/brothers/,38.764909,20.820658,0.0,PADI_coordinate_water
3572,Greece,Blue Cave,38.62444,20.71740,Pinnacle; Wall,https://www.padi.com/dive-site/greece/blue-cave-3/,38.62444,20.717404,0.0,PADI_coordinate_water
3639,Greece,SKELETON - SPARTI ISLAND,38.71137,20.74077,Reef; Wall,https://www.padi.com/dive-site/greece/sparti/,38.711366,20.740771,0.0,PADI_coordinate_water
3640,Greece,HILLS - SPARTI ISLAND,38.71118,20.74124,Reef; Wall,https://www.padi.com/dive-site/greece/hills/,38.711182,20.741243,0.0,PADI_coordinate_water
3641,Greece,GARDEN - SPARTI ISLAND,38.71110,20.74036,Reef; Wall,https://www.padi.com/dive-site/greece/garden-sparti-island/,38.711099,20.740364,0.0,PADI_coordinate_water
3642,Greece,SKORPIDI,38.70286,20.74669,Reef; Wall,https://www.padi.com/dive-site/greece/skorpidi/,38.70286,20.746694,0.0,PADI_coordinate_water
3644,Greece,BLACK WATER,38.62726,20.71026,Reef; Wall,https://www.padi.com/dive-site/greece/black-water/,38.627264,20.710258,0.0,PADI_coordinate_water
3936,Greece,Elephant cave,35.46758,24.24495,Cave,https://www.padi.com/dive-site/greece/elephant-cave/,35.469164,24.243886,200,minimum_nearest_shoreline_crossing
4821,Greece,Mononaftis,35.41812,25.02183,Reef,https://www.padi.com/dive-site/greece/mononaftis/,35.418118,25.021834,0.0,PADI_coordinate_water
5714,Greece,Barracuda reef,36.61766,27.13383,Reef; Wall,https://www.padi.com/dive-site/greece/barracuda-reef-2/,36.617663,27.133827,0.0,PADI_coordinate_water
5715,Greece,The well,36.61325,27.14555,Beach; Wall,https://www.padi.com/dive-site/greece/the-well/,36.61415,27.143612,200,minimum_nearest_shoreline_crossing
5716,Greece,The Volcanic Fault,36.67695,27.14945,Wall; Cavern,https://www.padi.com/dive-site/greece/the-volcanic-fault/,36.676955,27.149448,0.0,PADI_coordinate_water
5717,Greece,Volcano bubbles,36.65713,27.13906,Reef,https://www.padi.com/dive-site/greece/volcano-bubbles/,36.657127,27.139063,0.0,PADI_coordinate_water
6460,Greece,Stingray Champagne,36.65086,27.11894,Sandy bottom,https://www.padi.com/dive-site/greece/stingray-champagne/,36.65086138598754,27.118935585021976,0.0,PADI_coordinate_water
6461,Greece,Pali corner,36.62159,27.16704,Reef; Sandy bottom; Ocean,https://www.padi.com/dive-site/greece/pali-corner/,36.621589933480166,27.16704368591309,0.0,PADI_coordinate_water
6463,Greece,Shrimp cave,36.59434,27.03727,Cave; Reef; Wall,https://www.padi.com/dive-site/greece/shrimp-cave-2/,36.59434027596866,27.037267684936527,0.0,PADI_coordinate_water
6465,Greece,Pachia ammos bulders,36.58710,27.21597,Reef; Wall,https://www.padi.com/dive-site/greece/pachia-ammos-bulders/,36.5871042364438,27.21596717834473,0.0,PADI_coordinate_water
6467,Greece,Kateros reef,36.58194,27.11855,Reef; Ocean,https://www.padi.com/dive-site/greece/kateros-reef/,36.581935221411065,27.118549346923828,0.0,PADI_coordinate_water
6511,Greece,Agios Savvas,36.61273,27.13771,Beach; Reef,https://www.padi.com/dive-site/greece/agios-savvas/,36.61362875828801,27.13576912879944,200,minimum_nearest_shoreline_crossing
6513,Greece,Strongyli island,36.67819,27.17897,Ocean,https://www.padi.com/dive-site/greece/strongyli-island/,36.67819431899474,27.17897415161133,0.0,PADI_coordinate_water
6515,Greece,Kaloutsi reef,36.63605,27.11430,Reef; Ocean,https://www.padi.com/dive-site/greece/kaloutsi-reef/,36.636054864615375,27.11430072784424,0.0,PADI_coordinate_water
8421,Greece,Explosion,35.25165,25.75878,Reef,https://www.padi.com/dive-site/greece/explosion/,35.25164718582581,25.758776664733887,0.0,PADI_coordinate_water
8454,Greece,The anchor,35.22307,25.72700,Reef,https://www.padi.com/dive-site/greece/the-anchor-4/,35.224447129379925,25.7256031036377,200,minimum_nearest_shoreline_crossing
9112,Greece,1st Cove Vouliagmeni,37.80138,23.78837,Beach,https://www.padi.com/dive-site/greece/1st-cove-vouliagmeni/,37.80251938896754,23.78661274909973,200,minimum_nearest_shoreline_crossing
9232,Greece,Taxiarxis reef,38.84396,23.16609,Drift; Reef; Wall,https://www.padi.com/dive-site/greece/taxiarxis-reef/,38.84396114827086,23.166089057922363,0.0,PADI_coordinate_water
9233,Greece,Kimasi Evia,38.81021,23.52317,Reef,https://www.padi.com/dive-site/greece/kimasi-evia/,38.81055616781834,23.520913124084476,200,minimum_nearest_shoreline_crossing
9234,Greece,Hronia's Reef,38.77901,23.27247,Reef,https://www.padi.com/dive-site/greece/hronias-reef/,38.77946330667246,23.270244598388675,200,minimum_nearest_shoreline_crossing
9294,Greece,Ilia Evia Island,38.85182,23.13187,Reef,https://www.padi.com/dive-site/greece/ilia-evia-island/,38.85219992954903,23.129621744155884,200,minimum_nearest_shoreline_crossing
9298,Greece,Limni reef 2,38.75679,23.32783,Reef,https://www.padi.com/dive-site/greece/limni-reef-2/,38.75726228627804,23.32560539245606,200,minimum_nearest_shoreline_crossing
9431,Greece,Legrena,37.66451,23.94651,Beach,https://www.padi.com/dive-site/greece/legrena/,37.6693251834516,23.94768476486206,547,minimum_nearest_shoreline_crossing
9613,Greece,Pachia reef,36.57832,27.08799,Reef; Ocean,https://www.padi.com/dive-site/greece/pachis-reef/,36.57831670494442,27.087993621826172,0.0,PADI_coordinate_water
10232,Greece,KRIKELOS,36.67192,26.97634,Drift; Reef; Wall; Ocean,https://www.padi.com/dive-site/greece/krikelos/,36.67282472525629,26.974396705627445,200,minimum_nearest_shoreline_crossing
10241,Greece,SKALA,36.71420,26.98279,Reef; Wall; Ocean,https://www.padi.com/dive-site/greece/skala/,36.71420466225791,26.982786655426025,0.0,PADI_coordinate_water
10853,Greece,Kanapitsa,39.13895,23.46890,Cave; Reef; Sandy bottom; Wall; Ocean,https://www.padi.com/dive-site/greece/kanapitsa/,39.13894813635304,23.46889972686768,0.0,PADI_coordinate_water
10854,Greece,Repio island - Dive site 1,39.14737,23.53005,Reef; Sandy bottom; Wall; Cavern; Ocean,https://www.padi.com/dive-site/greece/repio-island-dive-site-1/,39.14736896349185,23.53005409240723,0.0,PADI_coordinate_water
10857,Greece,Troulos Reef,39.13242,23.42399,Reef; Sandy bottom; Cavern; Ocean,https://www.padi.com/dive-site/greece/troulos-reef/,39.13242379915454,23.423988819122314,0.0,PADI_coordinate_water
10858,Greece,Koutseri (Diamanti),39.13857,23.43070,Beach; Sandy bottom; Ocean,https://www.padi.com/dive-site/greece/koutseri-diamanti/,39.13848213231589,23.428387641906745,200,minimum_nearest_shoreline_crossing
10859,Greece,The aquarium Small Tsougkriaki,39.12567,23.48022,Beach; Reef; Sandy bottom; Ocean,https://www.padi.com/dive-site/greece/the-aquarium-small-tsougkriaki/,39.12559922824872,23.477911949157715,200,minimum_nearest_shoreline_crossing
10860,Greece,Repi site 2,39.14692,23.52689,Wall,https://www.padi.com/dive-site/greece/repi-site-2/,39.14691965626012,23.526889085769657,0.0,PADI_coordinate_water
11128,Greece,Seagull island,35.26025,25.76021,Reef,https://www.padi.com/dive-site/greece/seagull-island/,35.26025045875587,25.760214328765876,0.0,PADI_coordinate_water
11130,Greece,Sminera,35.14966,25.84490,Reef,https://www.padi.com/dive-site/greece/sminera/,35.151038607994714,25.84349155426025,200,minimum_nearest_shoreline_crossing
11131,Greece,Ksopetres,35.15830,25.85238,Reef,https://www.padi.com/dive-site/greece/ksopetres/,35.15830172150176,25.85237503051758,0.0,PADI_coordinate_water
11132,Greece,Candia Housereef,35.21656,25.71537,Beach,https://www.padi.com/dive-site/greece/candia-housereef/,35.217952469962135,25.713973045349125,200,minimum_nearest_shoreline_crossing
11316,Greece,Mylopotas shore Reef,36.71184,25.29468,Beach; Reef,https://www.padi.com/dive-site/greece/mylopotas-shore-reef/,36.71300048642776,25.292973518371586,200,minimum_nearest_shoreline_crossing
11317,Greece,Rovies,38.83440,23.19181,Reef,https://www.padi.com/dive-site/greece/rovies/,38.83440117177975,23.19180607795716,0.0,PADI_coordinate_water
11318,Greece,Thermal Spring - Ilia Village,38.85182,23.13179,Beach; Reef,https://www.padi.com/dive-site/greece/thermal-spring-ilia-village/,38.85220400171278,23.12954127788544,200,minimum_nearest_shoreline_crossing
11319,Greece,St Nikolas,38.84083,23.09787,Reef,https://www.padi.com/dive-site/greece/st-nikolas/,38.84123692619374,23.09562206268311,200,minimum_nearest_shoreline_crossing
11320,Greece,Kimasi - Kotronia,38.81298,23.52124,Reef; Ocean,https://www.padi.com/dive-site/greece/kimasi-kotronia/,38.81332930871936,23.51898193359375,200,minimum_nearest_shoreline_crossing
11321,Greece,Sarakiniko,38.76439,23.70152,Reef; Wall; Ocean,https://www.padi.com/dive-site/greece/sarakiniko/,38.764758506539785,23.699269294738773,200,minimum_nearest_shoreline_crossing
11851,Greece,Great Wall,39.34848,22.96945,Wall,https://www.padi.com/dive-site/greece/great-wall/,39.348481995108585,22.96944558620453,0.0,PADI_coordinate_water
11858,Greece,pleora,35.23198,25.74002,Ocean,https://www.padi.com/dive-site/greece/pleora/,35.2319841410075,25.74002265930176,0.0,PADI_coordinate_water
11859,Greece,niko beach,35.19716,25.72330,Beach,https://www.padi.com/dive-site/greece/niko-beach/,35.19523898103771,25.717020034790043,610,minimum_nearest_shoreline_crossing
12002,Greece,Arches,39.39535,20.23313,Wall; Cavern; Ocean,https://www.padi.com/dive-site/greece/arches-2/,39.39534693862864,20.23312568664551,0.0,PADI_coordinate_water
12015,Greece,Vromoneri Reef,37.01632,21.61954,Beach; Reef; Sandy bottom,https://www.padi.com/dive-site/greece/vromoneri-reef/,37.01811082532312,21.61972045898437,200,minimum_nearest_shoreline_crossing
12061,Greece,Bali,37.79588,23.86599,Beach,https://www.padi.com/dive-site/greece/bali/,37.79931267051644,23.871297215345564,603,minimum_nearest_shoreline_crossing
12063,Greece,Shark's bay,37.44445,24.43100,Reef; Sandy bottom,https://www.padi.com/dive-site/greece/sharks-bay/,37.445562042439335,24.4292163848877,200,minimum_nearest_shoreline_crossing
12193,Greece,Chrousso bay,39.96209,23.68563,Beach; Reef; Wall,https://www.padi.com/dive-site/greece/chrousso-bay/,39.9611438209737,23.68363738059998,200,minimum_nearest_shoreline_crossing
12194,Greece,Porto Valitsa,39.95522,23.68552,Beach; Reef; Wall; Ocean,https://www.padi.com/dive-site/greece/valitsa-bay/,39.954277,23.68353,200,minimum_nearest_shoreline_crossing
12196,Greece,Avlaki,39.91490,23.65362,Reef; Ocean,https://www.padi.com/dive-site/greece/avlaki/,39.914904,23.653618,0.0,PADI_coordinate_water
12232,Greece,PETALO 1 DIVE SITE,40.34183,23.91329,Reef; Sandy bottom; Ocean,https://www.padi.com/dive-site/greece/petalo-1-dive-site/,40.34183406023773,23.91328811645508,0.0,PADI_coordinate_water
12252,Greece,Dias,40.33537,23.88294,Beach; Reef; Sandy bottom,https://www.padi.com/dive-site/greece/dias/,40.33424493696917,23.88110160827637,200,minimum_nearest_shoreline_crossing
12355,Greece,Voidokilia,36.96374,21.66099,Beach; Reef; Ocean,https://www.padi.com/dive-site/greece/voidokilia/,36.96552929039037,21.66113376617432,200,minimum_nearest_shoreline_crossing
12356,Greece,Skalakia,37.05481,21.57886,Reef; Sandy bottom,https://www.padi.com/dive-site/greece/skalakia/,37.05660270081279,21.57908499240876,200,minimum_nearest_shoreline_crossing
13140,Greece,Tourna Island,36.99491,25.09842,Reef,https://www.padi.com/dive-site/greece/tourna-island/,36.99490950554389,25.098416805267338,0.0,PADI_coordinate_water
16357,Greece,Maherida,35.57090,24.07130,Beach,https://www.padi.com/dive-site/greece/maherida/,35.573543799823085,24.076066024124746,523,minimum_nearest_shoreline_crossing
16392,Greece,The Wall Dive,35.55208,24.06228,Wall,https://www.padi.com/dive-site/greece/the-wall-dive/,35.5536754420198,24.061265660160466,200,minimum_nearest_shoreline_crossing
16394,Greece,Seal Cave,35.54911,24.07078,Cavern,https://www.padi.com/dive-site/greece/seal-cave-2/,35.550698909782135,24.069756750214545,200,minimum_nearest_shoreline_crossing
16395,Greece,Cathedral Cavern,35.55007,24.07202,Cavern,https://www.padi.com/dive-site/greece/cathedral-cavern-2/,35.551659093546164,24.07100156717785,200,minimum_nearest_shoreline_crossing
20326,Greece,Agios prokopios reef,37.07068,25.35205,Reef,https://www.padi.com/dive-site/greece/agios-prokopios-reef/,37.07171748830214,25.35022258758545,200,minimum_nearest_shoreline_crossing
20582,Greece,KASTRI,36.74853,26.98919,Reef,https://www.padi.com/dive-site/greece/kastri/,36.74941399963363,26.987239122390747,200,minimum_nearest_shoreline_crossing
20875,Greece,3 - ROCKS,36.74986,26.99262,Reef,https://www.padi.com/dive-site/greece/3-rocks-3/,36.75073875004245,26.990661621093757,200,minimum_nearest_shoreline_crossing
21777,Greece,Katoulia's Canyon,37.06251,21.55234,Wall,https://www.padi.com/dive-site/greece/katoulias-canyon/,37.06250600228857,21.55234336853028,0.0,PADI_coordinate_water
22101,Greece,Blue Hole,37.05313,21.54174,Wall; Cavern,https://www.padi.com/dive-site/greece/blue-hole-18/,37.05313071148288,21.54174327850342,0.0,PADI_coordinate_water
22681,Greece,Kalogria,40.16955,23.70828,Beach,https://www.padi.com/dive-site/greece/kalogria/,40.1771,23.7152,1027,minimum_nearest_shoreline_crossing
23098,Greece,Grammeno,37.06199,21.55921,Reef; Sandy bottom; Wall,https://www.padi.com/dive-site/greece/grammeno/,37.06199231772327,21.5592098236084,0.0,PADI_coordinate_water
24166,Greece,Turtle Island,37.68245,20.87450,Reef,https://www.padi.com/dive-site/greece/turtle-island-3/,37.68245330174091,20.87449513027536,0.0,PADI_coordinate_water
24167,Greece,Marathia,37.66310,20.85955,Reef; Wall; Cavern,https://www.padi.com/dive-site/greece/marathia/,37.66309997930076,20.859550206321387,0.0,PADI_coordinate_water
24168,Greece,The Arch,37.64858,20.84545,Cave; Reef; Wall; Cavern,https://www.padi.com/dive-site/greece/the-arch-7/,37.64857530418279,20.845452218888088,0.0,PADI_coordinate_water
24169,Greece,Barracuda Reef,37.65741,20.85902,Pinnacle; Reef; Ocean,https://www.padi.com/dive-site/greece/barracuda-reef-3/,37.65741361014776,20.85902451809204,0.0,PADI_coordinate_water
24194,Greece,Elephant Reef,37.64485,20.83536,Reef; Sandy bottom; Wall; Cavern; Ocean,https://www.padi.com/dive-site/greece/elephant-reef/,37.644854491727855,20.8353565844726,0.0,PADI_coordinate_water
24195,Greece,Two Columns,37.64641,20.84440,Reef; Sandy bottom; Wall; Cavern,https://www.padi.com/dive-site/greece/two-columns/,37.64640910042331,20.844395767172298,0.0,PADI_coordinate_water
24197,Greece,Pelouzo Island,37.70253,20.94639,Sandy bottom; Cavern; Ocean,https://www.padi.com/dive-site/greece/pelouzo-island/,37.702531600926015,20.946389240000723,0.0,PADI_coordinate_water
24220,Greece,Octopus Reef,37.66531,20.85939,Reef; Sandy bottom; Wall,https://www.padi.com/dive-site/greece/octopus-reef-3/,37.66530816058168,20.8593894772457,0.0,PADI_coordinate_water
24221,Greece,Big Blue,37.65318,20.85757,Reef; Ocean,https://www.padi.com/dive-site/greece/big-blue-2/,37.65317933917873,20.85756512019807,0.0,PADI_coordinate_water
24223,Greece,Drop Off,37.65182,20.85065,Reef; Sandy bottom; Wall; Ocean,https://www.padi.com/dive-site/greece/drop-off-5/,37.6518202441499,20.850645265611487,0.0,PADI_coordinate_water
24224,Greece,Keri Caves,37.64785,20.84130,Cave; Sandy bottom; Wall; Cavern,https://www.padi.com/dive-site/greece/keri-caves/,37.6478532432828,20.8413004644299,0.0,PADI_coordinate_water
24225,Greece,Little Big Rock,37.65086,20.84763,Reef; Sandy bottom; Wall,https://www.padi.com/dive-site/greece/little-big-rock/,37.65085612103282,20.84763051563603,0.0,PADI_coordinate_water
24228,Greece,White Reef,37.64511,20.83035,Cave; Reef; Sandy bottom; Wall; Cavern; Ocean,https://www.padi.com/dive-site/greece/white-reef-2/,37.64511359543664,20.83035169959989,0.0,PADI_coordinate_water
24714,Greece,Little canyon,35.41378,25.02191,Beach; Reef,https://www.padi.com/dive-site/greece/little-canyon/,35.415241659915324,25.020632743835453,200,minimum_nearest_shoreline_crossing
24716,Greece,Cave of Poseidon,35.41509,25.02229,Cave,https://www.padi.com/dive-site/greece/amphora-cave/,35.41655320707296,25.02100825309753,200,minimum_nearest_shoreline_crossing
25498,Greece,St. Nicolas Reef,36.99451,25.09826,Reef,https://www.padi.com/dive-site/greece/st-nicolas-reef/,36.994511,25.098256,0.0,PADI_coordinate_water
25499,Greece,St. Spiridonas East,37.07767,25.09401,Reef,https://www.padi.com/dive-site/greece/st-spiridonas-east/,37.077675,25.0940099,0.0,PADI_coordinate_water
25500,Greece,Paderonisi Wall 1,36.96786,25.12028,Wall,https://www.padi.com/dive-site/greece/paderonisi-wall-1/,36.9678609,25.1202832,0.0,PADI_coordinate_water
25501,Greece,Paderonisi Wall 2,36.96983,25.12429,Wall,https://www.padi.com/dive-site/greece/paderonisi-wall-2/,36.9698343,25.124287,0.0,PADI_coordinate_water
314,Grenada,Purple Rain,12.01968,-61.80067,Reef,https://www.padi.com/dive-site/grenada/purple-rain/,12.019677220971108,-61.80067062377929,0.0,PADI_coordinate_water
360,Grenada,Kahonee,12.02001,-61.78968,Reef,https://www.padi.com/dive-site/grenada/kahonee/,12.020013016555325,-61.7896842956543,0.0,PADI_coordinate_water
361,Grenada,Flamingo Bay,12.09030,-61.75922,Reef; Wall,https://www.padi.com/dive-site/grenada/flamingo-bay/,12.091653797791846,-61.758012771606445,200,minimum_nearest_shoreline_crossing
362,Grenada,Dragon Bay,12.08700,-61.76430,Reef,https://www.padi.com/dive-site/grenada/dragon-bay/,12.088338683329036,-61.76307678222656,200,minimum_nearest_shoreline_crossing
363,Grenada,Happy Valley,12.08960,-61.76176,Reef; Wall,https://www.padi.com/dive-site/grenada/happy-valley/,12.090940422199653,-61.7605447769165,200,minimum_nearest_shoreline_crossing
1459,Grenada,Sisters Rocks - Deep Blue,12.46415,-61.51897,Drift; Reef; Wall,https://www.padi.com/dive-site/grenada/sisters-rocks-deep-blue/,12.464150758706817,-61.51897430419922,0.0,PADI_coordinate_water
12948,Grenada,Sandy Island Garden,12.48665,-61.48263,Drift; Reef; Wall,https://www.padi.com/dive-site/grenada/sandy-island-garden/,12.486652166479344,-61.48262778579962,0.0,PADI_coordinate_water
1807,Guam,"Tumon bay, Guam",13.52430,144.79844,Reef,https://www.padi.com/dive-site/guam/tumon-bay-guam/,13.523470681605865,144.79680061340332,200,minimum_nearest_shoreline_crossing
4883,Guam,Gab Gab,13.44208,144.64230,Reef; Ocean,https://www.padi.com/dive-site/guam/gab-gab/,13.443063,144.64385,200,minimum_nearest_shoreline_crossing
7539,Guam,Tarzan Cave,13.41762,144.64381,Cave; Drift; Ocean,https://www.padi.com/dive-site/guam/tarzan-cave/,13.417616,144.643814,0.0,PADI_coordinate_water
7604,Guam,Octopus Reef,13.62093,144.83425,Drift,https://www.padi.com/dive-site/guam/octopus-reef-2/,13.620935,144.834252,0.0,PADI_coordinate_water
7605,Guam,The Tunnel,13.60466,144.83541,Drift,https://www.padi.com/dive-site/guam/the-tunnel-2/,13.603458,144.834032,200,minimum_nearest_shoreline_crossing
7849,Guam,Barracuda Rock,13.43253,144.63140,Cave; Drift; Reef; Sandy bottom; Ocean,https://www.padi.com/dive-site/guam/barracuda-rock/,13.433586,144.632892,200,minimum_nearest_shoreline_crossing
7852,Guam,Finger Reef,13.44389,144.63476,Drift; Reef; Ocean,https://www.padi.com/dive-site/guam/finger-reef/,13.444607,144.636448,200,minimum_nearest_shoreline_crossing
7853,Guam,Coral Gardens,13.35623,144.64136,Reef; Sandy bottom; Ocean,https://www.padi.com/dive-site/guam/coral-gardens-9/,13.3562306,144.6413566,0.0,PADI_coordinate_water
7869,Guam,Gab Gab II,13.44584,144.64394,Reef; Ocean,https://www.padi.com/dive-site/guam/gab-gab-ii/,13.445838,144.643936,0.0,PADI_coordinate_water
7870,Guam,Turtle Rock,13.41353,144.64580,Drift; Reef,https://www.padi.com/dive-site/guam/turtle-rock-3/,13.41353,144.645799,0.0,PADI_coordinate_water
7980,Guam,Amphitheater,13.46480,144.67079,Wall,https://www.padi.com/dive-site/guam/amphitheater/,13.464801,144.670795,0.0,PADI_coordinate_water
8066,Guam,Blue and White,13.46447,144.63419,Drift,https://www.padi.com/dive-site/guam/blue-and-white/,13.464472,144.63419,0.0,PADI_coordinate_water
8068,Guam,Blue Hole,13.43528,144.62477,Ocean,https://www.padi.com/dive-site/guam/blue-hole-9/,13.436143,144.62639,200,minimum_nearest_shoreline_crossing
8144,Guam,OutHouse Beach,13.46483,144.65438,Beach,https://www.padi.com/dive-site/guam/outhouse-beach/,13.463806213505434,144.65590417385104,200,minimum_nearest_shoreline_crossing
8215,Guam,Western Shoals,13.45275,144.65401,Reef,https://www.padi.com/dive-site/guam/western-shoals/,13.452746,144.654007,0.0,PADI_coordinate_water
8217,Guam,Hap's Reef,13.39417,144.65367,Reef,https://www.padi.com/dive-site/guam/haps-reef/,13.394167,144.653667,0.0,PADI_coordinate_water
8768,Guam,Fish Eye,13.47292,144.70538,Beach,https://www.padi.com/dive-site/guam/fish-eye/,13.472236718833004,144.70366895198825,200,minimum_nearest_shoreline_crossing
1123,Honduras,Cara-a-Cara Marco's Place Shark Dive,16.30432,-86.50532,Reef,https://www.padi.com/dive-site/honduras/cara-a-cara-marcos-place-shark-dive/,16.304323337114724,-86.50531768798828,0.0,PADI_coordinate_water
4679,Honduras,Front Porch,16.33375,-86.57372,Sandy bottom,https://www.padi.com/dive-site/honduras/front-porch/,16.332021,-86.57321,200,minimum_nearest_shoreline_crossing
9117,Honduras,Mandy's Eel Garden,16.27247,-86.60213,Reef,https://www.padi.com/dive-site/honduras/mandys-eel-garden/,16.272472,-86.602129,0.0,PADI_coordinate_water
9484,Honduras,The Cave,16.27983,-86.58368,Cave; Wall,https://www.padi.com/dive-site/honduras/the-cave/,16.2798279,-86.5836806,0.0,PADI_coordinate_water
9517,Honduras,Texas/Pablo's Place,16.26561,-86.60327,Drift; Wall,https://www.padi.com/dive-site/honduras/texaspablos-place/,16.2656102,-86.6032685,0.0,PADI_coordinate_water
9518,Honduras,West End Wall,16.27033,-86.60288,Drift; Reef; Wall,https://www.padi.com/dive-site/honduras/west-end-wall/,16.27033,-86.602877,0.0,PADI_coordinate_water
9519,Honduras,Butcher's Bank,16.27861,-86.60422,Reef; Sandy bottom,https://www.padi.com/dive-site/honduras/butchers-bank/,16.2786067,-86.6042216,0.0,PADI_coordinate_water
9521,Honduras,Hole In The Wall,16.31556,-86.59233,Reef; Wall; Cavern,https://www.padi.com/dive-site/honduras/hole-in-the-wall-4/,16.3138371,-86.5917933,200,minimum_nearest_shoreline_crossing
10895,Honduras,Sting Ray Point,16.06922,-86.95516,Reef; Wall; Ocean,https://www.padi.com/dive-site/honduras/sting-ray-point/,16.069215440794466,-86.95515632629396,0.0,PADI_coordinate_water
14643,Honduras,Overheat Reef,16.32510,-86.58346,Reef; Wall,https://www.padi.com/dive-site/honduras/overheat-reef/,16.3233846,-86.5829402,200,minimum_nearest_shoreline_crossing
14873,Honduras,Green Pearl,16.33664,-86.57188,Reef; Wall,https://www.padi.com/dive-site/honduras/green-pearl/,16.334912,-86.571379,200,minimum_nearest_shoreline_crossing
14888,Honduras,West End Wall,16.26903,-86.60318,Drift; Reef,https://www.padi.com/dive-site/honduras/west-end-wall-2/,16.2690328,-86.6031793,0.0,PADI_coordinate_water
15164,Honduras,Jack Neil Beach,16.07776,-86.93957,Beach; Reef; Sandy bottom; Wall; Ocean,https://www.padi.com/dive-site/honduras/jack-neil-beach/,16.076331234175882,-86.93844082171617,200,minimum_nearest_shoreline_crossing
15167,Honduras,Moon Hole,16.08499,-86.89334,Sandy bottom; Ocean,https://www.padi.com/dive-site/honduras/moon-hole/,16.084991,-86.893337,0.0,PADI_coordinate_water
15235,Honduras,Canyon Reef,16.31691,-86.59102,Drift; Reef,https://www.padi.com/dive-site/honduras/canyon-reef-2/,16.3151943,-86.5904758,200,minimum_nearest_shoreline_crossing
15236,Honduras,Bear's Den,16.33854,-86.56936,Cave; Drift; Reef; Sandy bottom; Channel,https://www.padi.com/dive-site/honduras/bears-den/,16.3368125,-86.5688637,200,minimum_nearest_shoreline_crossing
15261,Honduras,Melissa's Reef,16.32401,-86.58481,Reef; Wall,https://www.padi.com/dive-site/honduras/melissas-reef/,16.3222911,-86.5842845,200,minimum_nearest_shoreline_crossing
15262,Honduras,Pillar Coral,16.32801,-86.58138,Reef; Wall,https://www.padi.com/dive-site/honduras/pillar-coral/,16.3262758,-86.5808595,200,minimum_nearest_shoreline_crossing
15271,Honduras,Black Coral Wall,16.08361,-86.91707,Reef; Sandy bottom; Wall; Ocean,https://www.padi.com/dive-site/honduras/black-coral-wall/,16.083609445714526,-86.91706868324458,0.0,PADI_coordinate_water
21166,Honduras,Little Bight,16.08116,-86.93103,Beach; Reef; Sandy bottom; Wall; Ocean,https://www.padi.com/dive-site/honduras/little-bite/,16.07972295514824,-86.9299113200382,200,minimum_nearest_shoreline_crossing
21186,Honduras,Blue Channel,16.29978,-86.60020,Reef; Sandy bottom; Channel,https://www.padi.com/dive-site/honduras/blue-channel/,16.299779,-86.600198,0.0,PADI_coordinate_water
23991,Honduras,Mary's Place,16.33766,-86.46859,Reef,https://www.padi.com/dive-site/honduras/marys-place-2/,16.3376598,-86.4685934,0.0,PADI_coordinate_water
1407,Iceland,Garður,64.07413,-22.64812,Beach,https://www.padi.com/dive-site/iceland/garur/,64.07501407072316,-22.64453887939453,200,minimum_nearest_shoreline_crossing
3056,Iceland,Óttarstaðavegur,64.04578,-22.06221,Beach,https://www.padi.com/dive-site/iceland/ottarstaavegur/,64.046797,-22.058829,200,minimum_nearest_shoreline_crossing
5967,Iceland,Bjarnagjá,63.82646,-22.47799,Channel,https://www.padi.com/dive-site/iceland/bjarnagja/,63.827525,-22.474723,200,minimum_nearest_shoreline_crossing
1064,India,Neil's Rock,9.66709,76.20735,Drift,https://www.padi.com/dive-site/india/neils-rock/,9.667092188303734,76.20735168457031,0.0,PADI_coordinate_water
5155,India,The Wall,12.05968,92.96043,Reef; Wall,https://www.padi.com/dive-site/india/the-wall-5/,12.059676,92.960429,0.0,PADI_coordinate_water
5170,India,Dixon's Pinnacle,11.92782,93.09815,Pinnacle; Reef,https://www.padi.com/dive-site/india/dixons-pinnacle/,11.927821,93.098145,0.0,PADI_coordinate_water
6650,India,Pilot Reef,12.02440,93.04173,Reef; Sandy bottom; Ocean,https://www.padi.com/dive-site/india/pilot-reef/,12.0244,93.041733,0.0,PADI_coordinate_water
6662,India,White House Rock,12.02187,92.80105,Reef; Wall; Ocean,https://www.padi.com/dive-site/india/white-house-rock/,12.021867,92.80105,0.0,PADI_coordinate_water
6691,India,Jackson's Bar,12.12313,93.16103,Reef; Sandy bottom; Ocean,https://www.padi.com/dive-site/india/jacksons-bar/,12.123133,93.161033,0.0,PADI_coordinate_water
6704,India,Johnny's Gorge,12.06420,93.15697,Reef; Sandy bottom; Ocean,https://www.padi.com/dive-site/india/johnnys-gorge-2/,12.0642,93.156967,0.0,PADI_coordinate_water
6706,India,Broken Ledge,12.11378,93.14525,Reef; Sandy bottom; Ocean,https://www.padi.com/dive-site/india/broken-ledge/,12.113783,93.14525,0.0,PADI_coordinate_water
6707,India,Minerva Ledge,12.06337,93.15197,Drift; Reef; Sandy bottom; Ocean,https://www.padi.com/dive-site/india/minerva-ledge/,12.063367,93.151967,0.0,PADI_coordinate_water
6758,India,Aquarium,11.99144,92.92991,Beach; Reef; Sandy bottom; Ocean,https://www.padi.com/dive-site/india/aquarium-6/,11.99240351652385,92.92835672051298,200,minimum_nearest_shoreline_crossing
6759,India,Slope,12.05775,92.96082,Reef; Sandy bottom; Ocean,https://www.padi.com/dive-site/india/slope/,12.057750086652046,92.96082216565992,0.0,PADI_coordinate_water
7494,India,Nemo Reef,12.03769,92.98820,Beach; Reef; Sandy bottom; Channel; Ocean,https://www.padi.com/dive-site/india/nemo-reef-2/,12.038639,92.98664,200,minimum_nearest_shoreline_crossing
7562,India,NIVATI ROCK LIGHT HOUSE,15.88974,73.46232,Reef; Sandy bottom,https://www.padi.com/dive-site/india/nivati-rock-light-house/,15.889741,73.462315,0.0,PADI_coordinate_water
8771,India,Kovalam Beach,8.39300,76.97132,Beach; Sandy bottom; Ocean,https://www.padi.com/dive-site/india/kovalam-beach/,8.394765976250813,76.97160959243776,200,minimum_nearest_shoreline_crossing
9010,India,Halcyon,8.39149,76.97035,Cave; Drift; Sea Loch; Channel,https://www.padi.com/dive-site/india/halcyon-2/,8.393264171094026,76.97063863277437,200,minimum_nearest_shoreline_crossing
9068,India,KOVALAM,8.39406,76.97177,Ocean,https://www.padi.com/dive-site/india/kovalam-2/,8.395832732414577,76.97206020355226,200,minimum_nearest_shoreline_crossing
9069,India,Kovalam Leo Rock,8.39241,76.97005,Beach; Ocean,https://www.padi.com/dive-site/india/kovalam-leo-rock/,8.394176967559197,76.97034358978273,200,minimum_nearest_shoreline_crossing
9243,India,Turtle Beach,12.00669,92.94200,Beach; Reef; Sandy bottom; Ocean,https://www.padi.com/dive-site/india/turtle/,12.00765174202636,92.94044421461878,200,minimum_nearest_shoreline_crossing
10038,India,Wall of wonder,10.57940,72.64091,Wall,https://www.padi.com/dive-site/india/wall-of-wonder/,10.579400846144994,72.6409149169922,0.0,PADI_coordinate_water
11473,India,Turtle Beach,12.00596,92.93963,Beach; Reef; Sandy bottom; Ocean,https://www.padi.com/dive-site/india/turtle-beach/,12.0069166783773,92.93807136549584,200,minimum_nearest_shoreline_crossing
12966,India,Shelter cove,15.35064,73.78342,Beach; Sandy bottom; Wall; Channel; Ocean,https://www.padi.com/dive-site/india/shelter-cove/,15.351936580290568,73.78470540046693,200,minimum_nearest_shoreline_crossing
12967,India,Bounty Bay,15.35453,73.77941,Reef; Ocean,https://www.padi.com/dive-site/india/bounty-bay/,15.35583181591529,73.78070354461671,200,minimum_nearest_shoreline_crossing
12968,India,Sail Rock,15.34942,73.76422,Pinnacle; Reef; Ocean,https://www.padi.com/dive-site/india/sail-rock-6/,15.349417312158488,73.76422405242921,0.0,PADI_coordinate_water
12969,India,Turbo Tunnel,15.34987,73.78126,Channel; Ocean,https://www.padi.com/dive-site/india/turbo-tunnel/,15.349872541505135,73.78126144409181,0.0,PADI_coordinate_water
13203,India,Red Light House,12.04791,92.98416,Reef; Sandy bottom; Ocean,https://www.padi.com/dive-site/india/red-light-house/,12.047906711947803,92.9841622773529,0.0,PADI_coordinate_water
13206,India,Tribe Gate,12.03893,93.00730,Reef; Sandy bottom; Ocean,https://www.padi.com/dive-site/india/oval-reef/,12.038933,93.007304,0.0,PADI_coordinate_water
13799,India,Ravines,11.81333,79.92861,Reef; Sandy bottom,https://www.padi.com/dive-site/india/ravines/,11.813333333333334,79.92861111111111,0.0,PADI_coordinate_water
13966,India,Kovalam,8.39453,76.97198,Ocean,https://www.padi.com/dive-site/india/kovalam/,8.3963,76.972275,200,minimum_nearest_shoreline_crossing
20316,India,Puffer Paradise,8.39356,76.97104,Sandy bottom; Sea Loch,https://www.padi.com/dive-site/india/puffer-paradise/,8.395334,76.971331,200,minimum_nearest_shoreline_crossing
21782,India,Net Cave,11.92306,80.03611,Reef; Sandy bottom,https://www.padi.com/dive-site/india/net-cave/,11.923055555555557,80.03611111111111,0.0,PADI_coordinate_water
23822,India,YANI Shark Agatti,10.87759,72.16122,Cave; Reef; Wall,https://www.padi.com/dive-site/india/yani-shark-agatti/,10.877591338743452,72.16121515554372,0.0,PADI_coordinate_water
24284,India,Suriya's Hideout,17.84725,83.46861,Drift; Reef; Sandy bottom; Ocean,https://www.padi.com/dive-site/india/suriyas-hideout/,17.84725,83.46861111111112,0.0,PADI_coordinate_water
24338,India,Turtle Beach,12.00936,92.94255,Beach; Reef; Sandy bottom,https://www.padi.com/dive-site/india/turtle-beach-2/,12.010316750467911,92.94098854064944,200,minimum_nearest_shoreline_crossing
648,Indonesia,"Genteng Kecil House Reef, Pulau Seribu, Jakarta",-5.62467,106.54657,Beach; Reef; Channel,https://www.padi.com/dive-site/indonesia/genteng-kecil-house-reef-pulau-seribu-jakarta/,-5.623684129764767,106.54808163642883,200,minimum_nearest_shoreline_crossing
649,Indonesia,"Genteng Kecil Reef 1, Pulau Seribu, Jakarta",-5.62446,106.54923,Reef,https://www.padi.com/dive-site/indonesia/genteng-kecil-reef-1-pulau-seribu-jakarta/,-5.6244635646916015,106.5492296218872,0.0,PADI_coordinate_water
650,Indonesia,"Genteng Kecil, West Reef, Pulau Seribu, Jakarta",-5.62478,106.54105,Reef,https://www.padi.com/dive-site/indonesia/genteng-kecil-west-reef-pulau-seribu-jakarta/,-5.624783880112227,106.5410542488098,0.0,PADI_coordinate_water
651,Indonesia,"Bunder 1, Pulau Seribu, Jakarta",-5.62812,106.57409,Reef,https://www.padi.com/dive-site/indonesia/bunder-1-pulau-seribu-jakarta/,-5.628115150029902,106.57408833503725,0.0,PADI_coordinate_water
652,Indonesia,"Bunder 2, Pulau Seribu, Jakarta",-5.62757,106.57045,Reef,https://www.padi.com/dive-site/indonesia/bunder-2-pulau-seribu-jakarta/,-5.627570616828814,106.57045125961304,0.0,PADI_coordinate_water
653,Indonesia,"Matahari Reef, Pulau Seribu, Jakarta",-5.60702,106.54189,Reef,https://www.padi.com/dive-site/indonesia/matahari-reef-pulau-seribu-jakarta/,-5.6070167853222594,106.54189109802245,0.0,PADI_coordinate_water
674,Indonesia,"Pulau Genteng Besar, Pulau Seribu, Jakarta",-5.61705,106.54846,Reef,https://www.padi.com/dive-site/indonesia/pulau-genteng-besar-pulau-seribu-jakarta/,-5.617053552086579,106.54845714569092,0.0,PADI_coordinate_water
677,Indonesia,"Bintang Reef, Pulau Seribu, Jakarta",-5.58626,106.54138,Reef,https://www.padi.com/dive-site/indonesia/bintang-reef-pulau-seribu-jakarta/,-5.586259350188154,106.5413761138916,0.0,PADI_coordinate_water
809,Indonesia,Gili Mimpang,-8.53426,115.56808,Reef; Wall,https://www.padi.com/dive-site/indonesia/gili-mimpang/,-8.53426,115.568079,0.0,PADI_coordinate_water
884,Indonesia,Hans Reef,-8.34824,116.08704,Reef,https://www.padi.com/dive-site/indonesia/hans-reef/,-8.348237296183255,116.0870361328125,0.0,PADI_coordinate_water
1079,Indonesia,Black Rock,1.53515,124.83139,Reef,https://www.padi.com/dive-site/indonesia/black-rock/,1.5347802684655714,124.82963204383849,200,minimum_nearest_shoreline_crossing
1081,Indonesia,Timur,1.60414,124.78512,Reef; Wall,https://www.padi.com/dive-site/indonesia/timur/,1.6041376182921323,124.78511810302732,0.0,PADI_coordinate_water
1084,Indonesia,"Lekuan 1, 2, 3",1.59822,124.76752,Reef; Wall,https://www.padi.com/dive-site/indonesia/lekuan-1-2-3/,1.5982176132123678,124.76752281188966,0.0,PADI_coordinate_water
1087,Indonesia,Sahaung Point,1.74116,125.16386,Drift; Reef,https://www.padi.com/dive-site/indonesia/sahaung-point/,1.7411615141690082,125.16385674476622,0.0,PADI_coordinate_water
1088,Indonesia,Batu Mandi,1.68780,125.16213,Drift; Reef,https://www.padi.com/dive-site/indonesia/batu-mandi/,1.687798727446141,125.16212940216066,0.0,PADI_coordinate_water
1089,Indonesia,City Extra,1.44165,124.74351,Reef,https://www.padi.com/dive-site/indonesia/city-extra/,1.4412885537760352,124.74175214767456,200,minimum_nearest_shoreline_crossing
1090,Indonesia,Critter Circus,1.41932,124.70289,Reef,https://www.padi.com/dive-site/indonesia/critter-circus/,1.4193227437483662,124.70289230346678,0.0,PADI_coordinate_water
1217,Indonesia,Siladen Jetty,1.62765,124.79971,Drift; Wall,https://www.padi.com/dive-site/indonesia/siladen-jetty/,1.6276458745727451,124.79970932006836,0.0,PADI_coordinate_water
1510,Indonesia,Blue Lagoon,-8.53090,115.51452,Beach; Reef,https://www.padi.com/dive-site/indonesia/blue-lagoon/,-8.52914,115.514163,200,minimum_nearest_shoreline_crossing
1572,Indonesia,Tatawa besar,-8.51011,119.63841,Drift,https://www.padi.com/dive-site/indonesia/tatawa-besar/,-8.510105821120368,119.638409614563,0.0,PADI_coordinate_water
1574,Indonesia,Amed,-8.33751,115.65961,Reef; Wall,https://www.padi.com/dive-site/indonesia/amed-2/,-8.337508,115.65961,0.0,PADI_coordinate_water
1662,Indonesia,"Tulamben Area (Seraya, Sidem)",-8.28652,115.60551,Beach,https://www.padi.com/dive-site/indonesia/tulamben-area-seraya-sidem/,-8.284774,115.605122,200,minimum_nearest_shoreline_crossing
1681,Indonesia,Mangrove,-8.66138,115.46502,Drift; Reef,https://www.padi.com/dive-site/indonesia/mangrove/,-8.661384467320804,115.46502113342284,0.0,PADI_coordinate_water
1686,Indonesia,Mawan,-8.55539,119.63253,Drift; Reef,https://www.padi.com/dive-site/indonesia/mawan/,-8.555389645336124,119.63253021240234,0.0,PADI_coordinate_water
1697,Indonesia,Drop Off,-8.27954,115.59690,Beach; Reef; Wall,https://www.padi.com/dive-site/indonesia/drop-off-3/,-8.277788808551643,115.59651374816896,200,minimum_nearest_shoreline_crossing
1735,Indonesia,Menjangan Island,-8.09660,114.51103,Reef; Wall,https://www.padi.com/dive-site/indonesia/menjangan-island/,-8.096598,114.511034,0.0,PADI_coordinate_water
1736,Indonesia,Secret Bay,-8.15791,114.45391,Reef,https://www.padi.com/dive-site/indonesia/secret-bay/,-8.156125,114.453785,200,minimum_nearest_shoreline_crossing
1738,Indonesia,Gili Selang,-8.39887,115.71179,Drift; Reef,https://www.padi.com/dive-site/indonesia/gili-selang/,-8.39887,115.711795,0.0,PADI_coordinate_water
1739,Indonesia,Gili Tepekong,-8.56110,115.59679,Reef; Wall,https://www.padi.com/dive-site/indonesia/gili-tepekong-2/,-8.561099,115.596792,0.0,PADI_coordinate_water
1822,Indonesia,Crystal Bay,-8.71723,115.45661,Reef,https://www.padi.com/dive-site/indonesia/crystal-bay-2/,-8.71547361874814,115.45626640319824,200,minimum_nearest_shoreline_crossing
1824,Indonesia,Toyapakeh,-8.68277,115.48176,Drift,https://www.padi.com/dive-site/indonesia/toyapakeh-2/,-8.682766523117294,115.48175811767578,0.0,PADI_coordinate_water
1825,Indonesia,Gamat Bay,-8.70239,115.46826,Wall,https://www.padi.com/dive-site/indonesia/gamat-bay/,-8.700626393750825,115.46791791915894,200,minimum_nearest_shoreline_crossing
1826,Indonesia,Ped,-8.67614,115.51535,Drift,https://www.padi.com/dive-site/indonesia/ped/,-8.674377181041217,115.51498532295226,200,minimum_nearest_shoreline_crossing
1828,Indonesia,Sental,-8.67664,115.52804,Drift,https://www.padi.com/dive-site/indonesia/sental/,-8.674875668046793,115.52767753601071,200,minimum_nearest_shoreline_crossing
1829,Indonesia,Buyuk,-8.67511,115.54134,Drift,https://www.padi.com/dive-site/indonesia/buyuk/,-8.673348386618674,115.5409812927246,200,minimum_nearest_shoreline_crossing
1830,Indonesia,Tugu,-8.67004,115.55386,Drift,https://www.padi.com/dive-site/indonesia/tugu/,-8.670039255554194,115.55385589599608,0.0,PADI_coordinate_water
1831,Indonesia,Ceningan Wall,-8.70975,115.44725,Wall,https://www.padi.com/dive-site/indonesia/ceningan-wall-2/,-8.709746901780562,115.4472541809082,0.0,PADI_coordinate_water
1832,Indonesia,Amok,-8.70758,115.46092,Wall,https://www.padi.com/dive-site/indonesia/amok/,-8.707583452546956,115.46092271804808,0.0,PADI_coordinate_water
1833,Indonesia,Batu Bolong,-8.77187,115.48386,Wall,https://www.padi.com/dive-site/indonesia/batu-bolong-2/,-8.771866480008995,115.48386096954346,0.0,PADI_coordinate_water
1983,Indonesia,Manta Point,-8.55047,119.59923,Drift,https://www.padi.com/dive-site/indonesia/manta-point-4/,-8.55046682824691,119.59922790527342,0.0,PADI_coordinate_water
1984,Indonesia,Crystal Rock,-8.43903,119.56660,Reef,https://www.padi.com/dive-site/indonesia/crystal-rock/,-8.439028713294062,119.56660151481628,0.0,PADI_coordinate_water
1985,Indonesia,Cauldron,-8.45828,119.56112,Drift; Reef; Channel,https://www.padi.com/dive-site/indonesia/cauldron/,-8.45827961757232,119.56111907958984,0.0,PADI_coordinate_water
1986,Indonesia,Castle Rock,-8.42890,119.56284,Reef,https://www.padi.com/dive-site/indonesia/castle-rock/,-8.42890409287538,119.56283569335938,0.0,PADI_coordinate_water
1987,Indonesia,Pengah Kecil,-8.57715,119.68050,Reef,https://www.padi.com/dive-site/indonesia/pengah-kecil/,-8.577149007275645,119.6804988384247,0.0,PADI_coordinate_water
1988,Indonesia,Wae Nilu,-8.62868,119.70763,Beach,https://www.padi.com/dive-site/indonesia/wae-nilu/,-8.627230052480156,119.70655918121336,200,minimum_nearest_shoreline_crossing
1989,Indonesia,Siaba Kecil,-8.54122,119.64377,Drift; Channel,https://www.padi.com/dive-site/indonesia/siaba-kecil/,-8.541215155135395,119.64377403259276,0.0,PADI_coordinate_water
1990,Indonesia,Sebayur Kecil,-8.50989,119.70348,Reef; Wall,https://www.padi.com/dive-site/indonesia/sebayur-kecil/,-8.508450546909845,119.70239639282228,200,minimum_nearest_shoreline_crossing
2129,Indonesia,Temple Wall,-8.12906,114.64493,Reef; Wall,https://www.padi.com/dive-site/indonesia/temple-wall/,-8.129058361247802,114.64493036270142,0.0,PADI_coordinate_water
2136,Indonesia,Blue moon,-8.35908,115.69638,Drift; Wall,https://www.padi.com/dive-site/indonesia/blue-moon/,-8.357334375681413,115.69597005844116,200,minimum_nearest_shoreline_crossing
2138,Indonesia,Melasti,-8.32827,115.64406,Beach,https://www.padi.com/dive-site/indonesia/melasti/,-8.3333121069707,115.64162850379944,622,minimum_nearest_shoreline_crossing
2291,Indonesia,Gili Medas,-8.91424,116.29286,Reef,https://www.padi.com/dive-site/indonesia/gili-medas/,-8.914241953259507,116.2928581237793,0.0,PADI_coordinate_water
2292,Indonesia,Gili Sarang,-8.89762,116.04888,Reef,https://www.padi.com/dive-site/indonesia/gili-sarang/,-8.897621956877753,116.04888439178468,0.0,PADI_coordinate_water
2293,Indonesia,Magnet,-8.90916,116.00713,Wall,https://www.padi.com/dive-site/indonesia/magnet/,-8.90741597474359,116.0066771507263,200,minimum_nearest_shoreline_crossing
2294,Indonesia,Pink Beach,-8.85286,116.57923,Drift; Reef,https://www.padi.com/dive-site/indonesia/pink-beach/,-8.851149802786706,116.57867431640624,200,minimum_nearest_shoreline_crossing
2418,Indonesia,Pasir Putih Situbondo,-7.69260,113.82950,Beach,https://www.padi.com/dive-site/indonesia/pasir-putih-situbondo/,-7.690804,113.829516,200,minimum_nearest_shoreline_crossing
2421,Indonesia,Hidden Reef,-8.34764,116.06489,Drift; Reef,https://www.padi.com/dive-site/indonesia/hidden-reef/,-8.347642847202344,116.06489181518552,0.0,PADI_coordinate_water
2592,Indonesia,Golden Rock,-8.37480,115.70917,Drift; Reef; Wall,https://www.padi.com/dive-site/indonesia/golden-rock/,-8.374795502983227,115.70916652679442,0.0,PADI_coordinate_water
2798,Indonesia,Close Encounter,-8.12846,114.66596,Reef; Wall,https://www.padi.com/dive-site/indonesia/close-encounter/,-8.128457,114.665965,0.0,PADI_coordinate_water
2801,Indonesia,BioRock,-8.14363,114.65481,Beach; Reef,https://www.padi.com/dive-site/indonesia/biorock/,-8.141839,114.65463,200,minimum_nearest_shoreline_crossing
2802,Indonesia,Deep Reef,-8.13498,114.66417,Reef,https://www.padi.com/dive-site/indonesia/deep-reef/,-8.134978,114.664166,0.0,PADI_coordinate_water
2840,Indonesia,Batu Gosoh,1.80005,125.18904,Cave; Drift; Reef; Wall,https://www.padi.com/dive-site/indonesia/batu-gosoh/,1.8000454225054332,125.18903732299805,0.0,PADI_coordinate_water
2841,Indonesia,Tanjung Husi,1.73626,125.15179,Drift; Reef,https://www.padi.com/dive-site/indonesia/tanjung-husi/,1.7362606935253568,125.15178680419922,0.0,PADI_coordinate_water
2973,Indonesia,PMG (Pura Mas Gading),-8.66826,115.53497,Drift; Reef,https://www.padi.com/dive-site/indonesia/pmg-pura-mas-gading/,-8.668257403678314,115.53497314453126,0.0,PADI_coordinate_water
2974,Indonesia,Semaya,-8.72018,115.60295,Drift; Reef,https://www.padi.com/dive-site/indonesia/semaya/,-8.72018218696944,115.60295104980467,0.0,PADI_coordinate_water
2975,Indonesia,Karang Sari,-8.70355,115.59437,Drift; Reef,https://www.padi.com/dive-site/indonesia/karang-sari/,-8.703553464735268,115.59436798095705,0.0,PADI_coordinate_water
2976,Indonesia,Batu Nunggul,-8.68387,115.58613,Drift; Reef,https://www.padi.com/dive-site/indonesia/batu-nunggul/,-8.68386953265192,115.58612823486328,0.0,PADI_coordinate_water
2983,Indonesia,Labyrinth,-8.78981,115.52022,Reef,https://www.padi.com/dive-site/indonesia/labyrinth-2/,-8.788046831656626,115.5198669433594,200,minimum_nearest_shoreline_crossing
3275,Indonesia,Bunutan,-8.34597,115.67741,Beach; Drift; Reef; Sandy bottom,https://www.padi.com/dive-site/indonesia/bunutan/,-8.344225,115.677001,200,minimum_nearest_shoreline_crossing
3276,Indonesia,Jemeluk Wall,-8.33946,115.66107,Beach; Wall,https://www.padi.com/dive-site/indonesia/jemeluk-wall/,-8.337707,115.660672,200,minimum_nearest_shoreline_crossing
3288,Indonesia,Sunset Reef,-8.35919,116.02833,Reef,https://www.padi.com/dive-site/indonesia/sunset-reef-2/,-8.359192,116.028328,0.0,PADI_coordinate_water
3309,Indonesia,Batu Belah,-8.33516,116.06197,Drift; Pinnacle; Reef; Sandy bottom; Ocean,https://www.padi.com/dive-site/indonesia/batu-belah/,-8.335159,116.061974,0.0,PADI_coordinate_water
3648,Indonesia,Mangrove point,-8.65841,115.45223,Drift; Reef,https://www.padi.com/dive-site/indonesia/mangrove-point/,-8.658415,115.452232,0.0,PADI_coordinate_water
3649,Indonesia,Blue Corner,-8.66128,115.44247,Drift; Wall,https://www.padi.com/dive-site/indonesia/blue-corner/,-8.661278,115.442469,0.0,PADI_coordinate_water
3803,Indonesia,Lipah Bay,-8.35196,115.68458,Beach; Reef,https://www.padi.com/dive-site/indonesia/lipah-bay/,-8.350212,115.684168,200,minimum_nearest_shoreline_crossing
3877,Indonesia,Melissa's Garden,-0.58986,130.31518,Pinnacle; Reef; Ocean,https://www.padi.com/dive-site/indonesia/melissas-garden/,-0.589861,130.315179,0.0,PADI_coordinate_water
3878,Indonesia,Mike's Point,-0.51556,130.67363,Reef; Ocean,https://www.padi.com/dive-site/indonesia/mikes-point-2/,-0.515557,130.673629,0.0,PADI_coordinate_water
3879,Indonesia,Batu Lima,-0.45023,130.69769,Reef,https://www.padi.com/dive-site/indonesia/batu-lima/,-0.450231,130.697694,0.0,PADI_coordinate_water
3886,Indonesia,Yenbuba Jetty,-0.56943,130.65813,Reef; Ocean,https://www.padi.com/dive-site/indonesia/yenbuba-jetty/,-0.569434,130.658126,0.0,PADI_coordinate_water
3887,Indonesia,Cape Kri,-0.55627,130.69074,Reef; Ocean,https://www.padi.com/dive-site/indonesia/cape-kri/,-0.556271,130.690742,0.0,PADI_coordinate_water
3891,Indonesia,Friwen Wall,-0.47590,130.69746,Wall; Ocean,https://www.padi.com/dive-site/indonesia/friwen-wall/,-0.475904,130.697458,0.0,PADI_coordinate_water
3892,Indonesia,Saonek Monde,-0.44875,130.80105,Reef; Sandy bottom; Ocean,https://www.padi.com/dive-site/indonesia/saonek-monde/,-0.44875,130.801055,0.0,PADI_coordinate_water
3893,Indonesia,Lau Lau Reef,-0.49997,130.72162,Pinnacle; Reef; Sandy bottom; Ocean,https://www.padi.com/dive-site/indonesia/lau-lau-reef/,-0.499968,130.721619,0.0,PADI_coordinate_water
3894,Indonesia,Manta ridge,-0.55798,130.53507,Reef; Ocean,https://www.padi.com/dive-site/indonesia/manta-ridge/,-0.557976,130.535066,0.0,PADI_coordinate_water
3895,Indonesia,Mioskon,-0.49741,130.72699,Reef; Ocean,https://www.padi.com/dive-site/indonesia/mioskon-2/,-0.497415,130.726994,0.0,PADI_coordinate_water
3896,Indonesia,Yenkoranu Jetty,-0.55716,130.67210,Drift; Reef; Ocean,https://www.padi.com/dive-site/indonesia/yenkoranu-jetty/,-0.557161,130.672095,0.0,PADI_coordinate_water
3897,Indonesia,Blue Magic,-0.50953,130.74795,Pinnacle; Reef; Ocean,https://www.padi.com/dive-site/indonesia/blue-magic/,-0.509527,130.747948,0.0,PADI_coordinate_water
3898,Indonesia,Sauwandarek Jetty,-0.58990,130.60371,Reef; Sandy bottom; Ocean,https://www.padi.com/dive-site/indonesia/sauwandarek-jetty/,-0.589904,130.603709,0.0,PADI_coordinate_water
3899,Indonesia,Chicken reef,-0.54643,130.70190,Reef; Ocean,https://www.padi.com/dive-site/indonesia/chicken-reef/,-0.546433,130.7019,0.0,PADI_coordinate_water
3900,Indonesia,Citrus Ridge,-0.50998,130.45457,Reef; Channel; Ocean,https://www.padi.com/dive-site/indonesia/citrus-ridge/,-0.509978,130.454568,0.0,PADI_coordinate_water
3903,Indonesia,Sardine reef,-0.53420,130.71508,Pinnacle; Reef; Ocean,https://www.padi.com/dive-site/indonesia/sardine-reef/,-0.534202,130.715075,0.0,PADI_coordinate_water
3961,Indonesia,Manta Point,-8.79723,115.52588,Reef,https://www.padi.com/dive-site/indonesia/manta-point-3/,-8.795469,115.525532,200,minimum_nearest_shoreline_crossing
4951,Indonesia,Muka Kampung,1.59376,124.77883,Reef; Wall,https://www.padi.com/dive-site/indonesia/muka-kampung/,1.593756,124.778831,0.0,PADI_coordinate_water
4953,Indonesia,Fukui Point,1.61222,124.73914,Reef,https://www.padi.com/dive-site/indonesia/fukui-point/,1.612224,124.739145,0.0,PADI_coordinate_water
4979,Indonesia,Mandolin,1.61340,124.73250,Drift; Reef; Wall,https://www.padi.com/dive-site/indonesia/mandolin/,1.613404,124.732504,0.0,PADI_coordinate_water
4993,Indonesia,Lekuan 3,1.60567,124.76853,Reef; Wall,https://www.padi.com/dive-site/indonesia/lekuan-3/,1.605671,124.768531,0.0,PADI_coordinate_water
4994,Indonesia,Cela-Cela,1.61088,124.76804,Reef; Wall,https://www.padi.com/dive-site/indonesia/celah-celah/,1.610883,124.768038,0.0,PADI_coordinate_water
5201,Indonesia,To the West - Batee Gua,5.83436,95.24164,Drift; Reef; Ocean,https://www.padi.com/dive-site/indonesia/to-the-west-batee-gua/,5.83436,95.241637,0.0,PADI_coordinate_water
5206,Indonesia,Batee Meuroron,5.87218,95.26719,Reef; Wall,https://www.padi.com/dive-site/indonesia/batee-meuroron-2/,5.871566,95.268888,200,minimum_nearest_shoreline_crossing
5209,Indonesia,Hot Springs / Underwater Volcano,5.84289,95.28700,Sandy bottom; Ocean,https://www.padi.com/dive-site/indonesia/hot-springs-underwater-volcano-2/,5.84228,95.288705,200,minimum_nearest_shoreline_crossing
5212,Indonesia,Rubiah Sea Garden,5.88254,95.26102,Reef; Ocean,https://www.padi.com/dive-site/indonesia/rubiah-sea-garden-2/,5.882537,95.261024,0.0,PADI_coordinate_water
5213,Indonesia,Rubiah Utara,5.88844,95.25313,Drift; Reef; Channel; Ocean,https://www.padi.com/dive-site/indonesia/rubiah-utara-2/,5.888439,95.253128,0.0,PADI_coordinate_water
5217,Indonesia,Shark Plateau,5.90018,95.25395,Drift; Reef; Ocean,https://www.padi.com/dive-site/indonesia/shark-plateau-2/,5.900178,95.253954,0.0,PADI_coordinate_water
5221,Indonesia,To the South - Batee Meuduro,5.76707,95.32828,Drift; Reef; Channel,https://www.padi.com/dive-site/indonesia/to-the-south-batee-meuduro-2/,5.767072,95.328283,0.0,PADI_coordinate_water
5262,Indonesia,Gili Biaha,-8.50921,115.61497,Cave; Reef; Wall,https://www.padi.com/dive-site/indonesia/gili-biaha/,-8.509215,115.614967,0.0,PADI_coordinate_water
5633,Indonesia,Waecicu and Sture,-8.46497,119.87208,Sandy bottom,https://www.padi.com/dive-site/indonesia/waecicu-and-sture/,-8.463543,119.870968,200,minimum_nearest_shoreline_crossing
5676,Indonesia,Cannibal Rock,-8.79144,119.66755,Pinnacle; Reef; Ocean,https://www.padi.com/dive-site/indonesia/cannibal-rock/,-8.79144,119.667549,0.0,PADI_coordinate_water
6315,Indonesia,Sorido Wall,-0.55347,130.68756,Drift; Reef; Wall; Channel,https://www.padi.com/dive-site/indonesia/sorido-wall/,-0.553472451200273,130.68756482035076,0.0,PADI_coordinate_water
6316,Indonesia,South Kri,-0.55766,130.68857,Drift; Reef; Ocean,https://www.padi.com/dive-site/indonesia/south-kri/,-0.5576637329635709,130.6885715574608,0.0,PADI_coordinate_water
6317,Indonesia,Ransiwor,-0.56753,130.65962,Reef; Ocean,https://www.padi.com/dive-site/indonesia/ransiwor/,-0.5675277000222313,130.65961944238308,0.0,PADI_coordinate_water
6318,Indonesia,Cape Mansuar,-0.57308,130.65991,Drift; Ocean,https://www.padi.com/dive-site/indonesia/cape-mansuar/,-0.5730848788977218,130.65990814143157,0.0,PADI_coordinate_water
6320,Indonesia,Kuburan,-0.56215,130.66449,Reef; Ocean,https://www.padi.com/dive-site/indonesia/kuburan/,-0.5621509439643233,130.6644912368371,0.0,PADI_coordinate_water
6544,Indonesia,Macro Jetty,-8.14525,114.66099,Beach; Muck; Sandy bottom,https://www.padi.com/dive-site/indonesia/macro-jetty/,-8.143462,114.660813,200,minimum_nearest_shoreline_crossing
6637,Indonesia,Napoleon Reef,-8.13225,114.67478,Reef,https://www.padi.com/dive-site/indonesia/napoleon-reef-2/,-8.132249,114.674784,0.0,PADI_coordinate_water
6717,Indonesia,Sampalan,-8.69705,115.58330,Drift; Reef; Ocean,https://www.padi.com/dive-site/indonesia/sampalan/,-8.697051483429451,115.58329582214355,0.0,PADI_coordinate_water
7029,Indonesia,Murex House Reef,1.45857,124.76419,Beach; Muck; Reef; Sandy bottom; Ocean,https://www.padi.com/dive-site/indonesia/murex-house-reef/,1.458211729403117,124.7624296322465,200,minimum_nearest_shoreline_crossing
7205,Indonesia,Siaba Besar,-8.54826,119.64884,Reef; Sandy bottom,https://www.padi.com/dive-site/indonesia/siaba-besar/,-8.54826,119.648838,0.0,PADI_coordinate_water
8208,Indonesia,Manta Bay 3 - The Crack,-8.74472,115.45347,Reef; Sandy bottom,https://www.padi.com/dive-site/indonesia/manta-bay-3-the-crack-2/,-8.742960637808528,115.45313358306886,200,minimum_nearest_shoreline_crossing
8402,Indonesia,The Canyon,5.90495,95.21344,Drift; Reef; Ocean,https://www.padi.com/dive-site/indonesia/the-canyon-3/,5.90434,95.215137,200,minimum_nearest_shoreline_crossing
8403,Indonesia,Batee Gla,5.90938,95.21925,Pinnacle; Reef,https://www.padi.com/dive-site/indonesia/batee-gla-2/,5.908769,95.220952,200,minimum_nearest_shoreline_crossing
8404,Indonesia,Batee Tokong,5.89801,95.25235,Reef; Wall; Ocean,https://www.padi.com/dive-site/indonesia/batee-tokong-2/,5.898012,95.252355,0.0,PADI_coordinate_water
9474,Indonesia,SD,-8.67706,115.52160,Drift,https://www.padi.com/dive-site/indonesia/sd-point/,-8.675299911785647,115.521240234375,200,minimum_nearest_shoreline_crossing
10075,Indonesia,Tanjung Parigi,1.62902,124.76212,Reef; Wall,https://www.padi.com/dive-site/indonesia/tanjung-1/,1.6290186110339653,124.76211547851564,0.0,PADI_coordinate_water
10125,Indonesia,Nusa Dua Reef,-8.75619,115.22276,Reef,https://www.padi.com/dive-site/indonesia/nusa-dua-reef/,-8.756194125217284,115.22276394839864,0.0,PADI_coordinate_water
10126,Indonesia,Pramuka jetty,-5.74352,106.61207,Beach,https://www.padi.com/dive-site/indonesia/pramuka-jetty/,-5.742514460629369,106.6135597229004,200,minimum_nearest_shoreline_crossing
10133,Indonesia,Area Perlindungan Laut (APL),-5.73733,106.61487,Reef,https://www.padi.com/dive-site/indonesia/area-perlindungan-laut-apl/,-5.737331727254621,106.61486864089966,0.0,PADI_coordinate_water
10143,Indonesia,Tanjung Pramuka,-5.74645,106.61860,Reef; Sandy bottom,https://www.padi.com/dive-site/indonesia/tanjung-pramuka/,-5.746448182504463,106.6186022758484,0.0,PADI_coordinate_water
10144,Indonesia,Pulau Matahari,-5.60576,106.54593,Reef; Sandy bottom,https://www.padi.com/dive-site/indonesia/pulau-matahari/,-5.605756838570513,106.54592514038087,0.0,PADI_coordinate_water
10238,Indonesia,house reff,-8.26705,115.58892,Beach; Reef; Sea Loch,https://www.padi.com/dive-site/indonesia/house-reff/,-8.26530294867559,115.58853149414064,200,minimum_nearest_shoreline_crossing
10622,Indonesia,Bama Wall,-8.29236,124.30638,Wall,https://www.padi.com/dive-site/indonesia/bama-wall/,-8.291296,124.304908,200,minimum_nearest_shoreline_crossing
10730,Indonesia,Big Fish Country,2.24686,118.63951,Channel,https://www.padi.com/dive-site/indonesia/big-fish-country/,2.246857563417173,118.63951206207275,0.0,PADI_coordinate_water
10731,Indonesia,Turtle Traffic,2.19994,118.59286,Reef,https://www.padi.com/dive-site/indonesia/turtle-traffic/,2.199943523752773,118.59286308288576,0.0,PADI_coordinate_water
10732,Indonesia,Barracuda Point (Kakaban),2.13875,118.50489,Reef,https://www.padi.com/dive-site/indonesia/barracuda-point-kakaban/,2.138747220568173,118.50488662719728,0.0,PADI_coordinate_water
10733,Indonesia,Manta Run,2.14612,118.33992,Reef,https://www.padi.com/dive-site/indonesia/manta-run/,2.146123600205254,118.33991980010724,0.0,PADI_coordinate_water
10734,Indonesia,Kelapa Dua,2.11996,118.55647,Reef,https://www.padi.com/dive-site/indonesia/kelapa-dua/,2.119963279368564,118.5564708709717,0.0,PADI_coordinate_water
10763,Indonesia,Pyramids,-8.33513,115.65339,Beach; Drift; Reef; Sandy bottom; Wall,https://www.padi.com/dive-site/indonesia/pyramids/,-8.333376,115.65299,200,minimum_nearest_shoreline_crossing
11295,Indonesia,Ampera,-8.26901,124.42694,Muck; Sandy bottom,https://www.padi.com/dive-site/indonesia/ampera/,-8.267957288724121,124.42547142505646,200,minimum_nearest_shoreline_crossing
11298,Indonesia,Bakalang Jetty,-8.26732,124.29927,Muck; Reef; Sandy bottom,https://www.padi.com/dive-site/indonesia/bakalang/,-8.267320248741903,124.29927349090578,0.0,PADI_coordinate_water
11299,Indonesia,The Labyrinth,-8.91352,116.27469,Drift; Pool; Reef; Wall; Ocean,https://www.padi.com/dive-site/indonesia/the-labyrinth/,-8.911788476926963,116.27419061217488,200,minimum_nearest_shoreline_crossing
11300,Indonesia,Biatabang,-8.22287,124.36339,Reef; Wall,https://www.padi.com/dive-site/indonesia/biatabang/,-8.222873556452962,124.3633943796158,0.0,PADI_coordinate_water
11448,Indonesia,White Cross,1.57536,124.81198,Reef,https://www.padi.com/dive-site/indonesia/white-cross/,1.5749820006325832,124.81021577191144,200,minimum_nearest_shoreline_crossing
11541,Indonesia,Illicnamo Pinnacle,-8.19989,125.63188,Drift; Pinnacle; Reef; Ocean,https://www.padi.com/dive-site/indonesia/illicnamo-pinnacle/,-8.199894381081887,125.63188076019289,0.0,PADI_coordinate_water
11542,Indonesia,Biquelli Wall,-8.18264,125.63946,Drift; Reef; Wall; Ocean,https://www.padi.com/dive-site/indonesia/biquelli-wall/,-8.181671502865292,125.63793182373048,200,minimum_nearest_shoreline_crossing
11544,Indonesia,Doro,-8.16485,125.58901,Reef; Wall; Ocean,https://www.padi.com/dive-site/indonesia/doro/,-8.16484964482913,125.58900833129884,0.0,PADI_coordinate_water
11683,Indonesia,Wall of Grace,-0.60855,130.58000,Wall,https://www.padi.com/dive-site/indonesia/wall-of-grace/,-0.608548,130.580001,0.0,PADI_coordinate_water
12007,Indonesia,Nudi Falls,1.46102,125.22657,Reef; Sandy bottom,https://www.padi.com/dive-site/indonesia/nudi-falls/,1.4610232806227543,125.22657215595248,0.0,PADI_coordinate_water
12014,Indonesia,Baong Penyu (Turtle's Head),-8.52850,115.51414,Reef; Wall; Ocean,https://www.padi.com/dive-site/indonesia/baong-penyu-turtles-head/,-8.528504,115.514138,0.0,PADI_coordinate_water
12039,Indonesia,Manta point Komodo,-8.56337,119.57794,Drift,https://www.padi.com/dive-site/indonesia/manta-point-komodo/,-8.563367868922992,119.57794189453126,0.0,PADI_coordinate_water
12201,Indonesia,Nudi Retreat,1.48149,125.23715,Reef; Sandy bottom,https://www.padi.com/dive-site/indonesia/nudi-retreat/,1.4814871512056422,125.23714542388916,0.0,PADI_coordinate_water
12387,Indonesia,Taka Gede,-5.80000,110.50874,Reef,https://www.padi.com/dive-site/indonesia/taka-gede-2/,-5.8000017332451135,110.50873875617982,0.0,PADI_coordinate_water
12954,Indonesia,TETAWA BESAR,-8.51121,119.63665,Drift; Wall; Ocean,https://www.padi.com/dive-site/indonesia/tetawa-besar/,-8.511209333285557,119.63665008544923,0.0,PADI_coordinate_water
16595,Indonesia,Gili Gede Wall,-8.72485,115.92374,Drift; Reef; Wall,https://www.padi.com/dive-site/indonesia/gili-gede-wall/,-8.724848277106464,115.92374319315029,0.0,PADI_coordinate_water
16596,Indonesia,Batu Putih,-8.71950,115.91924,Drift; Reef; Wall; Ocean,https://www.padi.com/dive-site/indonesia/batu-putih/,-8.719503478093243,115.91923722281427,0.0,PADI_coordinate_water
16598,Indonesia,Rengit West,-8.71810,115.91323,Reef; Ocean,https://www.padi.com/dive-site/indonesia/rengit-west/,-8.718103637141917,115.91322975319883,0.0,PADI_coordinate_water
16599,Indonesia,Sunken Island,-8.71501,115.92177,Reef; Ocean,https://www.padi.com/dive-site/indonesia/sunken-island-3/,-8.715007000648344,115.92176983494912,0.0,PADI_coordinate_water
16600,Indonesia,Gili Layar,-8.72400,115.90963,Drift; Reef; Ocean,https://www.padi.com/dive-site/indonesia/gili-layar/,-8.723999901418232,115.90962514781084,0.0,PADI_coordinate_water
16625,Indonesia,Wave Corner,-8.71310,115.91383,Drift; Reef; Ocean,https://www.padi.com/dive-site/indonesia/wave-corner-2/,-8.713098102356208,115.91382973474308,0.0,PADI_coordinate_water
16626,Indonesia,Lazy Wave,-8.71628,115.91825,Drift; Reef; Wall; Ocean,https://www.padi.com/dive-site/indonesia/wave-corner/,-8.71627959409386,115.9182500495615,0.0,PADI_coordinate_water
16897,Indonesia,Deep Corner,-8.72917,115.91190,Reef; Wall,https://www.padi.com/dive-site/indonesia/deep-corner/,-8.729174963125603,115.91189978458392,0.0,PADI_coordinate_water
16898,Indonesia,Coral Beach,-8.72913,115.91170,Reef; Wall,https://www.padi.com/dive-site/indonesia/coral-beach/,-8.727393392603613,115.91125634732228,200,minimum_nearest_shoreline_crossing
16899,Indonesia,The Canyon,-8.72137,115.90649,Drift; Reef; Channel; Ocean,https://www.padi.com/dive-site/indonesia/the-canyon-7/,-8.721369924535452,115.9064884173146,0.0,PADI_coordinate_water
16901,Indonesia,Gili Poh,-8.72298,115.95988,Reef; Sandy bottom; Ocean,https://www.padi.com/dive-site/indonesia/gili-poh/,-8.722981848047908,115.95987945349536,0.0,PADI_coordinate_water
16902,Indonesia,Gili Nanggu Wall,-8.71467,116.00790,Wall,https://www.padi.com/dive-site/indonesia/gili-nanggu-wall/,-8.714667641664413,116.00790085994164,0.0,PADI_coordinate_water
16903,Indonesia,The Sand,-8.72939,115.91151,Sandy bottom; Ocean,https://www.padi.com/dive-site/indonesia/the-sand/,-8.72938705428788,115.91151348048602,0.0,PADI_coordinate_water
16904,Indonesia,Batu Belandra,-8.73007,115.88709,Reef; Wall; Ocean,https://www.padi.com/dive-site/indonesia/batu-belandra/,-8.730065745197061,115.88709159191713,0.0,PADI_coordinate_water
16905,Indonesia,Jay's Cathedral,-8.71518,115.87057,Reef; Wall; Ocean,https://www.padi.com/dive-site/indonesia/jays-cathedral/,-8.715176680024767,115.87057203478118,0.0,PADI_coordinate_water
17152,Indonesia,Blue Coral Gili Gede,-8.74852,115.93177,Reef; Sandy bottom,https://www.padi.com/dive-site/indonesia/gili-gede/,-8.748517180947358,115.9317687455858,0.0,PADI_coordinate_water
17846,Indonesia,"dog point sanur, bali",-8.70780,115.26525,Sandy bottom,https://www.padi.com/dive-site/indonesia/dog-point-sanur-bali/,-8.707796,115.26525,0.0,PADI_coordinate_water
18799,Indonesia,Pasir Merah (Red Sand),-8.28218,124.32581,Reef; Sandy bottom,https://www.padi.com/dive-site/indonesia/pasir-merah-red-sand/,-8.28218424667815,124.3258059024811,0.0,PADI_coordinate_water
21053,Indonesia,Batu Bolong,-8.53608,119.61399,Reef; Wall,https://www.padi.com/dive-site/indonesia/batu-bolong/,-8.53608,119.613991,0.0,PADI_coordinate_water
22642,Indonesia,Opiaref Point,-1.15403,136.28711,Beach; Wall,https://www.padi.com/dive-site/indonesia/opiaref-point/,-1.1540014063683508,136.28531455993655,200,minimum_nearest_shoreline_crossing
22643,Indonesia,Wundi Cave Point,-1.26573,136.37295,Cave; Wall,https://www.padi.com/dive-site/indonesia/wundi-cave-point/,-1.265728031486411,136.37294769287112,0.0,PADI_coordinate_water
22644,Indonesia,Barracuda Dive Point,-1.29628,136.34102,Ocean,https://www.padi.com/dive-site/indonesia/barracuda-dive-point/,-1.2962761196418089,136.34101867675784,0.0,PADI_coordinate_water
22647,Indonesia,Owi Point,-1.22368,136.20656,Wall,https://www.padi.com/dive-site/indonesia/owi-point/,-1.223680918896365,136.2065649032593,0.0,PADI_coordinate_water
22660,Indonesia,Rurbas Point,-1.30245,136.21866,Beach; Reef,https://www.padi.com/dive-site/indonesia/rurbas-point/,-1.3024114358798284,136.2168645858765,200,minimum_nearest_shoreline_crossing
22990,Indonesia,Biorock,-8.35664,116.04472,Reef,https://www.padi.com/dive-site/indonesia/biorock-2/,-8.356644,116.044722,0.0,PADI_coordinate_water
22992,Indonesia,Gili Meno Slope,-8.35028,116.05021,Drift; Reef,https://www.padi.com/dive-site/indonesia/gili-meno-slope/,-8.350275400103698,116.05021476745604,0.0,PADI_coordinate_water
22993,Indonesia,Gili Meno Wall,-8.34323,116.04936,Wall,https://www.padi.com/dive-site/indonesia/gili-meno-wall/,-8.343227,116.049356,0.0,PADI_coordinate_water
22994,Indonesia,Halik,-8.33686,116.03837,Cave; Drift; Reef; Wall,https://www.padi.com/dive-site/indonesia/halik/,-8.336857687173232,116.03837013244627,0.0,PADI_coordinate_water
22995,Indonesia,Deep Turbo,-8.33499,116.04335,Drift; Reef,https://www.padi.com/dive-site/indonesia/deep-turbo/,-8.334989,116.043348,0.0,PADI_coordinate_water
22996,Indonesia,Shallow Turbo,-8.34645,116.04369,Drift; Reef,https://www.padi.com/dive-site/indonesia/shallow-turbo/,-8.346454,116.043692,0.0,PADI_coordinate_water
22997,Indonesia,Simon's Reef,-8.33660,116.06249,Drift; Reef,https://www.padi.com/dive-site/indonesia/simons-reef/,-8.336603,116.062489,0.0,PADI_coordinate_water
22998,Indonesia,Turtle City/ Heaven,-8.34229,116.06120,Drift; Reef,https://www.padi.com/dive-site/indonesia/turtle-city-heaven/,-8.342293,116.061201,0.0,PADI_coordinate_water
23134,Indonesia,Biaha,-8.50815,115.61471,Reef; Wall; Cavern; Ocean,https://www.padi.com/dive-site/indonesia/biaha/,-8.508153445653207,115.614709854126,0.0,PADI_coordinate_water
23254,Indonesia,Gili Tepekong,-8.53158,115.58536,Reef; Wall; Cavern; Ocean,https://www.padi.com/dive-site/indonesia/gili-tepekong-3/,-8.53158129376731,115.585355758667,0.0,PADI_coordinate_water
23943,Indonesia,Lambugan Dive Site,-8.67161,115.44715,Drift; Reef; Ocean,https://www.padi.com/dive-site/indonesia/lambugan-dive-site/,-8.671605159055487,115.44714999006906,0.0,PADI_coordinate_water
24742,Indonesia,Lovina Reef,-8.16028,115.02492,Reef,https://www.padi.com/dive-site/indonesia/lovina-reef/,-8.158504094412528,115.02464532852174,200,minimum_nearest_shoreline_crossing
25442,Indonesia,Coral Garden,-8.27780,115.59381,Beach; Muck; Reef; Sea Loch,https://www.padi.com/dive-site/indonesia/-51/,-8.276047606934002,115.5934238433838,200,minimum_nearest_shoreline_crossing
25494,Indonesia,Batu Mandi Lelangga,-5.72326,105.23975,Cave; Reef; Sandy bottom; Wall; Ocean,https://www.padi.com/dive-site/indonesia/batu-mandi-lelangga/,-5.723261783205885,105.23975372314456,0.0,PADI_coordinate_water
21792,Iran,Big Coral,26.51424,54.04973,Reef,https://www.padi.com/dive-site/iran/big-coral/,26.514244,54.049732,0.0,PADI_coordinate_water
2061,Ireland,Scraggane Bay,52.30905,-10.03580,Beach,https://www.padi.com/dive-site/ireland/scraggane-bay/,52.31032842523749,-10.033725500106812,200,minimum_nearest_shoreline_crossing
2062,Ireland,The Necklace 8-16 mts,52.33552,-10.04600,Reef,https://www.padi.com/dive-site/ireland/the-necklace-8-16-mts/,52.335516076415225,-10.04599928855896,0.0,PADI_coordinate_water
2063,Ireland,POLLACK ALLEY: 12-16mts,52.33565,-10.05472,Drift,https://www.padi.com/dive-site/ireland/pollack-alley-12-16mts/,52.33565374611221,-10.05472183227539,0.0,PADI_coordinate_water
2064,Ireland,THE POINT: 18-22mts.,52.33513,-10.05693,Reef,https://www.padi.com/dive-site/ireland/the-point-18-22mts/,52.33512928783033,-10.056931972503662,0.0,PADI_coordinate_water
2065,Ireland,THE GULLY: 8-20mts,52.33733,-10.05200,Cave; Reef; Wall,https://www.padi.com/dive-site/ireland/the-gully-8-20mts/,52.33733197082112,-10.05199670791626,0.0,PADI_coordinate_water
2066,Ireland,Square Rock 12-22 mts,52.33236,-10.05404,Reef; Wall,https://www.padi.com/dive-site/ireland/square-rock-12-22-mts/,52.33236266746223,-10.054035186767578,0.0,PADI_coordinate_water
2067,Ireland,THE RIDGE HOLES: 10-22mts.,52.33689,-10.05648,Reef; Wall,https://www.padi.com/dive-site/ireland/the-ridge-holes-10-22mts/,52.33688619859419,-10.05648136138916,0.0,PADI_coordinate_water
2071,Ireland,OverHang 16-20mts,52.32733,-10.07011,Wall,https://www.padi.com/dive-site/ireland/overhang-16-20mts/,52.32733379348538,-10.070106983184814,0.0,PADI_coordinate_water
2079,Ireland,THE CROSS ROADS: 20-22mts,52.32772,-10.07018,Reef; Wall,https://www.padi.com/dive-site/ireland/the-cross-roads-20-22mts/,52.32772065024239,-10.07018208503723,0.0,PADI_coordinate_water
2080,Ireland,The Pinicale: 14 to 18 mts,52.32675,-10.06952,Reef,https://www.padi.com/dive-site/ireland/the-pinicale-14-to-18-mts/,52.32675022350231,-10.069516897201538,0.0,PADI_coordinate_water
2081,Ireland,THE INNER REEF: 18-33mts,52.32923,-10.06584,Drift; Reef; Wall,https://www.padi.com/dive-site/ireland/the-inner-reef-18-33mts/,52.32922870360689,-10.065836906433104,0.0,PADI_coordinate_water
2082,Ireland,THE OUTER REEF: 24-35mts.,52.32520,-10.07439,Drift; Reef; Wall,https://www.padi.com/dive-site/ireland/the-outer-reef-24-35mts/,52.32519618499313,-10.074387788772585,0.0,PADI_coordinate_water
12841,Ireland,Sandycove Beach,53.28782,-6.11270,Beach; Reef; Sandy bottom; Ocean,https://www.padi.com/dive-site/ireland/sandycove-beach-2/,53.28800019647413,-6.115694046020508,200,minimum_nearest_shoreline_crossing
24755,Ireland,Oysterhaven,51.69211,-8.44239,Beach; Sandy bottom; Ocean,https://www.padi.com/dive-site/ireland/oysterhaven/,51.69390132598321,-8.442177772521974,200,minimum_nearest_shoreline_crossing
8,Italy,Christ of the Abyss,44.31479,9.17339,Reef,https://www.padi.com/dive-site/italy/christ-of-the-abyss/,44.31351603340247,9.175161123275757,200,minimum_nearest_shoreline_crossing
11,Italy,Secca Isuela,44.32127,9.14303,Wall,https://www.padi.com/dive-site/italy/secca-isuela/,44.32126907118045,9.143028259277344,0.0,PADI_coordinate_water
12,Italy,Punta Manara,44.24864,9.40361,Drift; Reef; Wall,https://www.padi.com/dive-site/italy/punta-manara/,44.248642114058605,9.403610229492188,0.0,PADI_coordinate_water
236,Italy,Secca di Washignton,41.26381,9.32791,Reef; Channel,https://www.padi.com/dive-site/italy/secca-di-washignton/,41.26380771663904,9.32790756225586,0.0,PADI_coordinate_water
237,Italy,Secca di Spargi,41.25179,9.31982,Reef; Channel,https://www.padi.com/dive-site/italy/secca-di-spargi/,41.25179026613305,9.319818019866943,0.0,PADI_coordinate_water
341,Italy,"Tegnue \Marina del Sole/Chioggia\""""",45.21542,12.47429,Reef,https://www.padi.com/dive-site/italy/tegnue-marina-del-solechioggia/,45.21542212118822,12.474288940429688,0.0,PADI_coordinate_water
357,Italy,Baia del Rogiolo,43.46217,10.35769,Beach; Reef,https://www.padi.com/dive-site/italy/baia-del-rogiolo/,43.46090935500369,10.359452962875366,200,minimum_nearest_shoreline_crossing
418,Italy,Secca di Porto Leccio,41.04490,8.92775,Reef; Wall,https://www.padi.com/dive-site/italy/secca-di-porto-leccio/,41.044897890875085,8.927754163742065,0.0,PADI_coordinate_water
735,Italy,Cristo degli Abissi,44.31479,9.17339,Reef,https://www.padi.com/dive-site/italy/cristo-degli-abissi/,44.31351603340247,9.175161123275757,200,minimum_nearest_shoreline_crossing
747,Italy,"Tegnue \Serenissima\""""",45.19534,12.43618,Reef,https://www.padi.com/dive-site/italy/tegnue-serenissima/,45.19534491397116,12.436180114746094,0.0,PADI_coordinate_water
748,Italy,"Tegnue \Adria\""""",45.21179,12.44957,Reef,https://www.padi.com/dive-site/italy/tegnue-adria/,45.211794234824886,12.449569702148438,0.0,PADI_coordinate_water
750,Italy,"Tegnue \Padova\""""",45.19970,12.40597,Reef,https://www.padi.com/dive-site/italy/tegnue-padova/,45.199699608826734,12.405967712402344,0.0,PADI_coordinate_water
846,Italy,"Tegnue \Delfino Bianco - Free Diver\""""",45.21204,12.41798,Reef,https://www.padi.com/dive-site/italy/tegnue-delfino-bianco-free-diver/,45.212036101115885,12.417984008789062,0.0,PADI_coordinate_water
849,Italy,"Tegnue \G.S Monselice\""""",45.20188,12.37816,Reef,https://www.padi.com/dive-site/italy/tegnue-gs-monselice/,45.20187683128089,12.378158569335936,0.0,PADI_coordinate_water
850,Italy,"Tegnue \Mestre\""""",45.21518,12.35378,Reef,https://www.padi.com/dive-site/italy/tegnue-mestre/,45.21518026929742,12.353782653808592,0.0,PADI_coordinate_water
851,Italy,"Tegnue \Cittadella\""""",45.22159,12.36099,Reef,https://www.padi.com/dive-site/italy/tegnue-cittadella/,45.22158899687032,12.360992431640623,0.0,PADI_coordinate_water
852,Italy,"Tegnue \Montagnana\""""",45.22147,12.38485,Reef,https://www.padi.com/dive-site/italy/tegnue-montagnana/,45.22146808416795,12.38485336303711,0.0,PADI_coordinate_water
853,Italy,"Tegnue \Rovigo\""""",45.22389,12.40837,Reef,https://www.padi.com/dive-site/italy/tegnue-rovigo/,45.22388628935767,12.408370971679686,0.0,PADI_coordinate_water
855,Italy,"Tegnue \Medoacus Sub\"" - \""A.S.D. SubShark\""""",45.21506,12.39876,Reef,https://www.padi.com/dive-site/italy/tegnue-medoacus-sub-asd-subshark/,45.2150593429663,12.398757934570312,0.0,PADI_coordinate_water
1137,Italy,Grotta dei Gamberi,38.16503,12.77018,Wall,https://www.padi.com/dive-site/italy/grotta-dei-gamberi-4/,38.16681980526526,12.77008295059204,200,minimum_nearest_shoreline_crossing
1138,Italy,Cala Rossa Shoal,38.15889,12.77136,Wall,https://www.padi.com/dive-site/italy/cala-rossa-shoal/,38.16067874242505,12.771263122558594,200,minimum_nearest_shoreline_crossing
1139,Italy,Cataratta Shoal,38.15160,12.77806,Wall,https://www.padi.com/dive-site/italy/cataratta-shoal/,38.15338977681851,12.777957916259766,200,minimum_nearest_shoreline_crossing
1141,Italy,Punta Negra Wall,38.15923,12.72307,Wall,https://www.padi.com/dive-site/italy/punta-negra-wall/,38.159227756429175,12.723069190979002,0.0,PADI_coordinate_water
1237,Italy,Acqua dolce,40.28108,9.64851,Beach,https://www.padi.com/dive-site/italy/acqua-dolce/,40.2859342378093,9.640663862228394,858,minimum_nearest_shoreline_crossing
1343,Italy,Bell'ommo,40.76286,13.86269,Drift; Wall,https://www.padi.com/dive-site/italy/bellommo/,40.762861133145016,13.862686157226562,0.0,PADI_coordinate_water
1344,Italy,Mezzatorre,40.76150,13.87247,Wall,https://www.padi.com/dive-site/italy/mezzatorre/,40.76149591445305,13.87247085571289,0.0,PADI_coordinate_water
1345,Italy,Nave,40.70784,13.85410,Cave; Wall; Channel,https://www.padi.com/dive-site/italy/nave/,40.70784013505986,13.854103088378906,0.0,PADI_coordinate_water
1346,Italy,Scannella,40.70296,13.86226,Wall,https://www.padi.com/dive-site/italy/scannella/,40.70296019132363,13.862257003784178,0.0,PADI_coordinate_water
1347,Italy,Secca della rana,40.70296,13.86054,Wall,https://www.padi.com/dive-site/italy/secca-della-rana/,40.70296019132363,13.860540390014648,0.0,PADI_coordinate_water
1348,Italy,Punta Sant'Angelo,40.69281,13.89376,Wall,https://www.padi.com/dive-site/italy/punta-santangelo/,40.69280876302079,13.893756866455078,0.0,PADI_coordinate_water
1433,Italy,The Gorgonias,40.55972,8.16396,Drift; Reef; Wall,https://www.padi.com/dive-site/italy/the-gorgonias-2/,40.55972134684838,8.163957595825195,0.0,PADI_coordinate_water
1455,Italy,Isola Gallinara,44.02529,8.22601,Wall,https://www.padi.com/dive-site/italy/isola-gallinara/,44.02528553752004,8.22601318359375,0.0,PADI_coordinate_water
1460,Italy,Grotta delle Monete,37.53196,15.12158,Cave; Reef,https://www.padi.com/dive-site/italy/grotta-delle-monete/,37.53196085615868,15.121575593948362,0.0,PADI_coordinate_water
1461,Italy,Archi e Grotte,37.53104,15.12015,Cave; Reef,https://www.padi.com/dive-site/italy/archi-e-grotte/,37.53104197426234,15.12014865875244,0.0,PADI_coordinate_water
1462,Italy,Cerianthus 38 mt,37.53109,15.12110,Reef; Wall,https://www.padi.com/dive-site/italy/cerianthus-38-mt/,37.53109302355359,15.121103525161743,0.0,PADI_coordinate_water
1463,Italy,Gorgonie,37.53056,15.12057,Reef; Wall,https://www.padi.com/dive-site/italy/gorgonie/,37.53055700425298,15.120567083358765,0.0,PADI_coordinate_water
1464,Italy,Isolotto e Anfore,37.53152,15.12180,Reef; Wall,https://www.padi.com/dive-site/italy/isolotto-e-anfore/,37.53151843295507,15.121800899505615,0.0,PADI_coordinate_water
1465,Italy,Pinnacoli,37.53095,15.12070,Reef; Wall,https://www.padi.com/dive-site/italy/pinnacoli/,37.53094838380434,15.12069582939148,0.0,PADI_coordinate_water
1466,Italy,Ricci Matita,37.53057,15.12128,Reef; Wall,https://www.padi.com/dive-site/italy/ricci-matita/,37.53057402079792,15.121275186538696,0.0,PADI_coordinate_water
1469,Italy,Canalone,37.58067,15.17963,Reef; Wall; Channel,https://www.padi.com/dive-site/italy/canalone-2/,37.58067090200506,15.1796293258667,0.0,PADI_coordinate_water
1546,Italy,Tahiti,41.21334,9.48644,Wall,https://www.padi.com/dive-site/italy/tahiti/,41.21333570868988,9.48643684387207,0.0,PADI_coordinate_water
1550,Italy,Scoglio del Paganetto,41.24540,9.27057,Reef,https://www.padi.com/dive-site/italy/scoglio-del-paganetto/,41.24540156694457,9.270572662353516,0.0,PADI_coordinate_water
1551,Italy,Grottino di San Francesco,41.23035,9.48268,Cave,https://www.padi.com/dive-site/italy/grottino-di-san-francesco/,41.23034693477052,9.48268175125122,0.0,PADI_coordinate_water
1552,Italy,Punta Zanotto/motore d'aereo,41.25458,9.33761,Cave,https://www.padi.com/dive-site/italy/punta-zanottomotore-daereo/,41.25458109268849,9.33760643005371,0.0,PADI_coordinate_water
1577,Italy,Ninfeo - Parco Archeologico Sommerso di Baia,40.82079,14.07907,Reef,https://www.padi.com/dive-site/italy/ninfeo-parco-archeologico-sommerso-di-baia/,40.82200990951575,14.077316522598268,200,minimum_nearest_shoreline_crossing
1606,Italy,Argentarola,42.41722,11.08194,Wall,https://www.padi.com/dive-site/italy/argentarola/,42.417222,11.081944,0.0,PADI_coordinate_water
1698,Italy,Canalone,44.23470,8.44621,Wall,https://www.padi.com/dive-site/italy/canalone/,44.234699393852566,8.446211814880371,0.0,PADI_coordinate_water
1800,Italy,Il Fungo,41.25858,9.33666,Reef,https://www.padi.com/dive-site/italy/il-fungo/,41.25858160718231,9.336662292480469,0.0,PADI_coordinate_water
1804,Italy,Gerardia savaglia,41.24142,9.33254,Reef,https://www.padi.com/dive-site/italy/gerardia-savaglia/,41.241416380153055,9.332542419433594,0.0,PADI_coordinate_water
1845,Italy,Scoglio a Penna,40.56960,14.34003,Wall,https://www.padi.com/dive-site/italy/scoglio-a-penna/,40.56959963440032,14.340033531188965,0.0,PADI_coordinate_water
1887,Italy,punta meliso,39.79348,18.36797,Wall,https://www.padi.com/dive-site/italy/punta-meliso/,39.793484931879576,18.367971181869507,0.0,PADI_coordinate_water
1888,Italy,Terradico,39.79914,18.37475,Cave; Reef,https://www.padi.com/dive-site/italy/terradico/,39.79913978763057,18.374751806259155,0.0,PADI_coordinate_water
1891,Italy,Secca del Pisello,39.76910,18.37738,Wall,https://www.padi.com/dive-site/italy/secca-del-pisello/,39.76909613327911,18.37738037109375,0.0,PADI_coordinate_water
1894,Italy,Secca del Papa,40.91364,9.74492,Reef,https://www.padi.com/dive-site/italy/secca-del-papa/,40.91364230033718,9.744915962219237,0.0,PADI_coordinate_water
1895,Italy,Tegghia Liscia,40.89863,9.70951,Wall,https://www.padi.com/dive-site/italy/tegghia-liscia/,40.89862503266616,9.709510803222656,0.0,PADI_coordinate_water
1970,Italy,Argentario - Isola di Giannutri,42.25292,11.11542,Wall,https://www.padi.com/dive-site/italy/argentario-isola-di-giannutri/,42.25291778330197,11.11541748046875,0.0,PADI_coordinate_water
2515,Italy,Lavagna,44.30335,9.33355,Beach,https://www.padi.com/dive-site/italy/lavagna/,44.30689827409332,9.334945678710938,410,minimum_nearest_shoreline_crossing
2563,Italy,Isola di Bergeggi,44.23427,8.44479,Reef; Wall,https://www.padi.com/dive-site/italy/isola-di-bergeggi/,44.234271,8.444788,0.0,PADI_coordinate_water
2783,Italy,SASSO CHE BARA,42.74979,10.32402,Reef,https://www.padi.com/dive-site/italy/sasso-che-bara/,42.74978545070727,10.324015617370604,0.0,PADI_coordinate_water
2786,Italy,LA TRIGLIA,42.73522,10.26217,Reef; Wall,https://www.padi.com/dive-site/italy/la-triglia/,42.73522435946294,10.262174606323242,0.0,PADI_coordinate_water
2818,Italy,Occhio di Dio,40.89715,9.70775,Wall,https://www.padi.com/dive-site/italy/occhio-di-dio/,40.8971490696317,9.707751274108888,0.0,PADI_coordinate_water
2819,Italy,Cala Cicale,40.89489,9.70479,Wall,https://www.padi.com/dive-site/italy/cala-cicale/,40.894894513074526,9.704790115356444,0.0,PADI_coordinate_water
2820,Italy,Archetto,40.89139,9.69964,Wall,https://www.padi.com/dive-site/italy/archetto/,40.891390877031824,9.699640274047852,0.0,PADI_coordinate_water
2822,Italy,Isolotto Rosso,40.87653,9.67312,Drift,https://www.padi.com/dive-site/italy/isolotto-rosso/,40.87653080318249,9.673118591308594,0.0,PADI_coordinate_water
2823,Italy,La Mandria,40.88568,9.70204,Reef,https://www.padi.com/dive-site/italy/la-mandria/,40.88568085037665,9.702043533325194,0.0,PADI_coordinate_water
2824,Italy,Secca dell' Elefante,40.88017,9.70385,Reef,https://www.padi.com/dive-site/italy/secca-dell-elefante/,40.88016501590686,9.703845977783203,0.0,PADI_coordinate_water
2827,Italy,Punta Arresto,40.87497,9.74050,Drift,https://www.padi.com/dive-site/italy/punta-arresto/,40.87497322236461,9.740495681762695,0.0,PADI_coordinate_water
2828,Italy,Punta Levante,40.86959,9.74496,Drift,https://www.padi.com/dive-site/italy/punta-levante/,40.86958630618627,9.744958877563477,0.0,PADI_coordinate_water
2830,Italy,Scoglio dei Tre fratelli,40.87439,9.77500,Drift,https://www.padi.com/dive-site/italy/scoglio-dei-tre-fratelli/,40.87438912010986,9.774999618530272,0.0,PADI_coordinate_water
2831,Italy,Secche del Fico,40.87514,9.70874,Drift,https://www.padi.com/dive-site/italy/secche-del-fico/,40.87513547207635,9.708738327026367,0.0,PADI_coordinate_water
2832,Italy,Secca delle Ancore,40.87556,9.70101,Drift,https://www.padi.com/dive-site/italy/secca-delle-ancore/,40.87555731946587,9.701013565063477,0.0,PADI_coordinate_water
3303,Italy,Secca di Punta secca (Gli Archi),42.13941,15.52488,Cave; Wall,https://www.padi.com/dive-site/italy/-5/,42.139414,15.524883,0.0,PADI_coordinate_water
3308,Italy,Punta Secca (il giardino di Gorgonie),42.13900,15.52430,Wall,https://www.padi.com/dive-site/italy/-6/,42.139,15.524304,0.0,PADI_coordinate_water
3311,Italy,Il Grottone,42.13935,15.51757,Reef,https://www.padi.com/dive-site/italy/4-il-grottone/,42.13935,15.517566,0.0,PADI_coordinate_water
3325,Italy,10 - I Picchi di Elena,42.13504,15.50761,Wall,https://www.padi.com/dive-site/italy/10-i-picchi-di-elena-2/,42.135038,15.50761,0.0,PADI_coordinate_water
3370,Italy,Cape Morcone,42.73187,10.36455,Wall,https://www.padi.com/dive-site/italy/-7/,42.731867,10.364549,0.0,PADI_coordinate_water
3371,Italy,Scoglio Remaiolo,42.70978,10.41300,Wall; Ocean,https://www.padi.com/dive-site/italy/scoglio-remaiolo/,42.709782,10.413001,0.0,PADI_coordinate_water
3372,Italy,REMAIOLO,42.70973,10.41295,Reef; Wall,https://www.padi.com/dive-site/italy/remaiolo/,42.709734,10.412947,0.0,PADI_coordinate_water
3875,Italy,Punta Falconiera,38.71111,13.20116,Wall; Archaeological; Cavern,https://www.padi.com/dive-site/italy/punta-falconiera/,38.711115,13.201157,0.0,PADI_coordinate_water
3909,Italy,Secchitello,38.68948,13.16729,Pinnacle; Wall,https://www.padi.com/dive-site/italy/secchitello-3/,38.689479,13.167286,0.0,PADI_coordinate_water
3912,Italy,Punta Galera & Grotta dei Gamberi,38.69470,13.18320,Wall; Cavern,https://www.padi.com/dive-site/italy/punta-galera-grotta-dei-gamberi/,38.694696,13.183197,0.0,PADI_coordinate_water
4212,Italy,Torre dell'Usciere,38.17178,12.77154,Reef,https://www.padi.com/dive-site/italy/torre-dellusciere/,38.173568,12.771435,200,minimum_nearest_shoreline_crossing
4214,Italy,Cow Passage,38.15724,12.72423,Wall,https://www.padi.com/dive-site/italy/cow-passage/,38.157237,12.724228,0.0,PADI_coordinate_water
4215,Italy,Tonnara del Secco,38.16557,12.76926,Wall; Archaeological,https://www.padi.com/dive-site/italy/tonnara-del-secco/,38.16736,12.76916,200,minimum_nearest_shoreline_crossing
4216,Italy,Galea  - Santa Maria - RICADI,38.60374,15.84881,Beach; Muck; Reef,https://www.padi.com/dive-site/italy/galea-santa-maria-ricadi/,38.60515,15.847392,200,minimum_nearest_shoreline_crossing
4269,Italy,Punta Omo Morto,38.71142,13.20059,Wall; Ocean,https://www.padi.com/dive-site/italy/punta-omo-morto/,38.711417,13.200588,0.0,PADI_coordinate_water
4413,Italy,Scoglio del Medico,38.71561,13.15578,Cave; Wall,https://www.padi.com/dive-site/italy/scoglio-del-medico-2/,38.715609,13.155781,0.0,PADI_coordinate_water
4440,Italy,Secca d'Africa,38.69480,13.15354,Reef,https://www.padi.com/dive-site/italy/secca-dafrica-3/,38.694802,13.153543,0.0,PADI_coordinate_water
4462,Italy,"\Grotta delle Stalattiti\""""",38.70313,13.19370,Cave; Sandy bottom,https://www.padi.com/dive-site/italy/grotta-toto-2/,38.703132,13.1937,0.0,PADI_coordinate_water
4520,Italy,Punta Caruso,40.75376,13.86337,Wall,https://www.padi.com/dive-site/italy/punta-caruso/,40.753759,13.863373,0.0,PADI_coordinate_water
5274,Italy,Lungomare Beach,40.27854,9.63340,Reef,https://www.padi.com/dive-site/italy/lungomare-beach/,40.279575,9.635321,200,minimum_nearest_shoreline_crossing
5332,Italy,Stalattiti Cave,40.57024,8.20561,Cave; Reef; Wall; Cavern,https://www.padi.com/dive-site/italy/stalattiti-cave/,40.570895,8.207806,200,minimum_nearest_shoreline_crossing
5334,Italy,The Dolmen,40.57222,8.15269,Reef; Wall; Cavern,https://www.padi.com/dive-site/italy/the-dolmen/,40.572224,8.152692,0.0,PADI_coordinate_water
5353,Italy,Fantasmi Cave,40.56933,8.20478,Cave; Reef; Wall,https://www.padi.com/dive-site/italy/fantasmi-cave/,40.569991,8.20698,200,minimum_nearest_shoreline_crossing
5354,Italy,Madonnina,40.56011,8.16376,Cave; Reef; Wall; Cavern,https://www.padi.com/dive-site/italy/madonnina/,40.560113,8.163764,0.0,PADI_coordinate_water
5356,Italy,Pozzo Cave,40.57191,8.19778,Cave; Reef; Wall; Cavern,https://www.padi.com/dive-site/italy/pozzo-cave/,40.571914,8.197775,0.0,PADI_coordinate_water
5357,Italy,Punta Timone,40.56873,8.15134,Reef; Wall,https://www.padi.com/dive-site/italy/punta-timone/,40.568728,8.15134,0.0,PADI_coordinate_water
5374,Italy,Bramassa,40.57381,8.19747,Reef; Wall; Cavern,https://www.padi.com/dive-site/italy/bramassa/,40.573805,8.197474,0.0,PADI_coordinate_water
5376,Italy,Cervi Cave,40.56820,8.20481,Cave; Wall; Archaeological,https://www.padi.com/dive-site/italy/cervi-cave/,40.568198,8.204813,0.0,PADI_coordinate_water
5377,Italy,Falco Cave,40.56855,8.21841,Cave; Reef; Wall; Cavern,https://www.padi.com/dive-site/italy/falco-cave/,40.569208,8.220606,200,minimum_nearest_shoreline_crossing
5378,Italy,The Colonnade,40.56696,8.15692,Cave; Reef; Wall; Cavern,https://www.padi.com/dive-site/italy/the-colonnade/,40.566959,8.156919,0.0,PADI_coordinate_water
5379,Italy,Scoglio d'Inferno,40.57212,8.15462,Pinnacle; Reef,https://www.padi.com/dive-site/italy/scoglio-dinferno/,40.57277,8.156834,200,minimum_nearest_shoreline_crossing
5380,Italy,Nereo Cave & Arches of Nereo,40.56141,8.15953,Cave; Reef; Wall; Cavern,https://www.padi.com/dive-site/italy/nereo-cave-arches-of-nereo/,40.562061,8.161726,200,minimum_nearest_shoreline_crossing
5381,Italy,The Tunnel & The Fjord,40.56236,8.15971,Cave; Reef; Wall; Cavern,https://www.padi.com/dive-site/italy/the-tunnel-the-fjord/,40.563006,8.161908,200,minimum_nearest_shoreline_crossing
5382,Italy,The Canyon,40.56263,8.16114,Reef; Wall; Ocean,https://www.padi.com/dive-site/italy/the-canyon-4/,40.562631,8.161136,0.0,PADI_coordinate_water
5386,Italy,Galleria,40.21098,9.62548,Cave; Reef; Cavern; Ocean,https://www.padi.com/dive-site/italy/galleria/,40.212047,9.627371,200,minimum_nearest_shoreline_crossing
5540,Italy,Cala Incina Right Side,40.97887,17.26073,Cave; Wall,https://www.padi.com/dive-site/italy/cala-incina/,40.979311,17.258416,200,minimum_nearest_shoreline_crossing
5604,Italy,Focacciola,42.71448,10.37023,Reef,https://www.padi.com/dive-site/italy/focacciola/,42.71448,10.370235,0.0,PADI_coordinate_water
5605,Italy,PIANOSA - Area marina protetta,42.59252,10.10262,Cave; Reef; Wall,https://www.padi.com/dive-site/italy/pianosa-area-marina-protetta/,42.592522,10.102615,0.0,PADI_coordinate_water
5608,Italy,CAPO FONZA,42.73415,10.28707,Reef; Wall,https://www.padi.com/dive-site/italy/capo-fonza/,42.734153,10.287066,0.0,PADI_coordinate_water
5609,Italy,CORBELLA,42.73412,10.31968,Reef; Wall,https://www.padi.com/dive-site/italy/corbella/,42.734121,10.319681,0.0,PADI_coordinate_water
5656,Italy,Grotta Totò,38.70313,13.19370,Cave,https://www.padi.com/dive-site/italy/grotta-toto-3/,38.703132,13.1937,0.0,PADI_coordinate_water
6175,Italy,Tre Pietrazze,38.26241,15.23185,Beach,https://www.padi.com/dive-site/italy/tre-pietrazze/,38.264012,15.23661,453,minimum_nearest_shoreline_crossing
6823,Italy,Le Aragoste,43.46367,10.34494,Reef; Wall; Ocean,https://www.padi.com/dive-site/italy/le-aragoste/,43.46366787793959,10.344939529895784,0.0,PADI_coordinate_water
7199,Italy,Malepasso,40.05201,18.47794,Wall; Archaeological,https://www.padi.com/dive-site/italy/malepasso/,40.05200505562283,18.4779435954988,0.0,PADI_coordinate_water
7204,Italy,Scoglio dei Barracuda,41.25200,9.33464,Wall,https://www.padi.com/dive-site/italy/scoglio-dei-barracuda/,41.25199925890672,9.334637549472976,0.0,PADI_coordinate_water
7331,Italy,Villa con Ingresso a Protiro,40.81955,14.07718,Archaeological,https://www.padi.com/dive-site/italy/villa-con-ingresso-a-protiro/,40.82076629812721,14.075427409261469,200,minimum_nearest_shoreline_crossing
7332,Italy,Terme del lacus,40.82000,14.07761,Archaeological,https://www.padi.com/dive-site/italy/terme-del-lacus/,40.821216654837336,14.07585815526545,200,minimum_nearest_shoreline_crossing
7333,Italy,Secca delle Fumose,40.82299,14.08840,Archaeological,https://www.padi.com/dive-site/italy/secca-delle-fumose/,40.82299042794513,14.08839794341475,0.0,PADI_coordinate_water
7334,Italy,Portus Julius,40.82910,14.09520,Archaeological,https://www.padi.com/dive-site/italy/portus-julius/,40.82909943180114,14.095197133719925,0.0,PADI_coordinate_water
8214,Italy,Faraglioni DI Scopello,38.07134,12.82361,Wall; Cavern,https://www.padi.com/dive-site/italy/faraglioni-di-scopello/,38.073129297041575,12.823491096496584,200,minimum_nearest_shoreline_crossing
9890,Italy,Punta Campanella,40.56896,14.32486,Wall; Archaeological; Cavern,https://www.padi.com/dive-site/italy/punta-campanella/,40.56896394691746,14.32486295700073,0.0,PADI_coordinate_water
10136,Italy,Santa Reef,44.32983,9.21449,Beach; Muck; Reef; Sandy bottom,https://www.padi.com/dive-site/italy/santa-reef/,44.328538,9.216242,200,minimum_nearest_shoreline_crossing
10137,Italy,Punta Torretta,44.31370,9.16555,Reef; Wall,https://www.padi.com/dive-site/italy/punta-torretta/,44.3124259202114,9.167318344116213,200,minimum_nearest_shoreline_crossing
10138,Italy,Santa Margherita Ligure,44.32992,9.23129,Beach,https://www.padi.com/dive-site/italy/santa-margherita-ligure/,44.3350838265431,9.217700958251957,1226,minimum_nearest_shoreline_crossing
10141,Italy,Banco di Santa Croce,40.68121,14.43048,Pinnacle; Wall,https://www.padi.com/dive-site/italy/banco-di-santa-croce/,40.681207561176485,14.430477619171144,0.0,PADI_coordinate_water
10483,Italy,Cala Bianca Le due Gerardie,37.98997,12.02308,Drift; Pinnacle; Sandy bottom; Wall,https://www.padi.com/dive-site/italy/cala-bianca-le-due-gerardie/,37.98997344605058,12.0230770111084,0.0,PADI_coordinate_water
10485,Italy,cala Martina,37.94484,12.08874,Sandy bottom; Wall,https://www.padi.com/dive-site/italy/cala-martina/,37.94484052385968,12.08873748779297,0.0,PADI_coordinate_water
10487,Italy,Punta Bassana Scoglio Cavo,37.94915,12.09233,Drift; Pinnacle; Wall,https://www.padi.com/dive-site/italy/punta-bassana-scoglio-cavo/,37.94914694145857,12.092331647872925,0.0,PADI_coordinate_water
10519,Italy,Sutta zia Lisa,38.69165,13.16815,Cave; Wall,https://www.padi.com/dive-site/italy/sutta-zia-lisa/,38.691652,13.168145,0.0,PADI_coordinate_water
10676,Italy,LA CATTEDRALE,39.81191,18.38464,Cave,https://www.padi.com/dive-site/italy/la-cattedrale/,39.811907,18.384644,0.0,PADI_coordinate_water
10852,Italy,Scoglio Spandillo,37.94704,12.07797,Drift; Pinnacle; Wall,https://www.padi.com/dive-site/italy/scoglio-spandillo/,37.947040297194114,12.077965736389162,0.0,PADI_coordinate_water
10933,Italy,PUNTA DEL SERRONE,40.67670,17.94836,Pinnacle; Wall; Cavern,https://www.padi.com/dive-site/italy/punta-del-serrone/,40.6766961680383,17.948355674743656,0.0,PADI_coordinate_water
10944,Italy,Greek Columns,37.84483,15.29829,Wall; Archaeological,https://www.padi.com/dive-site/italy/greek-columns/,37.84482521913636,15.298290252685549,0.0,PADI_coordinate_water
10945,Italy,Isola Bella South,37.84825,15.30102,Sandy bottom; Wall; Cavern,https://www.padi.com/dive-site/italy/isola-bella-south-2/,37.849828030737335,15.299942493438722,200,minimum_nearest_shoreline_crossing
11055,Italy,Punta Penne,40.68669,17.93509,Wall,https://www.padi.com/dive-site/italy/punta-penne/,40.686692328945625,17.935094833374027,0.0,PADI_coordinate_water
11136,Italy,Secca di Bocche di Puglia,40.66674,17.98445,Pinnacle; Wall,https://www.padi.com/dive-site/italy/secca-di-bocche-di-puglia/,40.6667384244887,17.98444747924805,0.0,PADI_coordinate_water
11290,Italy,Canyon,40.18266,17.92238,Cave; Wall,https://www.padi.com/dive-site/italy/canyon-4/,40.182660312875925,17.922381162643436,0.0,PADI_coordinate_water
11338,Italy,Il Camino,40.27782,17.85596,Cave,https://www.padi.com/dive-site/italy/il-camino/,40.27782287100949,17.85595873677364,0.0,PADI_coordinate_water
11361,Italy,Scogli di Mortoriotto,41.08587,9.61848,Wall; Channel,https://www.padi.com/dive-site/italy/scogli-di-mortoriotto/,41.085874,9.618482,0.0,PADI_coordinate_water
11442,Italy,Punta Coticcio,41.22244,9.49004,Wall,https://www.padi.com/dive-site/italy/punta-coticcio/,41.22243904039791,9.490041732788086,0.0,PADI_coordinate_water
11443,Italy,Secca del Papa,40.91338,9.74431,Pinnacle,https://www.padi.com/dive-site/italy/secca-del-papa-2/,40.913385,9.744306,0.0,PADI_coordinate_water
11444,Italy,Secca dei Monaci,41.22398,9.52359,Drift; Pinnacle; Wall; Channel,https://www.padi.com/dive-site/italy/secca-dei-monaci/,41.22398,9.523586,0.0,PADI_coordinate_water
11457,Italy,Zu Innaru Rock,37.85843,15.30310,Wall,https://www.padi.com/dive-site/italy/zu-innaru-rock/,37.86001448203432,15.302023887634276,200,minimum_nearest_shoreline_crossing
11458,Italy,Blue Cave Bay,37.85008,15.30549,Wall,https://www.padi.com/dive-site/italy/blue-cave/,37.85165922156399,15.3044056892395,200,minimum_nearest_shoreline_crossing
11459,Italy,Siphone,37.85157,15.30544,Wall,https://www.padi.com/dive-site/italy/siphone/,37.851566034816535,15.30543565750122,0.0,PADI_coordinate_water
11460,Italy,The Canyon,37.84943,15.30177,Wall,https://www.padi.com/dive-site/italy/the-canyon-2/,37.84943118037185,15.301766395568846,0.0,PADI_coordinate_water
11461,Italy,Bay of Sunshine Cave,37.84435,15.29570,Wall,https://www.padi.com/dive-site/italy/bay-of-sunshine-cave/,37.84592701178845,15.294631486325228,200,minimum_nearest_shoreline_crossing
11972,Italy,Tana di Gavino,41.04887,8.93287,Cave,https://www.padi.com/dive-site/italy/tana-di-gavino/,41.0488707648061,8.93287181854248,0.0,PADI_coordinate_water
12033,Italy,Il canyon fantasma,40.03643,18.46374,Reef; Wall,https://www.padi.com/dive-site/italy/il-canyon-fantasma/,40.03642528901208,18.463739020069315,0.0,PADI_coordinate_water
12034,Italy,Il cimitero delle ancore,40.03312,18.45536,Drift; Archaeological,https://www.padi.com/dive-site/italy/il-cimitero-delle-ancore-2/,40.03312087095114,18.45535906031728,0.0,PADI_coordinate_water
12304,Italy,Punta Tegge,41.20762,9.38269,Reef,https://www.padi.com/dive-site/italy/punta-tegge/,41.20762126820265,9.382688999176027,0.0,PADI_coordinate_water
12305,Italy,Punta Sardegna,41.20548,9.36607,Wall,https://www.padi.com/dive-site/italy/secca-di-porto-rafael/,41.20548226027067,9.366070032119753,0.0,PADI_coordinate_water
12469,Italy,Secca dell'Ammiraglio,41.01592,8.86451,Pinnacle; Reef; Sandy bottom; Wall,https://www.padi.com/dive-site/italy/secca-dellammiraglio/,41.01591535898523,8.8645076751709,0.0,PADI_coordinate_water
12475,Italy,Caveam,41.01556,8.85919,Pinnacle; Reef; Wall,https://www.padi.com/dive-site/italy/caveam/,41.01555916922868,8.859186172485353,0.0,PADI_coordinate_water
12476,Italy,Blue Hole,41.01647,8.86002,Pinnacle; Reef; Sandy bottom; Wall,https://www.padi.com/dive-site/italy/blue-hole-16/,41.01646862762575,8.860024320300466,0.0,PADI_coordinate_water
12491,Italy,Rocca Ruja,41.06589,8.94944,Pinnacle; Reef; Sandy bottom; Wall,https://www.padi.com/dive-site/italy/rocca-ruja/,41.0658923392826,8.949437141418459,0.0,PADI_coordinate_water
12498,Italy,Piramide,41.02883,8.87974,Pinnacle; Sandy bottom; Wall; Cavern,https://www.padi.com/dive-site/italy/piramide/,41.02883403093162,8.87974262237549,0.0,PADI_coordinate_water
12838,Italy,Grotta del grongo,43.47192,10.32955,Cave; Reef,https://www.padi.com/dive-site/italy/grotta-del-grongo-2/,43.47191982005554,10.329551696777346,0.0,PADI_coordinate_water
13951,Italy,Ponte di Calafuria,43.47186,10.33367,Reef; Wall,https://www.padi.com/dive-site/italy/ponte-di-calafuria/,43.47186142471816,10.333666205406187,0.0,PADI_coordinate_water
13952,Italy,Sifone,42.85705,10.54862,Cave; Wall; Cavern; Channel,https://www.padi.com/dive-site/italy/sifone/,42.857054,10.54862,0.0,PADI_coordinate_water
16220,Italy,Il Grottone,40.90125,9.71226,Wall,https://www.padi.com/dive-site/italy/grottone/,40.901252,9.712257,0.0,PADI_coordinate_water
19101,Italy,Santa Caterina,39.08500,9.49306,Pinnacle,https://www.padi.com/dive-site/italy/santa-caterina/,39.085,9.493055555555555,0.0,PADI_coordinate_water
19359,Italy,Sassone,39.14528,9.39111,Sandy bottom; Wall,https://www.padi.com/dive-site/italy/sassone/,39.14527777777778,9.39111111111111,0.0,PADI_coordinate_water
19360,Italy,Genn'e Mari,39.13889,9.40500,Pinnacle,https://www.padi.com/dive-site/italy/genne-mari/,39.138888888888886,9.405,0.0,PADI_coordinate_water
19366,Italy,Isola dei Cavoli,39.08431,9.54039,Wall,https://www.padi.com/dive-site/italy/la-nave/,39.08430735444495,9.540385769214485,0.0,PADI_coordinate_water
20327,Italy,Scoglietto di Portoferraio,42.82902,10.33123,Cave; Reef; Wall,https://www.padi.com/dive-site/italy/scoglietto-di-portoferraio/,42.82902348554863,10.331225395202638,0.0,PADI_coordinate_water
20888,Italy,Corbella Ovest,42.73494,10.31899,Pinnacle; Sandy bottom,https://www.padi.com/dive-site/italy/corbella-ovest/,42.73494066788244,10.318994522094728,0.0,PADI_coordinate_water
22129,Italy,Campanari,38.02102,14.08494,Pinnacle; Sandy bottom; Wall; Ocean,https://www.padi.com/dive-site/italy/campanari/,38.02101581607457,14.084944725036625,0.0,PADI_coordinate_water
22143,Italy,Ancient Roman Harbour,38.03256,14.04011,Beach; Sandy bottom; Archaeological,https://www.padi.com/dive-site/italy/ancient-roman-harbour/,38.03428427784117,14.039454460144045,200,minimum_nearest_shoreline_crossing
22403,Italy,Dromia e Portone,40.99289,9.65918,Wall,https://www.padi.com/dive-site/italy/dromia-e-portone/,40.99356476952713,9.661386609077454,200,minimum_nearest_shoreline_crossing
22406,Italy,Frana del faro,40.97944,9.64690,Sandy bottom; Wall,https://www.padi.com/dive-site/italy/frana-del-faro/,40.97944448909586,9.646897315979004,0.0,PADI_coordinate_water
22417,Italy,la calcarella,41.00465,9.65630,Pinnacle; Sandy bottom; Wall,https://www.padi.com/dive-site/italy/piccolo-papa/,41.00464587700339,9.65629577636719,0.0,PADI_coordinate_water
22419,Italy,Cala Corsi,40.97826,9.64010,Beach; Wall,https://www.padi.com/dive-site/italy/cala-corsi/,40.97892610753445,9.642305374145508,200,minimum_nearest_shoreline_crossing
22421,Italy,Mammuthone,40.99601,9.66220,Cave; Wall; Cavern,https://www.padi.com/dive-site/italy/mamuthone-la-spacca/,40.99667835618614,9.664406776428224,200,minimum_nearest_shoreline_crossing
23101,Italy,isolotti dell'ogliastra,39.97515,9.70651,Pinnacle,https://www.padi.com/dive-site/italy/isolotti-dellogliastra-2/,39.97514690551084,9.706506729125978,0.0,PADI_coordinate_water
23104,Italy,CALA MAGRONI - Canyon - Grotta della Sorgente,40.07318,9.73178,Cave; Wall; Spring,https://www.padi.com/dive-site/italy/cala-magroni-canyon/,40.07317847274678,9.731783866882326,0.0,PADI_coordinate_water
23106,Italy,Portu Pedrosu - Sifone,40.08168,9.73322,Cave; Sandy bottom; Fjord,https://www.padi.com/dive-site/italy/portu-pedrosu/,40.081675241387416,9.733221530914308,0.0,PADI_coordinate_water
23262,Italy,Punta Morcone,42.73167,10.36444,Sandy bottom; Wall,https://www.padi.com/dive-site/italy/punta-morcone/,42.73166666666667,10.364444444444445,0.0,PADI_coordinate_water
23263,Italy,Focacciola,42.71583,10.37083,Wall,https://www.padi.com/dive-site/italy/focacciola-2/,42.715833333333336,10.370833333333334,0.0,PADI_coordinate_water
23436,Italy,Punta Sottile,45.60716,13.72233,Beach; Sandy bottom; Archaeological,https://www.padi.com/dive-site/italy/punta-sottile/,45.60540259507255,13.721789717674255,200,minimum_nearest_shoreline_crossing
24175,Italy,SCOGLIO DELLA CORBELLA,42.73433,10.31972,Reef,https://www.padi.com/dive-site/italy/scoglio-della-corbella/,42.73433333333333,10.319722222222222,0.0,PADI_coordinate_water
24580,Italy,Porto Piato,41.78908,16.19184,Cave; Beach; Wall; Cavern,https://www.padi.com/dive-site/italy/porto-piato/,41.789136921746085,16.18942737579346,200,minimum_nearest_shoreline_crossing
24582,Italy,La Grande Grotta,41.78689,16.19119,Cave; Cavern,https://www.padi.com/dive-site/italy/la-grande-grotta/,41.78694903607624,16.188783645629886,200,minimum_nearest_shoreline_crossing
24594,Italy,“Grotta del respiro”.,41.78756,16.19227,Cave; Cavern,https://www.padi.com/dive-site/italy/grotta-del-respiro/,41.78761700908928,16.189861893653873,200,minimum_nearest_shoreline_crossing
25505,Italy,La Lunata,45.22739,12.32228,Muck; Sandy bottom,https://www.padi.com/dive-site/italy/la-lunata/,45.22739250418074,12.322282791137695,0.0,PADI_coordinate_water
2735,Jamaica,Widow Maker Cave,18.49133,-77.93907,Cave,https://www.padi.com/dive-site/jamaica/widow-maker-cave/,18.49133096917478,-77.93907165527344,0.0,PADI_coordinate_water
2736,Jamaica,Basket Reef,18.49597,-77.93778,Reef,https://www.padi.com/dive-site/jamaica/basket-reef/,18.49597067168549,-77.93778419494629,0.0,PADI_coordinate_water
2737,Jamaica,The Point,18.49508,-77.93324,Reef; Wall,https://www.padi.com/dive-site/jamaica/the-point/,18.495075300285045,-77.93323516845703,0.0,PADI_coordinate_water
2738,Jamaica,Sergant Major Reef,18.49149,-77.93461,Reef,https://www.padi.com/dive-site/jamaica/sergant-major-reef/,18.491493767881337,-77.93460845947266,0.0,PADI_coordinate_water
2739,Jamaica,Classroom,18.46154,-77.95263,Wall,https://www.padi.com/dive-site/jamaica/classroom/,18.461536202592544,-77.95263290405273,0.0,PADI_coordinate_water
2740,Jamaica,Reading Reef,18.46007,-77.95589,Reef; Wall,https://www.padi.com/dive-site/jamaica/reading-reef/,18.460070752671413,-77.95589447021484,0.0,PADI_coordinate_water
2741,Jamaica,Paradise Reef,18.46162,-77.95160,Reef; Wall,https://www.padi.com/dive-site/jamaica/paradise-reef-2/,18.46161761611017,-77.95160293579102,0.0,PADI_coordinate_water
2742,Jamaica,Sunset Reef,18.46378,-77.94821,Reef; Wall,https://www.padi.com/dive-site/jamaica/sunset-reef/,18.46377506025412,-77.94821262359619,0.0,PADI_coordinate_water
2743,Jamaica,Chattham Reef,18.49316,-77.93444,Reef,https://www.padi.com/dive-site/jamaica/chattham-reef/,18.493162445704083,-77.9344367980957,0.0,PADI_coordinate_water
1428,Japan,Water Treatment Plant,26.32290,127.74620,Reef,https://www.padi.com/dive-site/japan/water-treatment-plant/,26.3229,127.7462,0.0,PADI_coordinate_water
1429,Japan,Kadena North Steps,26.35940,127.73920,Drift; Reef,https://www.padi.com/dive-site/japan/kadena-north-steps/,26.3594,127.7392,0.0,PADI_coordinate_water
1733,Japan,Cape Hedo Dome,26.86580,128.24570,Cave; Drift; Wall,https://www.padi.com/dive-site/japan/cape-hedo-dome/,26.8658,128.2457,0.0,PADI_coordinate_water
4457,Japan,"Jam, Kadena North",26.35565,127.74059,Reef; Sandy bottom; Ocean,https://www.padi.com/dive-site/japan/jam-kadena-north/,26.355651,127.740591,0.0,PADI_coordinate_water
4458,Japan,Kin Red,26.44638,127.91068,Beach; Sandy bottom; Ocean,https://www.padi.com/dive-site/japan/kin-red/,26.447675,127.912059,200,minimum_nearest_shoreline_crossing
4460,Japan,Cape Maeda (Blue Cave),26.44243,127.77112,Reef; Wall; Cavern; Ocean,https://www.padi.com/dive-site/japan/cape-maeda-blue-cave-2/,26.443727,127.772509,200,minimum_nearest_shoreline_crossing
4467,Japan,"Cape Maeda, Blue Cave",26.44241,127.77112,Cave; Drift; Reef; Wall; Ocean,https://www.padi.com/dive-site/japan/cape-maeda-blue-cave/,26.443707,127.772509,200,minimum_nearest_shoreline_crossing
4669,Japan,Toilet Bowl,26.50274,127.84512,Drift; Reef; Wall; Cavern; Ocean,https://www.padi.com/dive-site/japan/toilet-bowl/,26.504038,127.846506,200,minimum_nearest_shoreline_crossing
4670,Japan,Mermaid's Grotto,26.49734,127.84123,Beach; Drift; Reef; Wall; Ocean,https://www.padi.com/dive-site/japan/mermaids-grotto-2/,26.498642,127.842622,200,minimum_nearest_shoreline_crossing
4681,Japan,"Sunabe South Steps, Sunabe Seawall",26.32188,127.74832,Reef; Ocean,https://www.padi.com/dive-site/japan/sunabe-south-steps-sunabe-seawall-2/,26.321883,127.748315,0.0,PADI_coordinate_water
5971,Japan,Zamami Island,26.22880,127.32935,Reef,https://www.padi.com/dive-site/japan/zamami-island/,26.228797,127.329354,0.0,PADI_coordinate_water
11135,Japan,Mikomoto island,34.57604,138.94140,Drift; Ocean,https://www.padi.com/dive-site/japan/mikomoto-island/,34.57604040609954,138.94139654606226,0.0,PADI_coordinate_water
12357,Japan,Channel Crevices,26.08926,127.70718,Beach; Drift; Reef; Wall; Cavern; Ocean,https://www.padi.com/dive-site/japan/channel-crevices/,26.09057,127.708554,200,minimum_nearest_shoreline_crossing
13854,Japan,Tatsunokuchi,32.69328,129.79164,Beach; Ocean,https://www.padi.com/dive-site/japan/tatsunokuchi/,32.694071426690286,129.793553352356,200,minimum_nearest_shoreline_crossing
15244,Japan,Osezaki,35.02607,138.78701,Beach; Drift; Sandy bottom; Ocean,https://www.padi.com/dive-site/japan/osezaki/,35.02774729487063,138.78624916076663,200,minimum_nearest_shoreline_crossing
19007,Japan,Otomi Beach,35.53936,135.49875,Beach; Sandy bottom; Ocean,https://www.padi.com/dive-site/japan/otomi/,35.539874,135.500865,200,minimum_nearest_shoreline_crossing
19009,Japan,MInabe Syougase,33.74704,135.30350,Wall,https://www.padi.com/dive-site/japan/minabe/,33.7470377121195,135.30349731445315,0.0,PADI_coordinate_water
19358,Japan,Shark Scramble,34.95356,139.77184,Ocean,https://www.padi.com/dive-site/japan/shark-scramble/,34.953563490265054,139.771842956543,0.0,PADI_coordinate_water
21170,Japan,Cape Ose,35.02347,138.78759,Beach; Sandy bottom,https://www.padi.com/dive-site/japan/cape-ose/,35.02514672573678,138.78682851791385,200,minimum_nearest_shoreline_crossing
21408,Japan,Ito,34.95458,139.76871,Reef; Sandy bottom; Ocean,https://www.padi.com/dive-site/japan/ito-diving-service-bommie/,34.954583533697374,139.7687101364136,0.0,PADI_coordinate_water
21409,Japan,Ito,34.95501,139.76914,Reef; Sandy bottom; Ocean,https://www.padi.com/dive-site/japan/ito-diving-service-bommie-2/,34.955005616921746,139.769139289856,0.0,PADI_coordinate_water
22685,Japan,Manza Coral,26.50745,127.85288,Reef; Wall; Ocean,https://www.padi.com/dive-site/japan/manza-coral/,26.50744673286609,127.85287774193772,0.0,PADI_coordinate_water
22703,Japan,Gyosho,34.96145,139.75511,Ocean,https://www.padi.com/dive-site/japan/gyosho/,34.961451,139.755106,0.0,PADI_coordinate_water
25176,Japan,Shakotan Bikuni,43.30679,140.60339,Beach; Reef; Sandy bottom; Wall,https://www.padi.com/dive-site/japan/shakotan-bikuni/,43.30503764769848,140.60281276702884,200,minimum_nearest_shoreline_crossing
25319,Japan,志賀島 (Shikanoshima),33.68116,130.30583,Beach,https://www.padi.com/dive-site/japan/shikanoshima/,33.68179588346648,130.3078507711521,200,minimum_nearest_shoreline_crossing
5795,Jordan,Cave,29.41584,34.97246,Cave; Beach,https://www.padi.com/dive-site/jordan/snuba/,29.417152,34.973881,200,minimum_nearest_shoreline_crossing
5813,Jordan,Power Station,29.48103,34.98084,Reef; Wall,https://www.padi.com/dive-site/jordan/power-station-2/,29.482307,34.982293,200,minimum_nearest_shoreline_crossing
5814,Jordan,FIRST BAY NORTH,29.44868,34.96816,Pinnacle; Reef; Sandy bottom,https://www.padi.com/dive-site/jordan/first-bay-north/,29.449968,34.9696,200,minimum_nearest_shoreline_crossing
5815,Jordan,FIRST BAY SOUTH,29.44738,34.96779,Reef; Sandy bottom,https://www.padi.com/dive-site/jordan/first-bay-south/,29.44867,34.969225,200,minimum_nearest_shoreline_crossing
5817,Jordan,KING ABDULLAH REEF,29.43923,34.96797,Reef,https://www.padi.com/dive-site/jordan/king-abdullah-reef/,29.440523,34.969397,200,minimum_nearest_shoreline_crossing
5819,Jordan,BLACK ROCK,29.43277,34.97113,Pinnacle; Reef,https://www.padi.com/dive-site/jordan/black-rock-4/,29.434075,34.972562,200,minimum_nearest_shoreline_crossing
5820,Jordan,RAINBOW REEF,29.43042,34.97258,Reef,https://www.padi.com/dive-site/jordan/rainbow-reef/,29.431721,34.973999,200,minimum_nearest_shoreline_crossing
10078,Jordan,Japanese garden,29.42844,34.97227,Reef,https://www.padi.com/dive-site/jordan/japanese-garden/,29.42974,34.973688,200,minimum_nearest_shoreline_crossing
10080,Jordan,Power Station,29.48110,34.98061,Reef; Wall,https://www.padi.com/dive-site/jordan/power-station/,29.482382,34.982057,200,minimum_nearest_shoreline_crossing
21946,Jordan,Yallow Stone Reef,29.41518,34.97313,Reef,https://www.padi.com/dive-site/jordan/yallow-stone-reef/,29.41648854115581,34.97453564263783,200,minimum_nearest_shoreline_crossing
22559,Jordan,Cabel Reef,29.43227,34.97159,Beach; Drift; Reef; Archaeological,https://www.padi.com/dive-site/jordan/cabel-reef/,29.433570850888724,34.973023137128315,200,minimum_nearest_shoreline_crossing
8015,Kenya,Moray Reef and surrounds,-3.37124,40.00749,Reef; Wall; Ocean,https://www.padi.com/dive-site/kenya/moray-reef-and-surrounds/,-3.3712420467039843,40.0074863433838,0.0,PADI_coordinate_water
8016,Kenya,Brain Coral,-3.35505,40.02753,Reef; Ocean,https://www.padi.com/dive-site/kenya/brain-coral/,-3.3550479846565526,40.02752780914307,0.0,PADI_coordinate_water
8057,Kenya,"South Canyon, Canyon and Dolphin Point",-3.36135,40.02015,Reef; Ocean,https://www.padi.com/dive-site/kenya/south-canyon/,-3.361345707408585,40.02014636993408,0.0,PADI_coordinate_water
11348,Kenya,Igloo,-4.33743,39.58018,Ocean,https://www.padi.com/dive-site/kenya/igloo/,-4.337433333333333,39.58018333333334,0.0,PADI_coordinate_water
11447,Kenya,Kisima Mungu,-4.32723,39.58362,Ocean,https://www.padi.com/dive-site/kenya/kisima-mungu/,-4.327233333333333,39.58361666666667,0.0,PADI_coordinate_water
11449,Kenya,Galu,-4.35039,39.57683,Pinnacle; Reef; Ocean,https://www.padi.com/dive-site/kenya/galu/,-4.350391,39.576831,0.0,PADI_coordinate_water
24323,Kenya,Swahili nurseries,-4.29408,39.59614,Reef; Sandy bottom,https://www.padi.com/dive-site/kenya/swahili-nurseries/,-4.294075,39.596143,0.0,PADI_coordinate_water
342,Kuwait,Qarouh,28.81655,48.77751,Beach; Drift; Reef,https://www.padi.com/dive-site/kuwait/qarouh/,28.817266326870023,48.77562761306763,200,minimum_nearest_shoreline_crossing
2083,Kuwait,Kubbar Island,29.07153,48.49280,Drift; Reef,https://www.padi.com/dive-site/kuwait/kubbar-island/,29.071531744808755,48.49280261390959,0.0,PADI_coordinate_water
6541,Kuwait,Qarooh Island,28.81750,48.77600,Drift; Sandy bottom,https://www.padi.com/dive-site/kuwait/qarooh-island/,28.8175,48.776,0.0,PADI_coordinate_water
20420,Kuwait,Qarouh Island,28.81617,48.77474,Reef,https://www.padi.com/dive-site/kuwait/qarouh-island/,28.816166498518708,48.77473711967469,0.0,PADI_coordinate_water
11286,Madagascar,Nosy Tanilkely,-13.48103,48.23818,Reef,https://www.padi.com/dive-site/madagascar/nosy-tanilkely/,-13.481032090187949,48.23817729949952,0.0,PADI_coordinate_water
25030,Madagascar,Turtle Towers,-13.44635,48.33573,Reef,https://www.padi.com/dive-site/madagascar/turtle-towers/,-13.446349532713043,48.33572924137116,0.0,PADI_coordinate_water
78,Malaysia,Chebeh Island,2.93310,104.09829,Reef,https://www.padi.com/dive-site/malaysia/chebeh-island/,2.9330976376298064,104.09829139709473,0.0,PADI_coordinate_water
91,Malaysia,Sapi House Reef,6.00880,116.00954,Reef,https://www.padi.com/dive-site/malaysia/sapi-house-reef/,6.008797705278647,116.0095417499542,0.0,PADI_coordinate_water
135,Malaysia,Labas Island,2.89007,104.06628,Cave; Reef,https://www.padi.com/dive-site/malaysia/labas-island/,2.8900662536258954,104.06627655029295,0.0,PADI_coordinate_water
242,Malaysia,Coral Hills,4.24096,118.63917,Reef,https://www.padi.com/dive-site/malaysia/coral-hills/,4.24096466294413,118.63916873931883,0.0,PADI_coordinate_water
247,Malaysia,Stingray City,4.23313,118.63114,Reef,https://www.padi.com/dive-site/malaysia/stingray-city/,4.233132619287936,118.63114356994627,0.0,PADI_coordinate_water
252,Malaysia,Panglima,4.24582,118.62529,Reef,https://www.padi.com/dive-site/malaysia/panglima/,4.245822202053829,118.62528562545776,0.0,PADI_coordinate_water
259,Malaysia,Black Ray Channel,4.21079,118.67951,Reef,https://www.padi.com/dive-site/malaysia/black-ray-channel/,4.2107916008364255,118.67950916290285,0.0,PADI_coordinate_water
272,Malaysia,Mid Reef,4.11269,118.63599,Wall,https://www.padi.com/dive-site/malaysia/mid-reef-2/,4.112689008703825,118.6359930038452,0.0,PADI_coordinate_water
278,Malaysia,Hawksbill Highway,4.65569,118.65732,Reef,https://www.padi.com/dive-site/malaysia/hawksbill-highway/,4.655689121449002,118.65732192993164,0.0,PADI_coordinate_water
281,Malaysia,Left Shoulder,4.64887,118.65644,Reef,https://www.padi.com/dive-site/malaysia/left-shoulder/,4.6488666763399005,118.65644216537474,0.0,PADI_coordinate_water
608,Malaysia,Nudi Garden,6.00758,116.00914,Reef,https://www.padi.com/dive-site/malaysia/nudi-garden/,6.007581336454326,116.00914478302003,0.0,PADI_coordinate_water
609,Malaysia,Rons Reef,6.00464,116.00537,Reef,https://www.padi.com/dive-site/malaysia/rons-reef/,6.004636432258074,116.00536823272704,0.0,PADI_coordinate_water
610,Malaysia,Sapi Slope,6.00634,116.00460,Reef,https://www.padi.com/dive-site/malaysia/sapi-slope/,6.006343625036563,116.00459575653078,0.0,PADI_coordinate_water
612,Malaysia,Ribbon Reef,6.01330,116.00335,Reef,https://www.padi.com/dive-site/malaysia/ribbon-reef/,6.013300380250722,116.00335121154784,0.0,PADI_coordinate_water
614,Malaysia,Padang Point,6.01057,116.01331,Reef,https://www.padi.com/dive-site/malaysia/padang-point/,6.010568904144487,116.01330757141112,0.0,PADI_coordinate_water
615,Malaysia,Mangrove corner,5.99580,116.03674,Reef,https://www.padi.com/dive-site/malaysia/mangrove-corner/,5.995801624171918,116.03673934936522,0.0,PADI_coordinate_water
629,Malaysia,South Reef,5.96149,116.01292,Reef,https://www.padi.com/dive-site/malaysia/south-reef/,5.961485362142948,116.01292133331296,0.0,PADI_coordinate_water
630,Malaysia,The Rock,5.96755,116.01228,Reef,https://www.padi.com/dive-site/malaysia/the-rock/,5.967546350905828,116.0122776031494,0.0,PADI_coordinate_water
680,Malaysia,2WIN House Reef,4.59606,118.86107,Reef,https://www.padi.com/dive-site/malaysia/2win-house-reef/,4.596060007408008,118.86107325553895,0.0,PADI_coordinate_water
982,Malaysia,All dive sits surrounding Gem & Kapas Island,5.23302,103.26076,Reef,https://www.padi.com/dive-site/malaysia/all-dive-sits-surrounding-gem-kapas-island/,5.233016197158791,103.26075553894042,0.0,PADI_coordinate_water
997,Malaysia,Pulau Renggis,2.80944,104.13546,Reef,https://www.padi.com/dive-site/malaysia/pulau-renggis/,2.809442325583394,104.13545608520506,0.0,PADI_coordinate_water
998,Malaysia,Soyak Island,2.87528,104.14726,Reef,https://www.padi.com/dive-site/malaysia/soyak-island/,2.875279194982679,104.1472578048706,0.0,PADI_coordinate_water
1000,Malaysia,Batu Malang,2.90322,104.10443,Reef,https://www.padi.com/dive-site/malaysia/batu-malang/,2.903224430799768,104.1044282913208,0.0,PADI_coordinate_water
1100,Malaysia,Stingray City,4.55307,118.92786,Drift; Reef,https://www.padi.com/dive-site/malaysia/stingray-city-2/,4.553067482825477,118.92786026000977,0.0,PADI_coordinate_water
1101,Malaysia,Lobster Wall,4.58924,118.86737,Drift,https://www.padi.com/dive-site/malaysia/lobster-wall-2/,4.589236988194753,118.86737108230592,0.0,PADI_coordinate_water
1671,Malaysia,Mayne Rock,6.44291,116.29509,Reef,https://www.padi.com/dive-site/malaysia/mayne-rock/,6.442906217083629,116.29508972167967,0.0,PADI_coordinate_water
1672,Malaysia,Mayne Reef,6.44632,116.31294,Reef,https://www.padi.com/dive-site/malaysia/mayne-reef/,6.446317749457659,116.3129425048828,0.0,PADI_coordinate_water
1673,Malaysia,Ella's Garden,6.44035,116.33938,Reef,https://www.padi.com/dive-site/malaysia/ellas-garden/,6.440347552748755,116.3393783569336,0.0,PADI_coordinate_water
1674,Malaysia,North Hill,6.43608,116.34745,Drift,https://www.padi.com/dive-site/malaysia/north-hill/,6.436083083530553,116.3474464416504,0.0,PADI_coordinate_water
1675,Malaysia,Leopard Reef,6.33236,116.24891,Reef,https://www.padi.com/dive-site/malaysia/leopard-reef/,6.33236022397594,116.2489128112793,0.0,PADI_coordinate_water
1676,Malaysia,Pulau Pandan,6.35164,116.30805,Reef,https://www.padi.com/dive-site/malaysia/pulau-pandan/,6.351639250175718,116.30805015563963,0.0,PADI_coordinate_water
1678,Malaysia,Fish Bowl,6.42619,116.32324,Reef,https://www.padi.com/dive-site/malaysia/fish-bowl/,6.426189377092163,116.3232421875,0.0,PADI_coordinate_water
1770,Malaysia,Agyll's Reef,6.02645,116.00455,Reef,https://www.padi.com/dive-site/malaysia/agylls-reef/,6.026445417052455,116.00455284118654,0.0,PADI_coordinate_water
1772,Malaysia,Edgell Patches,5.99674,115.99314,Reef,https://www.padi.com/dive-site/malaysia/edgell-patches/,5.996740596081588,115.99313735961913,0.0,PADI_coordinate_water
1773,Malaysia,Bulijong Reef,6.04497,116.01588,Reef,https://www.padi.com/dive-site/malaysia/bulijong-reef/,6.044967428373977,116.01588249206544,0.0,PADI_coordinate_water
1774,Malaysia,North Sulug Reef,5.96422,115.99228,Reef,https://www.padi.com/dive-site/malaysia/north-sulug-reef/,5.964217083680018,115.99227905273438,0.0,PADI_coordinate_water
1775,Malaysia,South Sulug Reef,5.95799,115.99545,Reef,https://www.padi.com/dive-site/malaysia/south-sulug-reef/,5.957985324048251,115.995454788208,0.0,PADI_coordinate_water
1776,Malaysia,Turtle Patch,6.00715,116.02275,Reef,https://www.padi.com/dive-site/malaysia/turtle-patch/,6.0071545397315305,116.02274894714354,0.0,PADI_coordinate_water
1777,Malaysia,Hanging Gardens,6.01774,116.00627,Reef,https://www.padi.com/dive-site/malaysia/hanging-gardens/,6.017738999664844,116.00626945495604,0.0,PADI_coordinate_water
2128,Malaysia,Shark Point,5.88644,102.74637,Reef,https://www.padi.com/dive-site/malaysia/shark-point-5/,5.886443089554543,102.7463722229004,0.0,PADI_coordinate_water
2139,Malaysia,mari mari house reef,6.05977,116.07464,Beach; Reef,https://www.padi.com/dive-site/malaysia/mari-mari-house-reef/,6.059541330340395,116.07285261154176,200,minimum_nearest_shoreline_crossing
2140,Malaysia,pancang point,6.05778,116.06616,Reef,https://www.padi.com/dive-site/malaysia/pancang-point/,6.057780960423528,116.06615781784058,0.0,PADI_coordinate_water
2141,Malaysia,clement reef,6.08175,116.08171,Reef,https://www.padi.com/dive-site/malaysia/clement-reef-2/,6.081753504172815,116.08171463012695,0.0,PADI_coordinate_water
2426,Malaysia,Magic Rock,6.05924,116.07193,Reef,https://www.padi.com/dive-site/malaysia/magic-rock/,6.059242601304393,116.07192993164062,0.0,PADI_coordinate_water
2466,Malaysia,North Point,6.07740,116.08107,Reef,https://www.padi.com/dive-site/malaysia/north-point/,6.077400758420543,116.08107089996338,0.0,PADI_coordinate_water
2467,Malaysia,Mount K Avenue,6.07531,116.08077,Reef,https://www.padi.com/dive-site/malaysia/mount-k-avenue/,6.075309720979552,116.0807704925537,0.0,PADI_coordinate_water
2468,Malaysia,Red Carpet,6.07228,116.08021,Reef,https://www.padi.com/dive-site/malaysia/red-carpet/,6.072279835991389,116.08021259307864,0.0,PADI_coordinate_water
2469,Malaysia,The Shallows,6.06720,116.08120,Reef,https://www.padi.com/dive-site/malaysia/the-shallows/,6.067201539832918,116.0811996459961,0.0,PADI_coordinate_water
2470,Malaysia,Kampung,6.06622,116.07639,Reef,https://www.padi.com/dive-site/malaysia/kampung/,6.066220014889099,116.0763931274414,0.0,PADI_coordinate_water
2471,Malaysia,Bikini Bottom,6.06276,116.07614,Reef,https://www.padi.com/dive-site/malaysia/bikini-bottom/,6.062763325861136,116.07613563537596,0.0,PADI_coordinate_water
2472,Malaysia,South Point,6.06059,116.06695,Reef,https://www.padi.com/dive-site/malaysia/south-point-3/,6.060586880664276,116.06695175170896,0.0,PADI_coordinate_water
2473,Malaysia,Macro Haven,6.06310,116.06721,Reef,https://www.padi.com/dive-site/malaysia/macro-haven/,6.0631047282326245,116.0672092437744,0.0,PADI_coordinate_water
2474,Malaysia,Mikey's Ear,6.06818,116.06858,Reef,https://www.padi.com/dive-site/malaysia/mikeys-ear/,6.068183062989532,116.06858253479004,0.0,PADI_coordinate_water
2475,Malaysia,Peaceful Garden,6.07168,116.06781,Reef,https://www.padi.com/dive-site/malaysia/peaceful-garden/,6.071682391868955,116.06781005859376,0.0,PADI_coordinate_water
2476,Malaysia,Tanjung Lagoon,6.07540,116.07081,Reef,https://www.padi.com/dive-site/malaysia/tanjung-lagoon/,6.075395069605549,116.07081413269042,0.0,PADI_coordinate_water
2477,Malaysia,JC's Runway,6.07702,116.07408,Reef,https://www.padi.com/dive-site/malaysia/jcs-runway/,6.077016690928189,116.07407569885252,0.0,PADI_coordinate_water
2478,Malaysia,Gaya Strip,6.07757,116.07725,Reef,https://www.padi.com/dive-site/malaysia/gaya-strip/,6.077571454995844,116.07725143432616,0.0,PADI_coordinate_water
2504,Malaysia,Cepu,6.15574,99.71741,Reef,https://www.padi.com/dive-site/malaysia/cepu/,6.155744771144263,99.7174072265625,0.0,PADI_coordinate_water
2505,Malaysia,White Coral Corner,6.20541,99.70470,Reef,https://www.padi.com/dive-site/malaysia/white-coral-corner/,6.205407876724938,99.70470428466795,0.0,PADI_coordinate_water
2506,Malaysia,Tanjung Intan,6.23851,99.73560,Reef,https://www.padi.com/dive-site/malaysia/tanjung-intan/,6.23851401600185,99.73560333251952,0.0,PADI_coordinate_water
2507,Malaysia,The Stables,6.23647,99.70505,Reef,https://www.padi.com/dive-site/malaysia/the-stables/,6.236466274129058,99.70504760742188,0.0,PADI_coordinate_water
2508,Malaysia,Intan Bay,6.23664,99.71572,Reef,https://www.padi.com/dive-site/malaysia/intan-bay/,6.235442400193342,99.7170639038086,200,minimum_nearest_shoreline_crossing
2509,Malaysia,Razorreef,6.24636,99.70608,Reef,https://www.padi.com/dive-site/malaysia/razorreef/,6.246363619044539,99.7060775756836,0.0,PADI_coordinate_water
2510,Malaysia,The crimescene,6.29585,99.68616,Reef,https://www.padi.com/dive-site/malaysia/the-crimescene/,6.295847530881336,99.68616485595705,0.0,PADI_coordinate_water
2918,Malaysia,House Reef Mataking,4.57944,118.94646,Reef,https://www.padi.com/dive-site/malaysia/house-reef-mataking/,4.579440815245889,118.94646406173705,0.0,PADI_coordinate_water
2919,Malaysia,Sweetlips Rock,4.58689,118.94541,Reef,https://www.padi.com/dive-site/malaysia/sweetlips-rock/,4.586894902295313,118.94541263580322,0.0,PADI_coordinate_water
2920,Malaysia,Humphead Point,4.59582,118.94421,Reef,https://www.padi.com/dive-site/malaysia/humphead-point/,4.595824731970166,118.94421100616454,0.0,PADI_coordinate_water
2921,Malaysia,Turtle Playground,4.60290,118.94739,Reef,https://www.padi.com/dive-site/malaysia/turtle-playground/,4.60290434977224,118.94738674163818,0.0,PADI_coordinate_water
2922,Malaysia,D'wall,4.60055,118.94966,Reef; Wall,https://www.padi.com/dive-site/malaysia/dwall/,4.600551614504076,118.94966125488284,0.0,PADI_coordinate_water
2923,Malaysia,Lobster Lair,4.58280,118.95335,Drift; Reef,https://www.padi.com/dive-site/malaysia/lobster-lair/,4.582798907125291,118.9533519744873,0.0,PADI_coordinate_water
2924,Malaysia,Nudibranch Heaven,4.57925,118.95389,Reef,https://www.padi.com/dive-site/malaysia/nudibranch-heaven/,4.5792483126857615,118.95388841629028,0.0,PADI_coordinate_water
2925,Malaysia,Coral Garden,4.57142,118.95679,Reef; Wall,https://www.padi.com/dive-site/malaysia/coral-garden-5/,4.57141983137713,118.95678520202635,0.0,PADI_coordinate_water
2926,Malaysia,Garden Of Eden,4.56323,118.95397,Reef; Channel,https://www.padi.com/dive-site/malaysia/garden-of-eden/,4.563227640511611,118.95397424697876,0.0,PADI_coordinate_water
2927,Malaysia,Eel Garden,4.56915,118.94947,Reef; Wall,https://www.padi.com/dive-site/malaysia/eel-garden-2/,4.569152550320806,118.94946813583374,0.0,PADI_coordinate_water
2928,Malaysia,Magic Rock,4.57675,118.94695,Reef; Wall,https://www.padi.com/dive-site/malaysia/magic-rock-2/,4.576745774690998,118.94694685935973,0.0,PADI_coordinate_water
2929,Malaysia,Frog Fish Farm,4.58772,118.91820,Drift; Reef; Wall,https://www.padi.com/dive-site/malaysia/frog-fish-farm/,4.587718376295499,118.91820430755617,0.0,PADI_coordinate_water
2930,Malaysia,Treasure Hunt,4.58250,118.92018,Drift; Reef; Wall,https://www.padi.com/dive-site/malaysia/treasure-hunt/,4.582499460082276,118.92017841339111,0.0,PADI_coordinate_water
2931,Malaysia,Pandanan Bay,4.58023,118.91537,Drift; Reef; Wall,https://www.padi.com/dive-site/malaysia/pandanan-bay/,4.580189435820535,118.91356945037842,200,minimum_nearest_shoreline_crossing
2932,Malaysia,Nudibranch Town,4.57642,118.91486,Drift; Reef,https://www.padi.com/dive-site/malaysia/nudibranch-town/,4.576424935853651,118.91485691070557,0.0,PADI_coordinate_water
2933,Malaysia,Sweetlips Table,4.55931,118.92559,Drift; Reef; Wall,https://www.padi.com/dive-site/malaysia/sweetlips-table/,4.559313323087172,118.92558574676514,0.0,PADI_coordinate_water
2934,Malaysia,Jalan Jalan,4.54314,118.93138,Drift; Reef; Wall,https://www.padi.com/dive-site/malaysia/jalan-jalan/,4.543142474467938,118.9313793182373,0.0,PADI_coordinate_water
2935,Malaysia,Aquarium,4.53347,118.93490,Drift; Reef; Wall,https://www.padi.com/dive-site/malaysia/aquarium/,4.533474016000029,118.93489837646484,0.0,PADI_coordinate_water
2936,Malaysia,Pistol Paradise,4.52329,118.93756,Drift; Reef; Wall,https://www.padi.com/dive-site/malaysia/pistol-paradise/,4.523292048211383,118.93755912780762,0.0,PADI_coordinate_water
2937,Malaysia,Eye Candy,4.51020,118.94091,Drift; Reef; Wall,https://www.padi.com/dive-site/malaysia/eye-candy/,4.51020073647502,118.9409065246582,0.0,PADI_coordinate_water
2938,Malaysia,Divers Delight,4.49668,118.94434,Drift; Reef; Wall,https://www.padi.com/dive-site/malaysia/divers-delight/,4.496681356457466,118.94433975219724,0.0,PADI_coordinate_water
2939,Malaysia,Cahaya Way,4.47649,118.94623,Drift; Reef; Wall,https://www.padi.com/dive-site/malaysia/cahaya-way/,4.476487385132403,118.94622802734374,0.0,PADI_coordinate_water
2940,Malaysia,Pancang,4.44996,118.94709,Drift; Reef; Wall; Channel,https://www.padi.com/dive-site/malaysia/pancang/,4.449960559539092,118.94708633422852,0.0,PADI_coordinate_water
2942,Malaysia,Macro Mania,4.54785,118.82555,Reef; Channel,https://www.padi.com/dive-site/malaysia/macro-mania/,4.54784831444508,118.8255500793457,0.0,PADI_coordinate_water
2943,Malaysia,Mandarin Valley,4.54806,118.81783,Reef; Channel,https://www.padi.com/dive-site/malaysia/mandarin-valley/,4.548062215531998,118.8178253173828,0.0,PADI_coordinate_water
2944,Malaysia,Mandarin House,4.59007,118.86447,Drift; Reef; Wall,https://www.padi.com/dive-site/malaysia/mandarin-house/,4.590071153919657,118.86447429656982,0.0,PADI_coordinate_water
2945,Malaysia,Cliff Hanger,4.59088,118.86995,Drift; Reef; Wall,https://www.padi.com/dive-site/malaysia/cliff-hanger/,4.59088392984198,118.8699460029602,0.0,PADI_coordinate_water
2946,Malaysia,Pit Rock,4.59439,118.86988,Drift; Reef,https://www.padi.com/dive-site/malaysia/pit-rock/,4.59439168899004,118.86988162994383,0.0,PADI_coordinate_water
2948,Malaysia,New Life,4.59264,118.86048,Drift; Reef; Wall,https://www.padi.com/dive-site/malaysia/new-life/,4.592637811572356,118.86048316955566,0.0,PADI_coordinate_water
2949,Malaysia,Bay Watch,4.60076,118.86366,Drift; Reef; Wall,https://www.padi.com/dive-site/malaysia/bay-watch/,4.600722722785758,118.86185646057127,200,minimum_nearest_shoreline_crossing
4499,Malaysia,BATU NISAN ROCK,5.92085,102.72673,Ocean,https://www.padi.com/dive-site/malaysia/batu-nisan-rock/,5.920849,102.726728,0.0,PADI_coordinate_water
4512,Malaysia,BATU NISAN,5.92089,102.72384,Ocean,https://www.padi.com/dive-site/malaysia/batu-nisan-2/,5.920892,102.723842,0.0,PADI_coordinate_water
4513,Malaysia,D'LAGOON,5.93343,102.72330,Ocean,https://www.padi.com/dive-site/malaysia/dlagoon-2/,5.933431,102.723305,0.0,PADI_coordinate_water
4515,Malaysia,SERENGGEH,5.94308,102.66821,Ocean,https://www.padi.com/dive-site/malaysia/serenggeh/,5.943078,102.668213,0.0,PADI_coordinate_water
4517,Malaysia,BATU LAYAR,5.91343,102.74455,Ocean,https://www.padi.com/dive-site/malaysia/batu-layar/,5.913433,102.744548,0.0,PADI_coordinate_water
5267,Malaysia,Terembu Tiga,5.90053,102.77401,Ocean,https://www.padi.com/dive-site/malaysia/terembu-tiga/,5.90053,102.77401,0.0,PADI_coordinate_water
5603,Malaysia,Beras Laut,6.24159,99.70608,Reef,https://www.padi.com/dive-site/malaysia/beras-laut/,6.241586,99.706078,0.0,PADI_coordinate_water
5832,Malaysia,Fan Canyon,2.91051,104.11335,Reef,https://www.padi.com/dive-site/malaysia/fan-canyon/,2.910511,104.113355,0.0,PADI_coordinate_water
6314,Malaysia,Satang Island,1.78439,110.16322,Reef,https://www.padi.com/dive-site/malaysia/satang-island/,1.7843889845058944,110.16321659088136,0.0,PADI_coordinate_water
6690,Malaysia,Clement's Reef,6.01936,116.00537,Reef,https://www.padi.com/dive-site/malaysia/clements-reef/,6.019360793871864,116.00536823272706,0.0,PADI_coordinate_water
8385,Malaysia,Sipadan,4.11776,118.62878,Cave; Drift; Reef; Wall; Channel,https://www.padi.com/dive-site/malaysia/sipadan/,4.117761365379272,118.6287832260132,0.0,PADI_coordinate_water
8650,Malaysia,Berlabuh,2.76879,104.22585,Reef; Ocean,https://www.padi.com/dive-site/malaysia/berlabuh/,2.768786679680632,104.22585309375933,0.0,PADI_coordinate_water
8775,Malaysia,Amigo House Sand,2.79669,104.20759,Beach; Muck; Sandy bottom,https://www.padi.com/dive-site/malaysia/amigo-house-sand/,2.797654731299139,104.20606523752215,200,minimum_nearest_shoreline_crossing
9021,Malaysia,Sibuan Island,4.58109,118.70363,Beach,https://www.padi.com/dive-site/malaysia/sibuan-island/,4.581045001232063,118.70182514190674,200,minimum_nearest_shoreline_crossing
9429,Malaysia,Lembu Rock,6.07508,100.05519,Drift; Reef; Sandy bottom; Wall; Ocean,https://www.padi.com/dive-site/malaysia/lembu-rock/,6.0750750121883,100.05519390106204,0.0,PADI_coordinate_water
9437,Malaysia,Coral Garden,6.05695,100.03565,Reef; Wall,https://www.padi.com/dive-site/malaysia/coral-garden-11/,6.056948579709153,100.03565132617952,0.0,PADI_coordinate_water
9438,Malaysia,Lembu Rocks,6.07685,100.05854,Reef; Sandy bottom,https://www.padi.com/dive-site/malaysia/lembu-rocks/,6.076847767933329,100.0585412979126,0.0,PADI_coordinate_water
9439,Malaysia,Grouper Farm,6.05653,100.03532,Reef; Sandy bottom,https://www.padi.com/dive-site/malaysia/grouper-farm/,6.056528202862486,100.03532409667967,0.0,PADI_coordinate_water
10526,Malaysia,Perhentian Island,5.90848,102.73783,Beach; Drift; Reef; Sandy bottom; Wall; Cavern; Ocean,https://www.padi.com/dive-site/malaysia/perhentian-island/,5.906840231958539,102.73709423842574,200,minimum_nearest_shoreline_crossing
13969,Malaysia,Paradise 1,4.24968,118.63188,Muck; Sandy bottom,https://www.padi.com/dive-site/malaysia/paradise-1/,4.249684252231942,118.6318767856433,0.0,PADI_coordinate_water
13970,Malaysia,Lobster Wall,4.24482,118.62671,Cave; Drift; Reef; Wall,https://www.padi.com/dive-site/malaysia/lobster-wall-3/,4.244820337636341,118.62671280794244,0.0,PADI_coordinate_water
13971,Malaysia,Artifical Reef,4.24920,118.63344,Muck; Sandy bottom,https://www.padi.com/dive-site/malaysia/artifical-reef/,4.249202920309543,118.63343764678967,0.0,PADI_coordinate_water
23681,Malaysia,Jahat Island,2.66326,104.16788,Reef,https://www.padi.com/dive-site/malaysia/jahat-island/,2.66326,104.167877,0.0,PADI_coordinate_water
24533,Malaysia,SEAHORSE DRIFT,5.90015,102.70719,Muck,https://www.padi.com/dive-site/malaysia/seahorse-drift/,5.900146107583261,102.70719051361084,0.0,PADI_coordinate_water
25072,Malaysia,Redang Bay House Reef,5.77539,103.03582,Beach; Reef; Sandy bottom,https://www.padi.com/dive-site/malaysia/redang-island/,5.773903415587264,103.0348062515259,200,minimum_nearest_shoreline_crossing
2247,Maldives,Solha Corner,5.49442,72.83378,Drift; Reef; Wall,https://www.padi.com/dive-site/maldives/solha-corner/,5.4944224029173805,72.83377647399902,0.0,PADI_coordinate_water
2348,Maldives,Maaya Thila,4.09125,72.86210,Reef,https://www.padi.com/dive-site/maldives/maaya-thila/,4.091254200299944,72.86210060119629,0.0,PADI_coordinate_water
2403,Maldives,Fushi Kandu,2.03912,73.53682,Channel,https://www.padi.com/dive-site/maldives/fushi-kandu/,2.039121138802623,73.53681564331055,0.0,PADI_coordinate_water
5176,Maldives,Rasdhoo Channel,4.25783,72.98887,Drift; Pinnacle; Reef; Sandy bottom; Wall; Channel; Ocean,https://www.padi.com/dive-site/maldives/rasdhoo-channel/,4.257827,72.988873,0.0,PADI_coordinate_water
5510,Maldives,Madigaa,4.32149,73.00535,Pinnacle; Reef,https://www.padi.com/dive-site/maldives/madigaa/,4.321485,73.005352,0.0,PADI_coordinate_water
5720,Maldives,VELIGANDU EAST,4.29544,73.01419,Drift; Wall,https://www.padi.com/dive-site/maldives/veligandu-east/,4.295444,73.014193,0.0,PADI_coordinate_water
5989,Maldives,Mundoo Kandu,2.01954,73.53737,Channel,https://www.padi.com/dive-site/maldives/mundoo-kandu/,2.019543,73.537374,0.0,PADI_coordinate_water
7089,Maldives,Villingili Coral Garden,-0.67873,73.20036,Ocean,https://www.padi.com/dive-site/maldives/villingili-coral-garden/,-0.678733,73.200359,0.0,PADI_coordinate_water
7090,Maldives,Demon Point,-0.57815,73.09307,Drift; Ocean,https://www.padi.com/dive-site/maldives/demon-point/,-0.578146,73.093071,0.0,PADI_coordinate_water
7091,Maldives,Kottey Corner,-0.58261,73.07041,Drift; Reef,https://www.padi.com/dive-site/maldives/kottey-corner/,-0.5826086731053001,73.0704116821289,0.0,PADI_coordinate_water
7093,Maldives,Bodu Hohola,-0.59806,73.10268,Wall; Cavern; Ocean,https://www.padi.com/dive-site/maldives/bodu-hohola/,-0.598057,73.102684,0.0,PADI_coordinate_water
7094,Maldives,Marc's Dream,-0.61900,73.14457,Reef,https://www.padi.com/dive-site/maldives/marcs-dream/,-0.6189988836497611,73.14456939697266,0.0,PADI_coordinate_water
7185,Maldives,Bathala Thila,4.07085,72.94733,Drift; Reef,https://www.padi.com/dive-site/maldives/bathala-thila/,4.070846188648902,72.94733047485353,0.0,PADI_coordinate_water
7200,Maldives,Male' Caves Divesite,4.17779,73.50216,Cave; Beach; Reef; Wall; Ocean,https://www.padi.com/dive-site/maldives/male-caves-divesite/,4.176056,73.501664,200,minimum_nearest_shoreline_crossing
7491,Maldives,Tiger shark dive site,-0.30660,73.44128,Reef,https://www.padi.com/dive-site/maldives/tiger-shark-dive-site/,-0.306601849200684,73.44128072261812,0.0,PADI_coordinate_water
8472,Maldives,One Rock,5.28041,73.56488,Pinnacle,https://www.padi.com/dive-site/maldives/one-rock/,5.280409145441935,73.5648822784424,0.0,PADI_coordinate_water
8482,Maldives,Maakana  Corner,5.44068,73.61381,Drift; Channel; Ocean,https://www.padi.com/dive-site/maldives/maakana-corner/,5.440680527765897,73.61380577087404,0.0,PADI_coordinate_water
8728,Maldives,Hudu thila,3.57613,72.93016,Pinnacle,https://www.padi.com/dive-site/maldives/hudu-thila-2/,3.576128902919655,72.93016433715822,0.0,PADI_coordinate_water
8769,Maldives,Farikede Plateau,-0.33286,73.44720,Drift; Reef; Ocean,https://www.padi.com/dive-site/maldives/farikede-plateau/,-0.332858,73.447198,0.0,PADI_coordinate_water
8908,Maldives,Falhuma House Reef,0.67028,73.43478,Reef; Ocean,https://www.padi.com/dive-site/maldives/falhuma-house-reef/,0.6702760658494218,73.43478012189736,0.0,PADI_coordinate_water
8919,Maldives,Soft Coral Pass,2.93773,72.85721,Reef; Wall,https://www.padi.com/dive-site/maldives/soft-coral-pass/,2.9377264133969185,72.85720825195314,0.0,PADI_coordinate_water
8920,Maldives,Fushi Faru,2.92298,72.85266,Reef; Wall,https://www.padi.com/dive-site/maldives/fushi-faru/,2.9229828387605696,72.85265922546388,0.0,PADI_coordinate_water
9066,Maldives,Boava Faru,0.65616,73.42326,Pinnacle; Reef; Ocean,https://www.padi.com/dive-site/maldives/falhumaa-house-reef/,0.6561608158800002,73.42326164245607,0.0,PADI_coordinate_water
9241,Maldives,Rasdhoo Beyru,4.25962,72.99355,Drift; Pinnacle; Reef; Sandy bottom; Wall; Ocean,https://www.padi.com/dive-site/maldives/rasdhoo-beyru/,4.259624,72.99355,0.0,PADI_coordinate_water
9299,Maldives,Blue Hole,5.23601,73.10783,Reef,https://www.padi.com/dive-site/maldives/blue-hole-12/,5.236007743141555,73.1078338623047,0.0,PADI_coordinate_water
9600,Maldives,Felidhoo House Reef,3.47356,73.55487,Beach; Reef; Sandy bottom; Wall; Channel,https://www.padi.com/dive-site/maldives/felidhoo-house-reef/,3.4724273565604125,73.55346679687501,200,minimum_nearest_shoreline_crossing
10633,Maldives,Farikede,-0.32384,73.44867,Drift; Reef; Ocean,https://www.padi.com/dive-site/maldives/farikede/,-0.3238374634197677,73.44866752624513,0.0,PADI_coordinate_water
10683,Maldives,Dhonfanu Thila,5.17241,73.11625,Pinnacle; Ocean,https://www.padi.com/dive-site/maldives/dhonfanu-thila/,5.17241295391101,73.1162452697754,0.0,PADI_coordinate_water
11277,Maldives,Addu Manta Point,-0.60970,73.15445,Drift; Ocean,https://www.padi.com/dive-site/maldives/addu-manta-point-2/,-0.6096958070567206,73.15444850712085,0.0,PADI_coordinate_water
11890,Maldives,Aqua Giri,3.64440,73.37215,Pinnacle; Reef,https://www.padi.com/dive-site/maldives/aqua-giri/,3.6444002012579775,73.37214946746828,0.0,PADI_coordinate_water
11891,Maldives,Fulidhoo Caves,3.68359,73.41694,Cave; Drift; Reef; Wall,https://www.padi.com/dive-site/maldives/fulidhoo-caves/,3.68358747663277,73.41694235801698,0.0,PADI_coordinate_water
11893,Maldives,Kudiboli Faru,3.62350,73.36554,Drift; Reef,https://www.padi.com/dive-site/maldives/kudiboli-faru/,3.6235015363610112,73.36554057241713,0.0,PADI_coordinate_water
11894,Maldives,Munko's  Garden,3.62226,73.37142,Reef,https://www.padi.com/dive-site/maldives/munkos-garden/,3.6222578375016967,73.37142011050085,0.0,PADI_coordinate_water
12044,Maldives,Green Reef,3.66616,73.39592,Pinnacle; Reef,https://www.padi.com/dive-site/maldives/green-reef/,3.666160922960158,73.39592456817628,0.0,PADI_coordinate_water
12048,Maldives,Coral Garden,3.66282,73.42009,Pinnacle; Reef,https://www.padi.com/dive-site/maldives/coral-garden-14/,3.662821116636511,73.42008590698244,0.0,PADI_coordinate_water
12059,Maldives,Fushifaru,3.66532,73.40622,Drift; Reef,https://www.padi.com/dive-site/maldives/fushifaru/,3.665322247316436,73.40622315155856,0.0,PADI_coordinate_water
12060,Maldives,Muraka Giri,3.62512,73.38287,Drift; Pinnacle; Reef,https://www.padi.com/dive-site/maldives/muraka-giri/,3.625115913335245,73.38286828314364,0.0,PADI_coordinate_water
12164,Maldives,Dhigu Faru,3.62273,73.41438,Drift; Reef,https://www.padi.com/dive-site/maldives/dhigu-faru/,3.622728689594255,73.41437816619874,0.0,PADI_coordinate_water
12179,Maldives,Kudiboli Thila,3.62957,73.37117,Pinnacle,https://www.padi.com/dive-site/maldives/kudiboli-thila/,3.62957,73.37117,0.0,PADI_coordinate_water
12180,Maldives,Endheri Gus,3.62161,73.38481,Pinnacle; Reef,https://www.padi.com/dive-site/maldives/endheri-gus/,3.621608751142656,73.38480949271185,0.0,PADI_coordinate_water
12192,Maldives,Kuda Thila,3.64464,73.44182,Pinnacle; Reef,https://www.padi.com/dive-site/maldives/kuda-thila/,3.64464,73.44182,0.0,PADI_coordinate_water
12266,Maldives,Kudiboli South,3.62097,73.36387,Drift; Reef,https://www.padi.com/dive-site/maldives/kudiboli-south/,3.620972075451133,73.36386680754264,0.0,PADI_coordinate_water
12267,Maldives,Bureki Thila,3.62619,73.37974,Pinnacle; Reef,https://www.padi.com/dive-site/maldives/bureki-thila/,3.62619,73.37974,0.0,PADI_coordinate_water
12275,Maldives,Fussaru Huraa Uthuru Kandu,3.60230,73.33211,Drift; Reef; Channel,https://www.padi.com/dive-site/maldives/kudiboli-kandu/,3.6022987458098523,73.33210945129396,0.0,PADI_coordinate_water
12310,Maldives,Aquarium,3.61718,73.36380,Drift; Reef; Wall,https://www.padi.com/dive-site/maldives/aquarium-11/,3.617183559432289,73.3638024330698,0.0,PADI_coordinate_water
12725,Maldives,dega thia,3.84500,72.75032,Pinnacle; Reef; Wall,https://www.padi.com/dive-site/maldives/dega-thia/,3.844998846700164,72.75032026150811,0.0,PADI_coordinate_water
12726,Maldives,Moofushi shark  corner,3.87920,72.70915,Drift; Wall; Channel; Ocean,https://www.padi.com/dive-site/maldives/moofushi/,3.879196,72.709149,0.0,PADI_coordinate_water
12949,Maldives,Malhos Tila,4.00293,72.71962,Pinnacle,https://www.padi.com/dive-site/maldives/malhos-tila/,4.002929922954944,72.71962156312212,0.0,PADI_coordinate_water
13131,Maldives,Kandu Kolhu (Hithadhoo Corner),1.80031,73.41032,Channel,https://www.padi.com/dive-site/maldives/kandu-kolhu-hithadhoo-corner/,1.800308,73.41031611590579,0.0,PADI_coordinate_water
13592,Maldives,Kuda Faru,4.56706,73.37940,Reef,https://www.padi.com/dive-site/maldives/kuda-faru/,4.567056378437022,73.37940216064455,0.0,PADI_coordinate_water
13594,Maldives,Kuda Thila,4.54943,73.37588,Reef,https://www.padi.com/dive-site/maldives/kuda-thila-2/,4.549431180983967,73.375883102417,0.0,PADI_coordinate_water
13650,Maldives,Bodu Hiti Thila,4.45326,73.36194,Reef,https://www.padi.com/dive-site/maldives/bodu-hiti-thila/,4.453255072233652,73.36193561553956,0.0,PADI_coordinate_water
14382,Maldives,Lhohi Giri,3.88768,73.37854,Pinnacle; Reef; Sandy bottom; Wall; Ocean,https://www.padi.com/dive-site/maldives/lhohi-giri/,3.887675615720736,73.37854385375978,0.0,PADI_coordinate_water
15245,Maldives,Fiha House Reef North,3.88096,73.36807,Beach; Drift; Reef; Sandy bottom; Wall; Ocean,https://www.padi.com/dive-site/maldives/fiha-house-reef-north/,3.879197888084471,73.3676862716675,200,minimum_nearest_shoreline_crossing
15246,Maldives,Lhohi Paradise,3.87611,73.35972,Drift; Pinnacle; Reef; Sandy bottom; Ocean,https://www.padi.com/dive-site/maldives/lhohi-paradise/,3.8761111111111113,73.35972222222222,0.0,PADI_coordinate_water
15247,Maldives,Lhohi Thila,3.87667,73.35778,Cave; Drift; Pinnacle; Reef; Sandy bottom; Wall; Channel; Ocean,https://www.padi.com/dive-site/maldives/lhohi-thila/,3.8766666666666665,73.35777777777777,0.0,PADI_coordinate_water
15249,Maldives,Ali Thila,3.86806,73.36861,Pinnacle; Reef; Sandy bottom; Ocean,https://www.padi.com/dive-site/maldives/ali-thila/,3.868055555555556,73.36861111111111,0.0,PADI_coordinate_water
15250,Maldives,Alimas Faru,3.89528,73.36194,Pinnacle; Reef; Sandy bottom; Ocean,https://www.padi.com/dive-site/maldives/alimas-faru/,3.895277777777778,73.36194444444443,0.0,PADI_coordinate_water
15251,Maldives,Rannalhi Bodu Giri,3.91500,73.37083,Pinnacle; Reef; Wall; Ocean,https://www.padi.com/dive-site/maldives/rannalhi-bodu-giri/,3.915,73.37083333333332,0.0,PADI_coordinate_water
15253,Maldives,Kahambu Giri,3.93833,73.37361,Drift; Pinnacle; Reef; Wall; Ocean,https://www.padi.com/dive-site/maldives/kahambu-giri/,3.9383333333333335,73.3736111111111,0.0,PADI_coordinate_water
15256,Maldives,Jack Faru,3.89528,73.35278,Drift; Pinnacle; Reef; Sandy bottom; Wall; Cavern; Channel; Ocean,https://www.padi.com/dive-site/maldives/jack-faru/,3.895277777777778,73.35277777777777,0.0,PADI_coordinate_water
15258,Maldives,Guraidhoo Manta Point,3.89528,73.45972,Drift; Pinnacle; Reef; Sandy bottom; Channel; Ocean,https://www.padi.com/dive-site/maldives/guraidhoo-manta-point/,3.895277777777778,73.45972222222223,0.0,PADI_coordinate_water
15666,Maldives,Medhu Faru,3.89167,73.46944,Drift; Reef; Wall; Channel; Ocean,https://www.padi.com/dive-site/maldives/medhu-faru/,3.8916666666666666,73.46944444444445,0.0,PADI_coordinate_water
15668,Maldives,Kandooma Thila,3.90750,73.47806,Drift; Pinnacle; Reef; Wall; Channel; Ocean,https://www.padi.com/dive-site/maldives/cocoa-thila/,3.9075,73.47805555555556,0.0,PADI_coordinate_water
15676,Maldives,Vilivaru Giri,3.90389,73.44444,Pinnacle; Reef; Sandy bottom; Wall; Cavern; Ocean,https://www.padi.com/dive-site/maldives/vilivaru-giri/,3.903888888888889,73.44444444444444,0.0,PADI_coordinate_water
18075,Maldives,Alimatha House reef,3.59048,73.49849,Drift; Reef,https://www.padi.com/dive-site/maldives/alimatha-house-reef/,3.5904774366416823,73.49849224090578,0.0,PADI_coordinate_water
18269,Maldives,MIYARU KANDU,3.59917,73.50394,Drift,https://www.padi.com/dive-site/maldives/miyaru-kandu/,3.5991721101109184,73.50394248962404,0.0,PADI_coordinate_water
18309,Maldives,Kunaavashi Kandu,3.63790,73.35850,Drift; Wall,https://www.padi.com/dive-site/maldives/kunaavashi-kandu/,3.6379,73.3585,0.0,PADI_coordinate_water
18310,Maldives,Coco Giri Thila,3.62712,73.37406,Pinnacle,https://www.padi.com/dive-site/maldives/coco-giri-thila/,3.62712,73.37406,0.0,PADI_coordinate_water
18369,Maldives,MEDHU KANDU,3.62050,73.50935,Drift; Channel,https://www.padi.com/dive-site/maldives/medhu-kandu/,3.620501548263367,73.50934982299806,0.0,PADI_coordinate_water
20161,Maldives,Madi Gaa,4.52205,73.36481,Reef,https://www.padi.com/dive-site/maldives/madi-gaa/,4.522051378480554,73.36481094360353,0.0,PADI_coordinate_water
20613,Maldives,Kanuhura Beru,5.52800,73.51098,Reef; Ocean,https://www.padi.com/dive-site/maldives/kanuhura-beru/,5.5279979368494345,73.51098010734374,0.0,PADI_coordinate_water
20790,Maldives,Peak,5.52309,73.43648,Drift; Reef; Channel; Ocean,https://www.padi.com/dive-site/maldives/peak-2/,5.523085604599347,73.43648059528961,0.0,PADI_coordinate_water
20807,Maldives,Wall,5.51888,73.44124,Reef; Wall; Ocean,https://www.padi.com/dive-site/maldives/wall-3/,5.518878052856306,73.44124317169191,0.0,PADI_coordinate_water
21631,Maldives,Maaneyreh,-0.29933,73.42047,Reef; Wall,https://www.padi.com/dive-site/maldives/maaneyreh/,-0.2993331643948594,73.42047214508058,0.0,PADI_coordinate_water
21632,Maldives,Kudhu Falhagando,-0.31895,73.44528,Reef; Wall; Ocean,https://www.padi.com/dive-site/maldives/kudhu-falhagando/,-0.3189451911459364,73.44527721405031,0.0,PADI_coordinate_water
21633,Maldives,Haandhi Elhe,-0.30800,73.42635,Reef; Wall; Ocean,https://www.padi.com/dive-site/maldives/haandhi-elhe/,-0.3080019421683752,73.42635154724123,0.0,PADI_coordinate_water
21634,Maldives,Aruh Fanno,-0.29353,73.41174,Reef; Wall; Ocean,https://www.padi.com/dive-site/maldives/aruh-fanno/,-0.2935289417712367,73.41173887252809,0.0,PADI_coordinate_water
21635,Maldives,Anbul,-0.28079,73.42069,Reef; Wall; Ocean,https://www.padi.com/dive-site/maldives/anbul/,-0.2807939733429748,73.42068672180177,0.0,PADI_coordinate_water
21709,Maldives,Thundi,-0.27852,73.42133,Drift; Reef; Wall,https://www.padi.com/dive-site/maldives/thundi/,-0.2785194871918617,73.42133045196535,0.0,PADI_coordinate_water
21710,Maldives,Neregando,-0.28697,73.40816,Reef; Wall; Ocean,https://www.padi.com/dive-site/maldives/neregando/,-0.2869737070559794,73.4081554412842,0.0,PADI_coordinate_water
21711,Maldives,GEMMISKIH FANNO,-0.27770,73.41386,Reef; Wall; Ocean,https://www.padi.com/dive-site/maldives/genmissikiy-fanno/,-0.2777041052570355,73.41386318206789,0.0,PADI_coordinate_water
22425,Maldives,Tiger Zoo,-0.30635,73.44140,Reef; Sandy bottom,https://www.padi.com/dive-site/maldives/tiger-zoo-2/,-0.306347,73.441403,0.0,PADI_coordinate_water
22447,Maldives,Tiger Port,4.22070,73.53000,Reef; Sandy bottom; Channel; Ocean,https://www.padi.com/dive-site/maldives/foah-male/,4.2207,73.53,0.0,PADI_coordinate_water
22684,Maldives,Madivaru Corner,4.26386,73.00033,Drift; Pinnacle; Reef; Sandy bottom; Wall; Channel; Ocean,https://www.padi.com/dive-site/maldives/madivaru-corner/,4.263861,73.000331,0.0,PADI_coordinate_water
22836,Maldives,Naifaru Beyru,5.44555,73.36185,Cave; Drift; Reef; Wall,https://www.padi.com/dive-site/maldives/naifaru-beyru/,5.445550816745556,73.36184978485109,0.0,PADI_coordinate_water
22837,Maldives,Vavvaru Kandu,5.42060,73.35700,Drift; Reef; Channel,https://www.padi.com/dive-site/maldives/vavvaru-kandu/,5.420600850176705,73.35700035095216,0.0,PADI_coordinate_water
22839,Maldives,Hani Kandu,5.41436,73.35065,Drift; Reef; Channel,https://www.padi.com/dive-site/maldives/hani-kandu/,5.414363197257665,73.3506488800049,0.0,PADI_coordinate_water
22840,Maldives,Madi Rock,5.37420,73.33820,Pinnacle; Reef,https://www.padi.com/dive-site/maldives/madi-rock/,5.374201428089243,73.3382034301758,0.0,PADI_coordinate_water
22841,Maldives,Felivaru Beyru,5.47964,73.38498,Cave; Drift; Reef; Wall,https://www.padi.com/dive-site/maldives/felivaru-beyru/,5.479641732628439,73.38498115539552,0.0,PADI_coordinate_water
22844,Maldives,Madivaru Thila,5.46717,73.38429,Pinnacle; Reef; Ocean,https://www.padi.com/dive-site/maldives/madivaru-thila/,5.467167587501282,73.38429450988771,0.0,PADI_coordinate_water
22845,Maldives,Miyaruvani Thila,5.42633,73.38112,Pinnacle; Reef; Ocean,https://www.padi.com/dive-site/maldives/miyaruvani-thila/,5.426325762585175,73.38111877441408,0.0,PADI_coordinate_water
22847,Maldives,Kuredu Express,5.55854,73.47811,Drift; Reef; Channel; Ocean,https://www.padi.com/dive-site/maldives/kuredu-express/,5.558538912728031,73.47810887530845,0.0,PADI_coordinate_water
22849,Maldives,Kuredu Caves (Turtles airport),5.55132,73.46287,Cave; Reef; Wall; Ocean,https://www.padi.com/dive-site/maldives/kuredu-caves-turtles-airport/,5.55132027926704,73.46287272521832,0.0,PADI_coordinate_water
22850,Maldives,Naifaru House Reef,5.44221,73.36411,Beach; Reef; Sandy bottom; Ocean,https://www.padi.com/dive-site/maldives/naifaru-house-reef/,5.440424195674418,73.363995552063,200,minimum_nearest_shoreline_crossing
22912,Maldives,Anemone Thila,5.43367,73.50995,Pinnacle; Reef; Ocean,https://www.padi.com/dive-site/maldives/anemone-thila/,5.433674077973795,73.5099506378174,0.0,PADI_coordinate_water
22913,Maldives,Ihi Thila,5.44991,73.48343,Pinnacle; Reef; Ocean,https://www.padi.com/dive-site/maldives/ihi-thila/,5.449908410275992,73.48342895507814,0.0,PADI_coordinate_water
22915,Maldives,Nakolhi Giri,5.52432,73.46266,Pinnacle; Reef; Ocean,https://www.padi.com/dive-site/maldives/nakolhi-giri/,5.524324370486453,73.46265792846681,0.0,PADI_coordinate_water
22916,Maldives,Fun Giri,5.52031,73.46060,Pinnacle; Reef; Ocean,https://www.padi.com/dive-site/maldives/fun-giri/,5.520309050962868,73.46059799194337,0.0,PADI_coordinate_water
22917,Maldives,The Aquarium,5.51909,73.44440,Reef; Ocean,https://www.padi.com/dive-site/maldives/aquarium-13/,5.519091634882511,73.44439744949342,0.0,PADI_coordinate_water
22918,Maldives,Kudadu Kandu,5.51023,73.42541,Drift; Reef; Channel; Ocean,https://www.padi.com/dive-site/maldives/kudadu-kandu/,5.510227916179266,73.42540740966798,0.0,PADI_coordinate_water
22919,Maldives,Gaaerifaru Kandu,5.50570,73.42120,Drift; Reef; Channel; Ocean,https://www.padi.com/dive-site/maldives/gaaerifaru-kandu/,5.505699893153625,73.42120170593263,0.0,PADI_coordinate_water
22920,Maldives,Lhoni Kandu,5.37318,73.40421,Drift; Reef; Channel; Ocean,https://www.padi.com/dive-site/maldives/lhoni-kandu/,5.373175986459855,73.40420722961427,0.0,PADI_coordinate_water
22921,Maldives,Maafilaa,5.38223,73.38112,Pinnacle; Reef; Ocean,https://www.padi.com/dive-site/maldives/maafilaa/,5.382233994428483,73.38111877441408,0.0,PADI_coordinate_water
22923,Maldives,Fushivaru Kandu,5.49015,73.52133,Drift; Reef; Channel; Ocean,https://www.padi.com/dive-site/maldives/fushivaru-kandu/,5.49014963708521,73.5213250414221,0.0,PADI_coordinate_water
22924,Maldives,Fushivaru Giri,5.48289,73.51201,Pinnacle; Reef; Ocean,https://www.padi.com/dive-site/maldives/fushivaru-giri/,5.482888385231235,73.51201057434083,0.0,PADI_coordinate_water
23094,Maldives,Tiger Zoo,-0.30648,73.44121,Reef; Sandy bottom,https://www.padi.com/dive-site/maldives/tiger-zoo/,-0.306478,73.441211,0.0,PADI_coordinate_water
23296,Maldives,Muhdhoo House Reef,5.20711,73.08818,Beach; Reef; Wall,https://www.padi.com/dive-site/maldives/muhdhoo-house-reef/,5.205317008216417,73.08830201625825,200,minimum_nearest_shoreline_crossing
23842,Maldives,Broken Rock,3.55655,72.93686,Pinnacle,https://www.padi.com/dive-site/maldives/broken-rock/,3.556554571072074,72.93685913085939,0.0,PADI_coordinate_water
23843,Maldives,Seventh Heaven,3.56469,72.94398,Pinnacle,https://www.padi.com/dive-site/maldives/seventh-heaven/,3.5646927465216893,72.94398307800294,0.0,PADI_coordinate_water
23844,Maldives,Five Rock,3.56906,72.94152,Pinnacle,https://www.padi.com/dive-site/maldives/five-rock/,3.5690616320681805,72.94151544570924,0.0,PADI_coordinate_water
23851,Maldives,Dhigurah Arches,3.54255,72.91914,Reef,https://www.padi.com/dive-site/maldives/hudu-thila/,3.5425481746610457,72.91913509368898,0.0,PADI_coordinate_water
23881,Maldives,Vilamendhoo Thila,3.63438,72.96716,Pinnacle,https://www.padi.com/dive-site/maldives/vilamendhoo-thila/,3.634378262544903,72.96715736389162,0.0,PADI_coordinate_water
24693,Maldives,Kandooma Caves,3.90556,73.47722,Cave; Drift; Reef; Wall; Cavern; Channel; Ocean,https://www.padi.com/dive-site/maldives/kandooma-caves/,3.905555555555555,73.47722222222222,0.0,PADI_coordinate_water
24694,Maldives,Guraidhoo Corner,3.88944,73.46889,Drift; Pinnacle; Reef; Wall; Cavern; Channel; Ocean,https://www.padi.com/dive-site/maldives/guraidhoo-corner/,3.889444444444445,73.46888888888888,0.0,PADI_coordinate_water
24944,Maldives,Banana Reef,4.31670,73.56670,Ocean,https://www.padi.com/dive-site/maldives/banana-reef-3/,4.3167,73.5667,0.0,PADI_coordinate_water
25127,Maldives,Fish Tank,4.20000,73.50000,Ocean,https://www.padi.com/dive-site/maldives/fish-tank-3/,4.2,73.5,0.0,PADI_coordinate_water
25128,Maldives,Hulhumale Wall,4.25000,73.54000,Ocean,https://www.padi.com/dive-site/maldives/hulhumale-wall-3/,4.25,73.54,0.0,PADI_coordinate_water
25137,Maldives,Embudhoo Thila,3.92000,73.49000,Ocean,https://www.padi.com/dive-site/maldives/embudhoo-thila-2/,3.92,73.49,0.0,PADI_coordinate_water
25146,Maldives,Lankan Paradise,4.18000,73.47000,Ocean,https://www.padi.com/dive-site/maldives/lankan-paradise-2/,4.18,73.47,0.0,PADI_coordinate_water
25147,Maldives,Hulhumale Wall,4.25000,73.54000,Ocean,https://www.padi.com/dive-site/maldives/hulhumale-wall-2/,4.25,73.54,0.0,PADI_coordinate_water
25388,Maldives,Heaven and Hell,6.73246,73.03681,Cave; Drift; Reef; Ocean,https://www.padi.com/dive-site/maldives/heaven-and-hell/,6.732462400308738,73.03680896759035,0.0,PADI_coordinate_water
25460,Maldives,Pink wall,6.83355,73.17173,Drift; Wall; Ocean,https://www.padi.com/dive-site/maldives/pink-wall-2/,6.83354507682713,73.1717348098755,0.0,PADI_coordinate_water
25461,Maldives,Dhonnkulhi shark point,6.83453,73.05234,Drift; Pinnacle; Reef; Channel; Ocean,https://www.padi.com/dive-site/maldives/dhonnkulhi-shark-point/,6.8345251167317125,73.0523443222046,0.0,PADI_coordinate_water
25462,Maldives,Omadhoo Playground,3.79246,72.96600,Reef; Sandy bottom,https://www.padi.com/dive-site/maldives/omadhoo-playground/,3.792456888577066,72.96599864959718,0.0,PADI_coordinate_water
25463,Maldives,Kelaa corner,6.94615,73.16337,Drift; Channel; Ocean,https://www.padi.com/dive-site/maldives/kelaa-corner/,6.946151225287782,73.16336631774904,0.0,PADI_coordinate_water
25464,Maldives,Finey Thila,6.73728,73.05861,Cave; Drift; Pinnacle; Reef; Channel; Ocean,https://www.padi.com/dive-site/maldives/finey-thila/,6.7372783704909205,73.0586099624634,0.0,PADI_coordinate_water
25495,Maldives,Coral Garden,6.94087,73.19512,Pinnacle; Reef; Sandy bottom; Sea Loch,https://www.padi.com/dive-site/maldives/coral-garden-19/,6.940868751437885,73.19512367248537,0.0,PADI_coordinate_water
25503,Maldives,Nemo City,6.82349,73.15470,Reef,https://www.padi.com/dive-site/maldives/nemo-city/,6.823488899188274,73.1546974182129,0.0,PADI_coordinate_water
25504,Maldives,Dhihdhoo caves,6.89405,73.10140,Cave; Drift; Sandy bottom; Channel; Ocean,https://www.padi.com/dive-site/maldives/dhihdhoo-caves/,6.894048110604176,73.10139656066896,0.0,PADI_coordinate_water
126,Malta,Comino Island - Blue Lagoon,36.01451,14.32261,Beach,https://www.padi.com/dive-site/malta/comino-island-blue-lagoon/,36.012940083008274,14.32369351387024,200,minimum_nearest_shoreline_crossing
138,Malta,Blue Hole And Remains Of Azure Window,36.05278,14.18855,Reef,https://www.padi.com/dive-site/malta/blue-hole-and-remains-of-azure-window/,36.05277682020407,14.18855309486389,0.0,PADI_coordinate_water
141,Malta,Inland Sea,36.05381,14.19115,Reef,https://www.padi.com/dive-site/malta/inland-sea/,36.05380901921525,14.191149473190308,0.0,PADI_coordinate_water
156,Malta,Cirkewwa Arch,35.98985,14.32647,Reef,https://www.padi.com/dive-site/malta/cirkewwa-arch/,35.98841548903969,14.327813386917114,200,minimum_nearest_shoreline_crossing
157,Malta,Cirkewwa - Paradise Bay Reef,35.98819,14.32646,Reef,https://www.padi.com/dive-site/malta/cirkewwa-paradise-bay-reef/,35.98677040617284,14.327829480171202,200,minimum_nearest_shoreline_crossing
158,Malta,Cirkewwa -  Susie's Pool,35.99024,14.32617,Cave; Reef,https://www.padi.com/dive-site/malta/cirkewwa-susies-pool/,35.98880613692327,14.327507615089417,200,minimum_nearest_shoreline_crossing
170,Malta,Comino Island - Crystal Lagoon,36.01070,14.32825,Reef,https://www.padi.com/dive-site/malta/comino-island-crystal-lagoon/,36.01069668824374,14.328247904777523,0.0,PADI_coordinate_water
171,Malta,Comino Island - Santa Marija Cave,36.01801,14.34046,Cave; Reef,https://www.padi.com/dive-site/malta/comino-island-santa-marija-cave/,36.01800809762838,14.340462684631348,0.0,PADI_coordinate_water
173,Malta,Comino Island - Lantern Point,36.00386,14.32518,Reef,https://www.padi.com/dive-site/malta/comino-island-lantern-point/,36.00386196832295,14.32517945766449,0.0,PADI_coordinate_water
174,Malta,Comino Island - Alex's Cave,36.01055,14.32520,Cave; Reef,https://www.padi.com/dive-site/malta/comino-island-alexs-cave/,36.010553490665515,14.325195550918576,0.0,PADI_coordinate_water
175,Malta,Cathedral Cave,36.08143,14.23015,Cave; Reef,https://www.padi.com/dive-site/malta/cathedral-cave/,36.08143049195392,14.230148792266844,0.0,PADI_coordinate_water
177,Malta,Xlendi Bay,36.03086,14.21432,Cave; Reef,https://www.padi.com/dive-site/malta/xlendi-bay/,36.02981339854462,14.216131567955015,200,minimum_nearest_shoreline_crossing
179,Malta,Mgarr ix-Xini,36.02014,14.27159,Cave; Reef,https://www.padi.com/dive-site/malta/mgarr-ix-xini/,36.02013847565962,14.271594285964966,0.0,PADI_coordinate_water
180,Malta,Qawra Point,35.96014,14.42787,Beach; Reef,https://www.padi.com/dive-site/malta/qawra-point/,35.959285071568054,14.425907135009764,200,minimum_nearest_shoreline_crossing
181,Malta,Red bay,36.02052,14.28762,Cave; Reef,https://www.padi.com/dive-site/malta/red-bay/,36.01914922377687,14.289060831069946,200,minimum_nearest_shoreline_crossing
182,Malta,Fortizza Reef -  Sliema,35.91749,14.50592,Cave; Reef,https://www.padi.com/dive-site/malta/fortizza-reef-sliema/,35.91748521532354,14.50592279434204,0.0,PADI_coordinate_water
184,Malta,Anchor Bay (Popeye Village),35.96109,14.33806,Cave; Reef,https://www.padi.com/dive-site/malta/anchor-bay-popeye-village/,35.959975469605546,14.339808225468005,200,minimum_nearest_shoreline_crossing
185,Malta,Coral Cave,36.05233,14.18819,Cave; Reef,https://www.padi.com/dive-site/malta/coral-cave/,36.05233010803181,14.188188314437866,0.0,PADI_coordinate_water
186,Malta,L'Ahrax Point,35.99863,14.36786,Cave; Reef,https://www.padi.com/dive-site/malta/lahrax-point/,35.998632465087965,14.367864131927488,0.0,PADI_coordinate_water
187,Malta,Coral Gardens,36.05257,14.18830,Reef,https://www.padi.com/dive-site/malta/coral-gardens/,36.05256864397322,14.188300967216492,0.0,PADI_coordinate_water
190,Malta,Sirens Bay,35.95026,14.40671,Reef,https://www.padi.com/dive-site/malta/sirens-bay/,35.94944515837496,14.404733776882496,200,minimum_nearest_shoreline_crossing
917,Malta,Anchor bay,35.96108,14.33925,Cave; Reef,https://www.padi.com/dive-site/malta/anchor-bay/,35.95994507483455,14.340977668762203,200,minimum_nearest_shoreline_crossing
1406,Malta,Mini-Blue Hole,35.88007,14.55981,Cave; Reef,https://www.padi.com/dive-site/malta/mini-blue-hole/,35.88070531384744,14.557743072509766,200,minimum_nearest_shoreline_crossing
1536,Malta,Middle Finger,36.01578,14.27946,Reef; Wall,https://www.padi.com/dive-site/malta/middle-finger/,36.01578220325809,14.27945852279663,0.0,PADI_coordinate_water
1626,Malta,Linosa,35.86624,12.86568,Reef,https://www.padi.com/dive-site/malta/linosa/,35.86623897084075,12.865676879882812,0.0,PADI_coordinate_water
1802,Malta,Blue Hole,36.05280,14.18860,Reef,https://www.padi.com/dive-site/malta/blue-hole-2/,36.0528,14.1886,0.0,PADI_coordinate_water
2598,Malta,"Blue Hole, Dwejra",36.05284,14.18871,Cave; Reef; Wall,https://www.padi.com/dive-site/malta/blue-hole-dwejra/,36.05283753816768,14.188714027404783,0.0,PADI_coordinate_water
2599,Malta,Reqqa Point,36.08202,14.23648,Cave; Reef; Wall,https://www.padi.com/dive-site/malta/reqqa-point/,36.08202010681579,14.23647880554199,0.0,PADI_coordinate_water
2600,Malta,Wied il-Mielah,36.07994,14.21305,Cave; Reef; Wall,https://www.padi.com/dive-site/malta/wied-il-mielah/,36.07993909344936,14.21304702758789,0.0,PADI_coordinate_water
2601,Malta,Dimitri Point,36.06728,14.18386,Reef; Wall,https://www.padi.com/dive-site/malta/dimitri-point/,36.067278408867374,14.183864593505858,0.0,PADI_coordinate_water
2602,Malta,Zurziep Reef,36.03314,14.19979,Cave; Reef; Wall,https://www.padi.com/dive-site/malta/zurziep-reef/,36.03313643872086,14.199786186218262,0.0,PADI_coordinate_water
2603,Malta,Dawra Tas-Sanap,36.02344,14.21642,Cave; Wall,https://www.padi.com/dive-site/malta/dawra-tas-sanap/,36.02343589224581,14.216415882110596,0.0,PADI_coordinate_water
2604,Malta,Fungus Rock,36.04592,14.18846,Wall,https://www.padi.com/dive-site/malta/fungus-rock/,36.04592406338274,14.188456535339355,0.0,PADI_coordinate_water
2605,Malta,Xlendi Tunnel and Reef,36.02967,14.21339,Cave; Reef,https://www.padi.com/dive-site/malta/xlendi-tunnel-and-reef/,36.02966589742849,14.213390350341797,0.0,PADI_coordinate_water
2606,Malta,Double Arch Reef,36.08237,14.24656,Cave; Reef; Wall,https://www.padi.com/dive-site/malta/double-arch-reef/,36.08236693702203,14.246563911437988,0.0,PADI_coordinate_water
2607,Malta,Xwejni Bay,36.08066,14.24648,Beach,https://www.padi.com/dive-site/malta/xwejni-bay/,36.07921072575902,14.247786998748778,200,minimum_nearest_shoreline_crossing
2608,Malta,Crocodile Rock,36.05043,14.18712,Reef; Wall,https://www.padi.com/dive-site/malta/crocodile-rock/,36.050426131604816,14.187115430831907,0.0,PADI_coordinate_water
3943,Malta,Billinghurst Cave,36.08118,14.23526,Cave; Reef,https://www.padi.com/dive-site/malta/billinghurst-cave/,36.081183,14.235261,0.0,PADI_coordinate_water
4800,Malta,Marsalforn Bay,36.07332,14.25791,Beach; Sandy bottom,https://www.padi.com/dive-site/malta/marsalforn-bay/,36.071849,14.259181,200,minimum_nearest_shoreline_crossing
6158,Malta,Balluta Bay/Reef,35.91515,14.49685,Reef; Sandy bottom,https://www.padi.com/dive-site/malta/balluta-bayreef/,35.915548,14.49469,200,minimum_nearest_shoreline_crossing
12168,Malta,Paridise Bay - Mini Arco,35.98818,14.32622,Reef,https://www.padi.com/dive-site/malta/paridise-bay-mini-arco/,35.98677474680601,14.327588081359863,200,minimum_nearest_shoreline_crossing
12169,Malta,Arrecife De Cirkewwa,35.98940,14.32620,Reef,https://www.padi.com/dive-site/malta/arrecife-de-cirkewwa/,35.98797275243326,14.327550530433657,200,minimum_nearest_shoreline_crossing
12171,Malta,Lanter Ponit,36.00453,14.32549,Reef,https://www.padi.com/dive-site/malta/lanter-ponit/,36.00453461783899,14.32548522949219,0.0,PADI_coordinate_water
12182,Malta,Blue Hole,36.05301,14.18867,Wall,https://www.padi.com/dive-site/malta/blue-hole-15/,36.05300668081933,14.18866574764252,0.0,PADI_coordinate_water
12184,Malta,Cueva De Coral,36.05269,14.18811,Cave; Cavern,https://www.padi.com/dive-site/malta/cueva-de-coral/,36.05268574317083,14.188113212585453,0.0,PADI_coordinate_water
12185,Malta,Inland Sea,36.05405,14.19102,Channel,https://www.padi.com/dive-site/malta/inland-sea-3/,36.05405188760356,14.191020727157596,0.0,PADI_coordinate_water
12188,Malta,Escafandra,35.81926,14.45051,Archaeological,https://www.padi.com/dive-site/malta/escafandra/,35.81925731554125,14.450508356094362,0.0,PADI_coordinate_water
20020,Malta,"GHAR LAPSI-CAVES, Ghar Lapsi, Is-Siggiewi (Sur)",35.82694,14.42361,Cave,https://www.padi.com/dive-site/malta/ghar-lapsi-caves-ghar-lapsi-is-siggiewi-sur/,35.8269387444566,14.42361116392931,0.0,PADI_coordinate_water
20196,Malta,"BLUE HOLE, Dwejra, Gozo",36.05278,14.18855,Cave; Reef,https://www.padi.com/dive-site/malta/blue-hole-dwejra-gozo/,36.05277682020407,14.18855309486389,0.0,PADI_coordinate_water
20197,Malta,"CUEVA DE CORAL, Dwejra, Gozo",36.05269,14.18811,Cave,https://www.padi.com/dive-site/malta/cueva-de-coral-dwejra-gozo/,36.05268574317083,14.188113212585453,0.0,PADI_coordinate_water
20198,Malta,"INLAND SEA, Dwejra, Gozo",36.05381,14.19115,Wall; Channel,https://www.padi.com/dive-site/malta/inland-sea-dwejra-gozo/,36.05380901921525,14.191149473190308,0.0,PADI_coordinate_water
20199,Malta,"ARRECIFE, Cirkewwa (Norte)",35.98993,14.32676,Reef,https://www.padi.com/dive-site/malta/arrecife-cirkewwa-norte/,35.98849361877116,14.328086972236637,200,minimum_nearest_shoreline_crossing
20200,Malta,"EL ARCO, Cirkewwa (Norte)",35.99065,14.32786,Reef,https://www.padi.com/dive-site/malta/el-arco-cirkewwa-norte/,35.99064649648592,14.327856302261354,0.0,PADI_coordinate_water
20201,Malta,"LA MADONNA, Cirkewwa (Norte)",35.98885,14.32720,Archaeological,https://www.padi.com/dive-site/malta/la-madonna-cirkewwa-norte/,35.98884954212428,14.32720184326172,0.0,PADI_coordinate_water
20204,Malta,"PARADISE BAY, Cirkewwa (Norte)",35.98868,14.32953,Drift; Pool; Reef; Wall,https://www.padi.com/dive-site/malta/paradise-bay-cirkewwa-norte/,35.98722617135213,14.330828189849855,200,minimum_nearest_shoreline_crossing
20205,Malta,"ANCHOR BAY-POPEYE, Il- Mellieha, (Norte)",35.96102,14.33892,Cave,https://www.padi.com/dive-site/malta/anchor-bay-popeye-il-mellieha-norte/,35.95990165373652,14.340655803680422,200,minimum_nearest_shoreline_crossing
20208,Malta,"ESCAFANDRA, Wied iz-Zurrieq (Sur)",35.81926,14.45051,Archaeological,https://www.padi.com/dive-site/malta/escafandra-wied-iz-zurrieq-sur/,35.81925731554125,14.450508356094362,0.0,PADI_coordinate_water
22368,Malta,Ghar Lapsi,35.82694,14.42361,Cave; Reef,https://www.padi.com/dive-site/malta/ghar-lapsi/,35.8269387444566,14.42361116392931,0.0,PADI_coordinate_water
710,Mexico,Islas Marietas,20.69639,-105.56831,Cave; Reef; Wall,https://www.padi.com/dive-site/mexico/islas-marietas/,20.69638861136572,-105.5683135986328,0.0,PADI_coordinate_water
1223,Mexico,Neptune's Finger,22.87746,-109.89519,Reef; Wall,https://www.padi.com/dive-site/mexico/neptunes-finger/,22.877460234676143,-109.89518880844116,0.0,PADI_coordinate_water
1471,Mexico,Middle Wall,22.87897,-109.89818,Reef,https://www.padi.com/dive-site/mexico/middle-wall/,22.878967,-109.898183,0.0,PADI_coordinate_water
1472,Mexico,Missiones,22.88998,-109.86455,Reef,https://www.padi.com/dive-site/mexico/missiones/,22.889981,-109.864547,0.0,PADI_coordinate_water
1475,Mexico,Blow Hole,22.93094,-109.81114,Reef,https://www.padi.com/dive-site/mexico/blow-hole/,22.930942,-109.811141,0.0,PADI_coordinate_water
1477,Mexico,Majahuitas,20.50530,-105.39420,Beach; Drift,https://www.padi.com/dive-site/mexico/majahuitas/,20.50667153861344,-105.39296150207518,200,minimum_nearest_shoreline_crossing
1513,Mexico,Jardines,20.62551,-87.06318,Drift; Reef,https://www.padi.com/dive-site/mexico/jardines/,20.62551463334141,-87.06318497657776,0.0,PADI_coordinate_water
1627,Mexico,Isla Mujeres,21.29321,-86.76178,Reef,https://www.padi.com/dive-site/mexico/isla-mujeres/,21.293213032797865,-86.76177978515624,0.0,PADI_coordinate_water
1634,Mexico,Whale shark point,21.42495,-86.77277,Reef,https://www.padi.com/dive-site/mexico/whale-shark-point/,21.424946712203017,-86.77276611328125,0.0,PADI_coordinate_water
1715,Mexico,Musa,21.20084,-86.72720,Reef,https://www.padi.com/dive-site/mexico/musa/,21.200837096463875,-86.72720074653625,0.0,PADI_coordinate_water
1716,Mexico,La Pared,21.14951,-86.74479,Reef,https://www.padi.com/dive-site/mexico/la-pared-2/,21.14951437656273,-86.74478530883789,0.0,PADI_coordinate_water
1718,Mexico,Chitales Reef,21.15592,-86.75251,Reef,https://www.padi.com/dive-site/mexico/chitales-reef/,21.155918183054748,-86.75251007080078,0.0,PADI_coordinate_water
1727,Mexico,Maracaibo,20.25890,-86.99056,Drift; Reef; Wall,https://www.padi.com/dive-site/mexico/maracaibo/,20.258895798562317,-86.99056148529053,0.0,PADI_coordinate_water
1938,Mexico,Casa Blanca,20.36321,-87.02691,Drift; Reef,https://www.padi.com/dive-site/mexico/casa-blanca/,20.36359809837071,-87.0287775993347,200,minimum_nearest_shoreline_crossing
2171,Mexico,zacatoso,17.65465,-101.62336,Reef,https://www.padi.com/dive-site/mexico/zacatoso/,17.654654810102087,-101.62336349487305,0.0,PADI_coordinate_water
2172,Mexico,El chato,17.64967,-101.62203,Reef; Wall,https://www.padi.com/dive-site/mexico/el-chato/,17.649665659696613,-101.62203311920166,0.0,PADI_coordinate_water
2173,Mexico,Torrecillas,17.64656,-101.63263,Cave; Wall,https://www.padi.com/dive-site/mexico/torrecillas/,17.646557594482765,-101.6326332092285,0.0,PADI_coordinate_water
2174,Mexico,San Gabriel,17.64750,-101.62950,Wall,https://www.padi.com/dive-site/mexico/san-gabriel/,17.64749819882598,-101.62950038909912,0.0,PADI_coordinate_water
2176,Mexico,Piedra solitaria,17.58545,-101.57650,Wall,https://www.padi.com/dive-site/mexico/piedra-solitaria/,17.58544869575653,-101.57649993896484,0.0,PADI_coordinate_water
2177,Mexico,Manzanillo,17.61852,-101.52415,Reef,https://www.padi.com/dive-site/mexico/manzanillo/,17.62029025770808,-101.52445435523988,200,minimum_nearest_shoreline_crossing
2180,Mexico,Palancar,20.32934,-87.02768,Drift; Reef; Wall,https://www.padi.com/dive-site/mexico/palancar-2/,20.32933566478941,-87.02768325805664,0.0,PADI_coordinate_water
2323,Mexico,Kennedy Cove,31.70337,-116.68712,Beach; Wall,https://www.padi.com/dive-site/mexico/kennedy-cove/,31.70236593606872,-116.68537259101868,200,minimum_nearest_shoreline_crossing
2325,Mexico,Campo 7 sección 1,31.74860,-116.72600,Wall,https://www.padi.com/dive-site/mexico/campo-7-seccion-1/,31.748596754043824,-116.72600269317626,0.0,PADI_coordinate_water
2326,Mexico,Roca el Aguila,31.74412,-116.74694,Cave; Drift; Wall,https://www.padi.com/dive-site/mexico/roca-el-aguila/,31.74312253550993,-116.74518585205078,200,minimum_nearest_shoreline_crossing
2327,Mexico,Roca Blanca,31.73232,-116.73816,Drift; Reef; Wall,https://www.padi.com/dive-site/mexico/roca-blanca/,31.73132449456356,-116.73640966415404,200,minimum_nearest_shoreline_crossing
2328,Mexico,Isla Todos Santos,31.80275,-116.78621,Drift; Reef; Wall,https://www.padi.com/dive-site/mexico/isla-todos-santos/,31.802746697408622,-116.78621292114258,0.0,PADI_coordinate_water
2329,Mexico,Bajo de San Miguel,31.86298,-116.76064,Drift,https://www.padi.com/dive-site/mexico/bajo-de-san-miguel/,31.86297937330099,-116.76063537597656,0.0,PADI_coordinate_water
2330,Mexico,El Reef,31.55627,-116.71553,Drift; Reef,https://www.padi.com/dive-site/mexico/el-reef/,31.55626737660136,-116.71553134918214,0.0,PADI_coordinate_water
2380,Mexico,La Blanquita,15.74653,-96.11639,Wall; Channel,https://www.padi.com/dive-site/mexico/la-blanquita/,15.747938661503404,-96.11753940582275,200,minimum_nearest_shoreline_crossing
2381,Mexico,El Violin,15.73541,-96.13259,Reef,https://www.padi.com/dive-site/mexico/el-violin/,15.736827442737829,-96.13373994827268,200,minimum_nearest_shoreline_crossing
2382,Mexico,Morros Maguey,15.72777,-96.14347,Reef; Channel,https://www.padi.com/dive-site/mexico/morros-maguey/,15.7291855458158,-96.1446189880371,200,minimum_nearest_shoreline_crossing
2383,Mexico,Punta Maguey,15.72570,-96.14227,Wall,https://www.padi.com/dive-site/mexico/punta-maguey/,15.727120118986408,-96.14341735839844,200,minimum_nearest_shoreline_crossing
2384,Mexico,La revancha (Carrizalillo),15.72483,-96.15175,Reef,https://www.padi.com/dive-site/mexico/la-revancha-carrizalillo/,15.726252633465634,-96.1529016494751,200,minimum_nearest_shoreline_crossing
2385,Mexico,Cacaluta East,15.71874,-96.15995,Reef,https://www.padi.com/dive-site/mexico/cacaluta-east/,15.7201594761981,-96.1610984802246,200,minimum_nearest_shoreline_crossing
2386,Mexico,Cacaluta West,15.71748,-96.16304,Reef,https://www.padi.com/dive-site/mexico/cacaluta-west/,15.718899512445054,-96.16418838500977,200,minimum_nearest_shoreline_crossing
2388,Mexico,El Tigre,15.71157,-96.17408,Drift; Wall,https://www.padi.com/dive-site/mexico/el-tigre/,15.712992037425028,-96.175217628479,200,minimum_nearest_shoreline_crossing
2390,Mexico,Las dos Hermanas,15.69955,-96.20519,Wall; Channel,https://www.padi.com/dive-site/mexico/las-dos-hermanas/,15.700970003207992,-96.20633125305176,200,minimum_nearest_shoreline_crossing
2391,Mexico,Jicaral,15.69947,-96.21322,Reef; Wall,https://www.padi.com/dive-site/mexico/jicaral/,15.700887375089083,-96.21435642242432,200,minimum_nearest_shoreline_crossing
2395,Mexico,Morro Tejon,15.75586,-96.11158,Reef; Channel,https://www.padi.com/dive-site/mexico/morro-tejon/,15.757273267840876,-96.11273288726808,200,minimum_nearest_shoreline_crossing
2396,Mexico,Punta Tejon,15.75434,-96.10635,Reef; Wall,https://www.padi.com/dive-site/mexico/punta-tejon/,15.75574506519836,-96.107497215271,200,minimum_nearest_shoreline_crossing
2463,Mexico,Islas Coronado,32.42257,-117.26017,Reef; Wall,https://www.padi.com/dive-site/mexico/islas-coronado/,32.42257278184137,-117.26016998291016,0.0,PADI_coordinate_water
2551,Mexico,Shangrila,20.62853,-87.06092,Drift; Reef,https://www.padi.com/dive-site/mexico/shangrila/,20.62852694772825,-87.06092119216919,0.0,PADI_coordinate_water
2552,Mexico,Chun Zumbul,20.63150,-87.05785,Drift; Reef,https://www.padi.com/dive-site/mexico/chun-zumbul/,20.63149903949347,-87.05785274505615,0.0,PADI_coordinate_water
2554,Mexico,Moc-Che,20.64070,-87.04884,Drift; Reef,https://www.padi.com/dive-site/mexico/moc-che/,20.64069609082979,-87.0488405227661,0.0,PADI_coordinate_water
2555,Mexico,Pared Verde,20.66005,-87.02747,Drift; Reef; Wall,https://www.padi.com/dive-site/mexico/pared-verde/,20.66005225941449,-87.02746868133544,0.0,PADI_coordinate_water
2556,Mexico,Los Arcos,20.67848,-87.00957,Drift; Reef; Wall,https://www.padi.com/dive-site/mexico/los-arcos-3/,20.67848250169748,-87.00957298278809,0.0,PADI_coordinate_water
2557,Mexico,Cerebros,20.69470,-87.00142,Drift; Reef,https://www.padi.com/dive-site/mexico/cerebros/,20.694702475928995,-87.00141906738281,0.0,PADI_coordinate_water
2558,Mexico,Tortugas,20.57923,-87.10975,Drift; Reef,https://www.padi.com/dive-site/mexico/tortugas/,20.579599589651565,-87.11162567138672,200,minimum_nearest_shoreline_crossing
2559,Mexico,Barracuda,20.57918,-87.11228,Drift; Reef,https://www.padi.com/dive-site/mexico/barracuda/,20.57954936877972,-87.11415767669678,200,minimum_nearest_shoreline_crossing
2560,Mexico,Sabalos,20.58089,-87.10814,Drift; Reef,https://www.padi.com/dive-site/mexico/sabalos/,20.5812568691501,-87.11001634597777,200,minimum_nearest_shoreline_crossing
2562,Mexico,Punta Venado,20.54364,-87.15426,Drift; Reef,https://www.padi.com/dive-site/mexico/punta-venado/,20.54363721677072,-87.15426206588745,0.0,PADI_coordinate_water
2568,Mexico,Los Islotes Sea Lion Colony,24.59897,-110.40198,Reef,https://www.padi.com/dive-site/mexico/los-islotes-sea-lion-colony/,24.59897264570044,-110.40197610855104,0.0,PADI_coordinate_water
2569,Mexico,El Bajo (Marisla),24.65700,-110.12558,Drift,https://www.padi.com/dive-site/mexico/el-bajo-marisla/,24.65700217327908,-110.12557983398438,0.0,PADI_coordinate_water
2570,Mexico,La Reina Islet,24.38556,-110.03151,Drift,https://www.padi.com/dive-site/mexico/la-reina-islet/,24.38556386353873,-110.03150939941406,0.0,PADI_coordinate_water
2573,Mexico,San Rafaelito Lighthouse / Lobos Rock,24.29825,-110.34586,Reef,https://www.padi.com/dive-site/mexico/san-rafaelito-lighthouse-lobos-rock/,24.298253000542324,-110.34586429595949,0.0,PADI_coordinate_water
2574,Mexico,Swanee Reef,24.39119,-110.31870,Reef,https://www.padi.com/dive-site/mexico/swanee-reef/,24.391192232857303,-110.31869888305664,0.0,PADI_coordinate_water
2578,Mexico,El Bajito,24.59825,-110.41191,Reef,https://www.padi.com/dive-site/mexico/el-bajito/,24.598250764351203,-110.4119110107422,0.0,PADI_coordinate_water
2651,Mexico,La Cocina,19.54724,-105.10975,Beach; Reef,https://www.padi.com/dive-site/mexico/la-cocina/,19.548790404309724,-105.1087760925293,200,minimum_nearest_shoreline_crossing
2654,Mexico,Fish Market,20.81187,-86.88260,Reef,https://www.padi.com/dive-site/mexico/fish-market/,20.811867,-86.8826,0.0,PADI_coordinate_water
2655,Mexico,Mini Wall,20.82488,-86.87603,Reef; Wall,https://www.padi.com/dive-site/mexico/mini-wall/,20.824883,-86.876033,0.0,PADI_coordinate_water
2657,Mexico,Aquarium,20.80503,-86.87997,Reef,https://www.padi.com/dive-site/mexico/aquarium-4/,20.805033,-86.879967,0.0,PADI_coordinate_water
2731,Mexico,Akumal Bay Marine Park,20.39629,-87.30399,Reef,https://www.padi.com/dive-site/mexico/akumal-bay-marine-park/,20.39668641851668,-87.30586051940918,200,minimum_nearest_shoreline_crossing
2836,Mexico,"San Carlos, Sonora",27.94846,-111.05656,Reef,https://www.padi.com/dive-site/mexico/san-carlos-sonora/,27.947573248602065,-111.05480432510376,200,minimum_nearest_shoreline_crossing
2871,Mexico,Inah,20.56344,-87.13481,Reef,https://www.padi.com/dive-site/mexico/inah/,20.56380933343932,-87.13668823242188,200,minimum_nearest_shoreline_crossing
2873,Mexico,Violin,15.73734,-96.13101,Beach; Reef,https://www.padi.com/dive-site/mexico/violin/,15.73874819869561,-96.13216280937196,200,minimum_nearest_shoreline_crossing
2874,Mexico,La Blanca,15.74645,-96.11690,Reef; Wall,https://www.padi.com/dive-site/mexico/la-blanca/,15.7478560524529,-96.1180543899536,200,minimum_nearest_shoreline_crossing
2875,Mexico,La Blanca Channels,15.74822,-96.11545,Reef; Wall; Channel,https://www.padi.com/dive-site/mexico/la-blanca-channels/,15.74963213963688,-96.11659526824953,200,minimum_nearest_shoreline_crossing
2876,Mexico,Violin pinacle,15.73487,-96.13184,Reef; Wall; Cavern,https://www.padi.com/dive-site/mexico/violin-pinacle/,15.736290453955812,-96.13298892974854,200,minimum_nearest_shoreline_crossing
2877,Mexico,Maguey pinacles,15.72791,-96.14377,Reef,https://www.padi.com/dive-site/mexico/maguey-pinacles/,15.7293301249086,-96.14491939544676,200,minimum_nearest_shoreline_crossing
2878,Mexico,Labirynth,15.72450,-96.14791,Reef; Wall; Channel,https://www.padi.com/dive-site/mexico/labirynth/,15.725922161818248,-96.14906072616576,200,minimum_nearest_shoreline_crossing
2879,Mexico,Medregal point,15.72671,-96.14220,Wall,https://www.padi.com/dive-site/mexico/medregal-point/,15.728132180752771,-96.14335298538208,200,minimum_nearest_shoreline_crossing
2880,Mexico,Vuelta de gato (Cat's turn),15.72487,-96.14619,Drift; Wall,https://www.padi.com/dive-site/mexico/vuelta-de-gato-cats-turn/,15.726293942383837,-96.14734411239624,200,minimum_nearest_shoreline_crossing
2881,Mexico,Susie's cove,15.71686,-96.16106,Drift; Reef; Wall; Channel,https://www.padi.com/dive-site/mexico/susies-cove/,15.718279855279617,-96.1622142791748,200,minimum_nearest_shoreline_crossing
2882,Mexico,La grieta,15.71539,-96.15995,Drift; Reef; Wall; Channel,https://www.padi.com/dive-site/mexico/la-grieta/,15.71681332580771,-96.1610984802246,200,minimum_nearest_shoreline_crossing
2883,Mexico,La jeringa,15.71796,-96.15993,Drift; Reef; Wall,https://www.padi.com/dive-site/mexico/la-jeringa/,15.719384909240569,-96.16107702255248,200,minimum_nearest_shoreline_crossing
2884,Mexico,Punta Toño,15.71674,-96.15915,Drift; Wall,https://www.padi.com/dive-site/mexico/punta-tono/,15.718155923620202,-96.1603045463562,200,minimum_nearest_shoreline_crossing
2885,Mexico,"Cacaluta, coral garden",15.71801,-96.16258,Beach; Drift; Reef,https://www.padi.com/dive-site/mexico/cacaluta-coral-garden/,15.719426219552696,-96.1637270450592,200,minimum_nearest_shoreline_crossing
2886,Mexico,Chachacual West point,15.69930,-96.20281,Wall; Channel,https://www.padi.com/dive-site/mexico/chachacual-west-point/,15.70072211875075,-96.20394945144652,200,minimum_nearest_shoreline_crossing
2887,Mexico,La India,15.70752,-96.19768,Reef; Wall,https://www.padi.com/dive-site/mexico/la-india-2/,15.708943459078473,-96.19882106781006,200,minimum_nearest_shoreline_crossing
2888,Mexico,Jicaral point,15.69527,-96.21223,Drift; Wall; Channel,https://www.padi.com/dive-site/mexico/jicaral-point/,15.696693954071325,-96.21336936950684,200,minimum_nearest_shoreline_crossing
2889,Mexico,Shark cove,15.69965,-96.20867,Beach; Reef; Wall; Channel,https://www.padi.com/dive-site/mexico/shark-cove/,15.70107328830953,-96.20980739593506,200,minimum_nearest_shoreline_crossing
2890,Mexico,Whale rock,15.69375,-96.21551,Drift; Wall; Channel,https://www.padi.com/dive-site/mexico/whale-rock/,15.69516529638567,-96.21665239334106,200,minimum_nearest_shoreline_crossing
2891,Mexico,Carrizalillo,15.69582,-96.22369,Beach; Reef,https://www.padi.com/dive-site/mexico/carrizalillo/,15.697251704697434,-96.22482776641844,200,minimum_nearest_shoreline_crossing
2892,Mexico,St.Agustin Island East,15.68609,-96.22560,Reef; Wall,https://www.padi.com/dive-site/mexico/stagustin-island-east/,15.687521836070626,-96.22673749923706,200,minimum_nearest_shoreline_crossing
2893,Mexico,La Rajada,15.68313,-96.22741,Drift; Wall; Channel,https://www.padi.com/dive-site/mexico/la-rajada/,15.68455733586709,-96.22853994369508,200,minimum_nearest_shoreline_crossing
2894,Mexico,St.Agustine,15.68690,-96.23638,Beach; Reef,https://www.padi.com/dive-site/mexico/stagustine/,15.68832751160842,-96.23750925064088,200,minimum_nearest_shoreline_crossing
2895,Mexico,Tejón,15.75752,-96.10752,Reef; Channel,https://www.padi.com/dive-site/mexico/tejon/,15.758925365867992,-96.10866665840148,200,minimum_nearest_shoreline_crossing
2896,Mexico,Punta Arrocito,15.75672,-96.09758,Drift; Reef; Channel,https://www.padi.com/dive-site/mexico/punta-arrocito/,15.758130295370387,-96.0987424850464,200,minimum_nearest_shoreline_crossing
2897,Mexico,La Montosa Island,15.76147,-96.08402,Drift; Reef; Wall; Cavern,https://www.padi.com/dive-site/mexico/la-montosa-island/,15.7628800209137,-96.08518123626708,200,minimum_nearest_shoreline_crossing
3045,Mexico,Chimo,20.49778,-105.49416,Reef,https://www.padi.com/dive-site/mexico/chimo/,20.49777794665844,-105.49415588378906,0.0,PADI_coordinate_water
3046,Mexico,Anegados,20.68932,-105.65140,Reef,https://www.padi.com/dive-site/mexico/anegados/,20.68932277566333,-105.65139770507812,0.0,PADI_coordinate_water
3368,Mexico,Whale Shark Refuge Waters,24.18004,-110.36071,Sandy bottom,https://www.padi.com/dive-site/mexico/whale-shark-refuge-waters/,24.180035,-110.360713,0.0,PADI_coordinate_water
3865,Mexico,Pelican Rock,22.87916,-109.89839,Reef; Wall,https://www.padi.com/dive-site/mexico/pelican-rock/,22.87916,-109.898386,0.0,PADI_coordinate_water
3924,Mexico,Chileno,22.94523,-109.80243,Ocean,https://www.padi.com/dive-site/mexico/chileno/,22.945234,-109.802427,0.0,PADI_coordinate_water
5746,Mexico,Chankanaab Shallows,20.45060,-86.99011,Drift; Reef; Ocean,https://www.padi.com/dive-site/mexico/chankanaab-shallows/,20.45098,-86.991978,200,minimum_nearest_shoreline_crossing
5854,Mexico,Los Arcos,20.54665,-105.29155,Reef; Wall,https://www.padi.com/dive-site/mexico/los-arcos/,20.546651,-105.291553,0.0,PADI_coordinate_water
6752,Mexico,El cristo,17.62190,-101.55127,Beach; Reef,https://www.padi.com/dive-site/mexico/el-cristo/,17.623674858820813,-101.5515661239624,200,minimum_nearest_shoreline_crossing
7687,Mexico,Manchones National Park,21.19915,-86.72759,Reef,https://www.padi.com/dive-site/mexico/manchones/,21.199147,-86.727587,0.0,PADI_coordinate_water
7689,Mexico,Punta Sur,21.19882,-86.71028,Drift,https://www.padi.com/dive-site/mexico/punta-sur-3/,21.198817,-86.710281,0.0,PADI_coordinate_water
8873,Mexico,Santa Maria Bay,22.92927,-109.81673,Reef; Sandy bottom; Ocean,https://www.padi.com/dive-site/mexico/santa-maria-bay-2/,22.92946470447312,-109.81478691101076,200,minimum_nearest_shoreline_crossing
9611,Mexico,Paso de Cedral,20.37492,-87.02597,Drift; Reef,https://www.padi.com/dive-site/mexico/paso-de-cedral/,20.3749233497694,-87.02596664428712,0.0,PADI_coordinate_water
9612,Mexico,The Corner,20.71310,-86.97859,Reef; Wall,https://www.padi.com/dive-site/mexico/the-corner/,20.713095435232937,-86.97858810424805,0.0,PADI_coordinate_water
12574,Mexico,Coquitos,20.23176,-87.40409,Reef; Sandy bottom; Ocean,https://www.padi.com/dive-site/mexico/coquitos/,20.23175785242932,-87.40409374237062,0.0,PADI_coordinate_water
15269,Mexico,Palancar Gardens,20.35066,-87.02465,Drift; Reef; Wall,https://www.padi.com/dive-site/mexico/palancar-gardens-2/,20.35106492452566,-87.0265245857709,200,minimum_nearest_shoreline_crossing
15270,Mexico,Paradise Reef,20.46863,-86.98370,Drift; Reef; Ocean,https://www.padi.com/dive-site/mexico/paradise-reef-4/,20.46863148742675,-86.98369503021242,0.0,PADI_coordinate_water
16390,Mexico,Maracaibo,20.26972,-87.01070,Drift; Reef; Wall; Ocean,https://www.padi.com/dive-site/mexico/maracaibo-2/,20.26972,-87.0107,0.0,PADI_coordinate_water
16636,Mexico,Santa Rosa,20.37842,-87.03266,Drift; Reef; Wall; Ocean,https://www.padi.com/dive-site/mexico/santa-rosa/,20.37842329385637,-87.03266136567524,0.0,PADI_coordinate_water
16637,Mexico,San Francisco,20.40290,-87.02271,Drift; Reef; Wall; Ocean,https://www.padi.com/dive-site/mexico/san-francisco/,20.40290102054152,-87.0227052173277,0.0,PADI_coordinate_water
16820,Mexico,Chunchacah,20.27187,-87.01093,Drift; Reef; Ocean,https://www.padi.com/dive-site/mexico/cun-chacaab/,20.27187,-87.01093,0.0,PADI_coordinate_water
17380,Mexico,Blowhole,22.93152,-109.80951,Reef; Sandy bottom; Wall,https://www.padi.com/dive-site/mexico/la-bufadora-2/,22.93151980436564,-109.80950832366943,0.0,PADI_coordinate_water
17381,Mexico,NORTH WALL,22.87867,-109.89858,Sandy bottom; Wall,https://www.padi.com/dive-site/mexico/north-wall-3/,22.87867112815344,-109.89858436126808,0.0,PADI_coordinate_water
18303,Mexico,Santa Rosa Wall,20.37750,-87.02446,Drift; Reef; Wall,https://www.padi.com/dive-site/mexico/santa-rosa-wall-2/,20.37749806892404,-87.02446460723878,0.0,PADI_coordinate_water
20190,Mexico,Cueva del Pargo,20.63603,-87.05323,Drift; Reef,https://www.padi.com/dive-site/mexico/cueva-del-pargo/,20.63602735149773,-87.05322861671448,0.0,PADI_coordinate_water
21141,Mexico,BULLSHARK SITE,20.62402,-87.06290,Drift; Sandy bottom,https://www.padi.com/dive-site/mexico/shark-point-6/,20.624018495040207,-87.06289529800415,0.0,PADI_coordinate_water
21368,Mexico,Ojo de Agua,20.84917,-86.86778,Beach,https://www.padi.com/dive-site/mexico/ojo-de-agua/,20.8505905122856,-86.87241548611726,507,minimum_nearest_shoreline_crossing
21701,Mexico,Yucab reef,20.46360,-86.98828,Drift; Reef; Ocean,https://www.padi.com/dive-site/mexico/yucab-reef/,20.4636,-86.98828,0.0,PADI_coordinate_water
21702,Mexico,Palancar Caves,20.32639,-87.02750,Drift; Pinnacle; Reef; Wall; Ocean,https://www.padi.com/dive-site/mexico/palancar-caves/,20.326386111111116,-87.0275,0.0,PADI_coordinate_water
21707,Mexico,Ballena,20.19110,-87.43289,Reef; Sandy bottom,https://www.padi.com/dive-site/mexico/ballena/,20.191102467852733,-87.4328899383545,0.0,PADI_coordinate_water
22426,Mexico,Punta Sur - Devil's Throat,20.30600,-87.02573,Cave; Drift; Reef; Wall; Ocean,https://www.padi.com/dive-site/mexico/punta-sur/,20.306,-87.02573,0.0,PADI_coordinate_water
23530,Mexico,Villa Blanca Shallows,20.48339,-86.97041,Beach; Reef,https://www.padi.com/dive-site/mexico/tikila/,20.48376823651593,-86.97227954864502,200,minimum_nearest_shoreline_crossing
10621,Montenegro,Rt Dobrec,42.41278,18.54947,Wall; Archaeological,https://www.padi.com/dive-site/montenegro/rt-dobrec/,42.41277914160723,18.549471039666848,0.0,PADI_coordinate_water
11054,Montenegro,Submarine tunel,42.42403,18.54936,Cave,https://www.padi.com/dive-site/montenegro/submarine-tunel/,42.4240267412241,18.549363785850662,0.0,PADI_coordinate_water
21150,Montenegro,reef Galiola,42.26292,18.85061,Wall,https://www.padi.com/dive-site/montenegro/reef-galiola/,42.26292304215754,18.85060787200928,0.0,PADI_coordinate_water
23294,Montenegro,Sirena hole,42.36222,18.62728,Cave; Reef; Channel,https://www.padi.com/dive-site/montenegro/sirena-groto/,42.36222240121285,18.627276420593265,0.0,PADI_coordinate_water
531,Mozambique,Colosseum,-23.45065,35.67535,Drift; Reef,https://www.padi.com/dive-site/mozambique/colosseum/,-23.450648316816466,35.67535400390625,0.0,PADI_coordinate_water
533,Mozambique,Banners,-23.51237,35.66093,Drift; Reef,https://www.padi.com/dive-site/mozambique/banners/,-23.51236709734913,35.66093444824219,0.0,PADI_coordinate_water
539,Mozambique,Reggies,-23.55643,35.64926,Drift; Reef,https://www.padi.com/dive-site/mozambique/reggies/,-23.55643424320944,35.649261474609375,0.0,PADI_coordinate_water
542,Mozambique,EN1,-23.60930,35.47829,Drift; Reef,https://www.padi.com/dive-site/mozambique/en1/,-23.60929531766475,35.47828674316406,0.0,PADI_coordinate_water
543,Mozambique,Lighthouse,-23.77749,35.54180,Drift; Reef,https://www.padi.com/dive-site/mozambique/lighthouse/,-23.77749052119731,35.54180145263672,0.0,PADI_coordinate_water
558,Mozambique,Simons Town,-23.89337,35.54815,Reef,https://www.padi.com/dive-site/mozambique/simons-town/,-23.89337152586044,35.548152923583984,0.0,PADI_coordinate_water
559,Mozambique,Marble Arch,-23.90279,35.54352,Reef,https://www.padi.com/dive-site/mozambique/marble-arch/,-23.902788191253983,35.54351806640625,0.0,PADI_coordinate_water
561,Mozambique,Praia Da Rocha,-23.92664,35.53133,Reef,https://www.padi.com/dive-site/mozambique/praia-da-rocha/,-23.926640673501304,35.53133010864258,0.0,PADI_coordinate_water
562,Mozambique,Krakatoa,-23.93052,35.53013,Reef,https://www.padi.com/dive-site/mozambique/krakatoa/,-23.930524131136025,35.530128479003906,0.0,PADI_coordinate_water
563,Mozambique,Robs Bottom,-23.95394,35.53253,Drift; Reef,https://www.padi.com/dive-site/mozambique/robs-bottom/,-23.95394008097932,35.53253173828125,0.0,PADI_coordinate_water
565,Mozambique,Hogwarts,-23.99707,35.51931,Drift; Reef,https://www.padi.com/dive-site/mozambique/hogwarts/,-23.997073913200506,35.51931381225586,0.0,PADI_coordinate_water
3073,Mozambique,Two Mile Reef,-21.81111,35.50228,Drift; Reef,https://www.padi.com/dive-site/mozambique/two-mile-reef/,-21.81110596498306,35.50227642059326,0.0,PADI_coordinate_water
3074,Mozambique,Sao Sebastiao,-22.14989,35.58369,Drift; Reef,https://www.padi.com/dive-site/mozambique/sao-sebastiao/,-22.14988767367991,35.58368682861328,0.0,PADI_coordinate_water
6927,Mozambique,Doodles,-26.84125,32.89012,Reef; Ocean,https://www.padi.com/dive-site/mozambique/doodles/,-26.83952276591573,32.89068460464478,200,minimum_nearest_shoreline_crossing
7638,Mozambique,Steps,-26.80719,32.89461,Reef; Ocean,https://www.padi.com/dive-site/mozambique/steps-3/,-26.805456669321305,32.89516925811768,200,minimum_nearest_shoreline_crossing
7761,Mozambique,Ponta Du Ouro,-26.82825,32.92273,Beach; Drift; Reef,https://www.padi.com/dive-site/mozambique/ponta-du-ouro/,-26.826522,32.923279,200,minimum_nearest_shoreline_crossing
12040,Mozambique,ATLANTIS,-21.84596,35.45099,Cave; Reef; Wall,https://www.padi.com/dive-site/mozambique/atlantis-4/,-21.845964517534476,35.45099258422852,0.0,PADI_coordinate_water
12041,Mozambique,FORREST 05 GUMP,-21.84569,35.45185,Cave; Reef; Wall,https://www.padi.com/dive-site/mozambique/forrest-05-gump/,-21.8456856828284,35.45185089111329,0.0,PADI_coordinate_water
12052,Mozambique,TURTLE COVES,-21.84772,35.45108,Reef; Sandy bottom,https://www.padi.com/dive-site/mozambique/turtle-coves/,-21.84592468403835,35.45112133026124,200,minimum_nearest_shoreline_crossing
12054,Mozambique,THE ROLLER COASTER,-21.84588,35.45043,Drift; Pinnacle; Reef,https://www.padi.com/dive-site/mozambique/the-roller-coaster/,-21.845884850531107,35.450434684753425,0.0,PADI_coordinate_water
12367,Mozambique,MARLIN PINNACLES,-21.84561,35.45048,Cave; Drift; Pinnacle; Reef; Ocean,https://www.padi.com/dive-site/mozambique/marlin-pinnacles/,-21.845606015669595,35.45047760009766,0.0,PADI_coordinate_water
12386,Mozambique,AREA 51,-21.84573,35.45189,Drift; Pinnacle; Reef; Ocean,https://www.padi.com/dive-site/mozambique/area-51/,-21.84572551639115,35.45189380645753,0.0,PADI_coordinate_water
12579,Mozambique,Anchor,-26.83265,32.90302,Reef; Ocean,https://www.padi.com/dive-site/mozambique/anchor/,-26.832649094634835,32.90302276611329,0.0,PADI_coordinate_water
12580,Mozambique,Bee Hive,-26.84345,32.89354,Reef; Ocean,https://www.padi.com/dive-site/mozambique/bee-hive/,-26.84172455010065,32.894096374511726,200,minimum_nearest_shoreline_crossing
13479,Mozambique,Doodles,-26.80198,32.89427,Reef; Ocean,https://www.padi.com/dive-site/mozambique/creche/,-26.800247234956014,32.89482593536378,200,minimum_nearest_shoreline_crossing
17848,Mozambique,SHARK VAAL,-21.84612,35.45112,Drift; Reef; Ocean,https://www.padi.com/dive-site/mozambique/shark-vaal/,-21.84612385140799,35.45112133026124,0.0,PADI_coordinate_water
17849,Mozambique,9-MILE SHALLOW,-21.84596,35.45202,Drift; Reef; Sandy bottom; Channel; Ocean,https://www.padi.com/dive-site/mozambique/9-mile-shallow/,-21.845964517534476,35.45202255249024,0.0,PADI_coordinate_water
18137,Mozambique,AMPHITHEATRE,-21.84573,35.45215,Drift; Pinnacle; Reef; Ocean,https://www.padi.com/dive-site/mozambique/amphitheatre-2/,-21.84572551639115,35.45215129852296,0.0,PADI_coordinate_water
18138,Mozambique,GAP (2 MILE),-21.84612,35.45164,Reef,https://www.padi.com/dive-site/mozambique/gap-2-mile/,-21.84612385140799,35.4516363143921,0.0,PADI_coordinate_water
18139,Mozambique,KINGFISH 03 ALLEY,-21.84600,35.45151,Reef; Sandy bottom,https://www.padi.com/dive-site/mozambique/kingfish-03-alley/,-21.84600435101952,35.45150756835938,0.0,PADI_coordinate_water
21362,Mozambique,"Clownfish, Tofo",-23.84428,35.54747,Reef,https://www.padi.com/dive-site/mozambique/clownfish/,-23.84427606043319,35.54746627807617,0.0,PADI_coordinate_water
22851,Mozambique,Blacks,-26.83901,32.89302,Beach; Reef; Ocean,https://www.padi.com/dive-site/mozambique/blacks/,-26.8372826458944,32.89358139038087,200,minimum_nearest_shoreline_crossing
22853,Mozambique,Checkers,-26.82733,32.89457,Reef; Ocean,https://www.padi.com/dive-site/mozambique/checkers/,-26.8256026699246,32.895126342773445,200,minimum_nearest_shoreline_crossing
22854,Mozambique,Steps,-26.80891,32.89560,Reef; Ocean,https://www.padi.com/dive-site/mozambique/steps/,-26.807180326532546,32.89615631103516,200,minimum_nearest_shoreline_crossing
22855,Mozambique,Chreche,-26.81174,32.89399,Reef; Ocean,https://www.padi.com/dive-site/mozambique/chreche/,-26.810014728087964,32.89454698562623,200,minimum_nearest_shoreline_crossing
23440,Mozambique,"Fingers, Tofo",-23.81487,35.54146,Reef,https://www.padi.com/dive-site/mozambique/fingers/,-23.81487266922183,35.541458129882805,0.0,PADI_coordinate_water
23634,Mozambique,The Guardians,-14.19517,40.67908,Pinnacle; Wall,https://www.padi.com/dive-site/mozambique/the-guardians/,-14.19636955477348,40.67769527435304,200,minimum_nearest_shoreline_crossing
23635,Mozambique,Gorgonia Forrest,-14.18572,40.69735,Wall,https://www.padi.com/dive-site/mozambique/gorgonia-forrest/,-14.18571848894443,40.69735050201417,0.0,PADI_coordinate_water
23636,Mozambique,Fish Alley,-14.19100,40.68830,Reef; Wall; Ocean,https://www.padi.com/dive-site/mozambique/fish-alley/,-14.191002478714903,40.68829536437989,0.0,PADI_coordinate_water
23714,Mozambique,Salon,-23.81676,35.54335,Reef,https://www.padi.com/dive-site/mozambique/salon/,-23.8167571985357,35.5433464050293,0.0,PADI_coordinate_water
23715,Mozambique,Amazon,-23.53881,35.83740,Drift; Reef,https://www.padi.com/dive-site/mozambique/amazon/,-23.5388091562944,35.83740234375001,0.0,PADI_coordinate_water
1612,Netherlands,"Spiegel plas,",52.27789,5.06531,Beach,https://www.padi.com/dive-site/netherlands/spiegel-plas/,52.27658691838048,5.067325830459595,200,minimum_nearest_shoreline_crossing
1748,Netherlands,Dreischor Frans Kokrif,51.71105,3.99503,Reef,https://www.padi.com/dive-site/netherlands/dreischor-frans-kokrif/,51.71104946771399,3.99503231048584,0.0,PADI_coordinate_water
1901,Netherlands,Sint Annaland,51.60568,4.10216,Beach; Drift,https://www.padi.com/dive-site/netherlands/sint-annaland/,51.60671715623634,4.104509353637694,200,minimum_nearest_shoreline_crossing
2405,Netherlands,Scharendijke huisrif,51.73958,3.84092,Beach; Reef; Wall,https://www.padi.com/dive-site/netherlands/scharendijke-huisrif/,51.740303986157535,3.843584060668945,200,minimum_nearest_shoreline_crossing
3257,Netherlands,Bergse Diepsluis,51.51723,4.17368,Ocean,https://www.padi.com/dive-site/netherlands/bergse-diepsluis/,51.51723,4.173681,0.0,PADI_coordinate_water
3258,Netherlands,Anna Jacoba Polder,51.64252,4.10025,Drift; Ocean,https://www.padi.com/dive-site/netherlands/anna-jacoba-polder/,51.64252,4.100255,0.0,PADI_coordinate_water
12037,Netherlands,Zeelandbrug,51.62918,3.91332,Drift; Reef,https://www.padi.com/dive-site/netherlands/zeelandbrug/,51.62917993069112,3.913321495056153,0.0,PADI_coordinate_water
17120,Netherlands,"Zandeiland 4, Vinkeveen",52.23492,4.95730,Beach,https://www.padi.com/dive-site/netherlands/zandeiland-4-vinkeveen/,52.23412091084624,4.959919452667236,200,minimum_nearest_shoreline_crossing
1679,New Zealand,Blue Maomao Arch,-35.48817,174.73944,Cave; Reef; Wall; Channel,https://www.padi.com/dive-site/new-zealand/blue-maomao-arch-2/,-35.48817494721275,174.73943710327148,0.0,PADI_coordinate_water
1680,New Zealand,Northern Arch,-35.44809,174.73147,Wall,https://www.padi.com/dive-site/new-zealand/northern-arch/,-35.44809385477425,174.73146557807922,0.0,PADI_coordinate_water
2222,New Zealand,Matherson Bay,-36.30465,174.80241,Beach,https://www.padi.com/dive-site/new-zealand/matherson-bay/,-36.300652081994,174.79841351509094,571,minimum_nearest_shoreline_crossing
2224,New Zealand,Goat Island,-36.26827,174.79561,Beach,https://www.padi.com/dive-site/new-zealand/goat-island/,-36.2700717121114,174.79564547538754,200,minimum_nearest_shoreline_crossing
2225,New Zealand,Ti Point,-36.31598,174.78448,Beach; Drift,https://www.padi.com/dive-site/new-zealand/ti-point/,-36.31777911588756,174.7845196723938,200,minimum_nearest_shoreline_crossing
2226,New Zealand,Jones Bay,-36.38514,174.82042,Beach,https://www.padi.com/dive-site/new-zealand/jones-bay/,-36.37839809911361,174.81831550598145,774,minimum_nearest_shoreline_crossing
2227,New Zealand,Wonderland,-36.29459,174.80281,Beach; Reef,https://www.padi.com/dive-site/new-zealand/wonderland/,-36.29638919164581,174.80284452438354,200,minimum_nearest_shoreline_crossing
2228,New Zealand,Outpost,-36.29045,174.81843,Reef; Wall,https://www.padi.com/dive-site/new-zealand/outpost/,-36.29044842652743,174.8184335231781,0.0,PADI_coordinate_water
2229,New Zealand,Majestic Unicorn Cove (MUC),-36.29457,174.81249,Beach,https://www.padi.com/dive-site/new-zealand/majestic-unicorn-cove-muc/,-36.29120077551029,174.8091208934784,481,minimum_nearest_shoreline_crossing
2230,New Zealand,Penguin Point,-36.29270,174.80834,Beach,https://www.padi.com/dive-site/new-zealand/penguin-point/,-36.29449545974355,174.80836987495422,200,minimum_nearest_shoreline_crossing
2231,New Zealand,Fishermans Cove,-36.60239,174.79178,Beach,https://www.padi.com/dive-site/new-zealand/fishermans-cove/,-36.60419398140237,174.7918152809143,200,minimum_nearest_shoreline_crossing
2232,New Zealand,Little Wooden Island,-36.58845,174.88361,Reef,https://www.padi.com/dive-site/new-zealand/little-wooden-island/,-36.58844812365517,174.88361120224,0.0,PADI_coordinate_water
2233,New Zealand,Waikato Drift Dive/Snorkel,-38.67690,176.08409,Drift,https://www.padi.com/dive-site/new-zealand/waikato-drift-divesnorkel/,-38.67855833329951,176.08320236206052,200,minimum_nearest_shoreline_crossing
2234,New Zealand,White Island,-37.53117,177.18999,Reef,https://www.padi.com/dive-site/new-zealand/white-island/,-37.5311695974249,177.18998908996582,0.0,PADI_coordinate_water
2235,New Zealand,Shears Rock,-36.59564,174.90668,Reef; Wall,https://www.padi.com/dive-site/new-zealand/shears-rock/,-36.59564096827249,174.90667819976807,0.0,PADI_coordinate_water
3228,New Zealand,Blue MaoMao Arch,-35.48858,174.73906,Ocean,https://www.padi.com/dive-site/new-zealand/blue-maomao-arch/,-35.48857821,174.7390649,0.0,PADI_coordinate_water
3650,New Zealand,Ohinau,-36.72705,175.87910,Cave; Pinnacle; Reef; Sandy bottom; Wall; Ocean,https://www.padi.com/dive-site/new-zealand/ohinau/,-36.727053,175.879097,0.0,PADI_coordinate_water
3651,New Zealand,Aldermen Islands,-36.96416,176.08543,Cave; Pinnacle; Reef; Sandy bottom; Wall; Ocean,https://www.padi.com/dive-site/new-zealand/aldermen-islands/,-36.964158,176.085434,0.0,PADI_coordinate_water
3652,New Zealand,"The Bookcase, Great Mercury Island",-36.59475,175.74851,Reef; Wall; Ocean,https://www.padi.com/dive-site/new-zealand/the-bookcase-great-mercury-island/,-36.594754,175.748506,0.0,PADI_coordinate_water
3653,New Zealand,Danger Rocks,-36.71384,175.90433,Pinnacle,https://www.padi.com/dive-site/new-zealand/danger-rocks/,-36.713843,175.904331,0.0,PADI_coordinate_water
3654,New Zealand,Crayfish Bay,-36.73821,175.81357,Reef; Sandy bottom; Ocean,https://www.padi.com/dive-site/new-zealand/crayfish-bay/,-36.739985,175.813179,200,minimum_nearest_shoreline_crossing
3655,New Zealand,Whale Rock,-36.69513,175.92133,Reef; Wall; Ocean,https://www.padi.com/dive-site/new-zealand/whale-rock-3/,-36.695126,175.921326,0.0,PADI_coordinate_water
3884,New Zealand,Mahurangi Island,-36.82990,175.82210,Reef; Sandy bottom,https://www.padi.com/dive-site/new-zealand/mahurangi-island/,-36.829898,175.822105,0.0,PADI_coordinate_water
4256,New Zealand,Island Bay,-41.34669,174.77599,Beach; Reef; Wall,https://www.padi.com/dive-site/new-zealand/island-bay/,-41.34492,174.77643,200,minimum_nearest_shoreline_crossing
4674,New Zealand,Kau Point,-41.29059,174.83416,Beach; Muck; Sandy bottom; Ocean,https://www.padi.com/dive-site/new-zealand/kau-point/,-41.288795,174.834398,200,minimum_nearest_shoreline_crossing
4675,New Zealand,Scorching Bay,-41.29916,174.83488,Beach; Reef; Sandy bottom; Ocean,https://www.padi.com/dive-site/new-zealand/scorching-bay/,-41.297372,174.835106,200,minimum_nearest_shoreline_crossing
4682,New Zealand,Princess Bay,-41.34756,174.78840,Beach; Reef; Sandy bottom; Ocean,https://www.padi.com/dive-site/new-zealand/princess-bay/,-41.34579,174.78879,200,minimum_nearest_shoreline_crossing
4683,New Zealand,Mermaids Kitchen,-41.35038,174.76246,Beach; Reef; Sandy bottom; Channel; Ocean,https://www.padi.com/dive-site/new-zealand/mermaids-kitchen/,-41.348617,174.762944,200,minimum_nearest_shoreline_crossing
4966,New Zealand,Middle Arch,-35.45717,174.73261,Wall,https://www.padi.com/dive-site/new-zealand/middle-arch/,-35.457174,174.732614,0.0,PADI_coordinate_water
4967,New Zealand,Trevor's Rocks,-35.47870,174.73785,Cave; Pinnacle; Reef; Sandy bottom; Wall,https://www.padi.com/dive-site/new-zealand/trevors-rocks/,-35.478705,174.737849,0.0,PADI_coordinate_water
4968,New Zealand,Brady's Corner / Meditation Wall,-35.48048,174.73767,Cave; Pinnacle; Reef; Wall,https://www.padi.com/dive-site/new-zealand/bradys-corner-meditation-wall/,-35.480478,174.737667,0.0,PADI_coordinate_water
4969,New Zealand,Magic Wall,-35.48825,174.73812,Reef; Wall,https://www.padi.com/dive-site/new-zealand/magic-wall/,-35.488254,174.738117,0.0,PADI_coordinate_water
4970,New Zealand,Jan's Tunnel,-35.48785,174.73628,Cave; Reef; Wall,https://www.padi.com/dive-site/new-zealand/jans-tunnel/,-35.487852,174.736283,0.0,PADI_coordinate_water
5015,New Zealand,Ngaio Rock,-35.48945,174.73777,Pinnacle,https://www.padi.com/dive-site/new-zealand/ngaio-rock/,-35.48945,174.737774,0.0,PADI_coordinate_water
5226,New Zealand,RikoRiko Cave,-35.48180,174.73422,Cave; Reef; Wall; Ocean,https://www.padi.com/dive-site/new-zealand/rikoriko-cave/,-35.481798,174.734223,0.0,PADI_coordinate_water
6881,New Zealand,Cave Bay,-36.82964,175.81947,Cave; Reef; Ocean,https://www.padi.com/dive-site/new-zealand/cave-bay/,-36.83140901978955,175.81905841827395,200,minimum_nearest_shoreline_crossing
6882,New Zealand,Spectacle Reef,-36.82821,175.82365,Pinnacle; Reef; Wall; Ocean,https://www.padi.com/dive-site/new-zealand/spectacle-reef/,-36.82821444357052,175.82365036010745,0.0,PADI_coordinate_water
6907,New Zealand,Hapuka Rock (Hereheretaura Pinnacle),-36.83831,175.82846,Pinnacle; Reef; Wall; Ocean,https://www.padi.com/dive-site/new-zealand/10-hapuka-rock-hereheretaura-pinnacle/,-36.838312970742784,175.8284568786621,0.0,PADI_coordinate_water
6908,New Zealand,Russ' Ravine,-36.83007,175.82253,Pinnacle; Reef; Cavern; Ocean,https://www.padi.com/dive-site/new-zealand/8-russ-ravine/,-36.8300693750348,175.82253456115723,0.0,PADI_coordinate_water
6909,New Zealand,South Sunk,-36.81726,175.81730,Pinnacle; Reef; Wall; Ocean,https://www.padi.com/dive-site/new-zealand/south-sunk-2/,-36.81725569017925,175.81729888916016,0.0,PADI_coordinate_water
6986,New Zealand,Okorotere Island,-36.82578,175.81940,Reef; Sandy bottom; Wall; Ocean,https://www.padi.com/dive-site/new-zealand/okorotere-island/,-36.82577548376294,175.81940174102783,0.0,PADI_coordinate_water
6992,New Zealand,The Long Drop,-36.82454,175.82138,Pinnacle; Reef; Wall; Ocean,https://www.padi.com/dive-site/new-zealand/the-long-drop/,-36.824538798382456,175.8213758468628,0.0,PADI_coordinate_water
8742,New Zealand,Putataua Bay,-35.02354,173.91416,Beach,https://www.padi.com/dive-site/new-zealand/putataua-bay/,-35.026700474801444,173.9141399553046,351,minimum_nearest_shoreline_crossing
8783,New Zealand,Rocky Bay,-41.09977,174.83387,Reef; Ocean,https://www.padi.com/dive-site/new-zealand/rocky-bay-3/,-41.098006,174.834334,200,minimum_nearest_shoreline_crossing
13884,Niue,Coral Nursery,-19.12893,-169.91504,Reef,https://www.padi.com/dive-site/niue/coral-nursery/,-19.127166688950112,-169.91540908813477,200,minimum_nearest_shoreline_crossing
13885,Niue,Purple Heart,-19.02499,-169.92166,Reef,https://www.padi.com/dive-site/niue/purple-heart/,-19.0267845469438,-169.92184638977054,200,minimum_nearest_shoreline_crossing
13957,Niue,Wormhole,-19.06209,-169.93698,Cave; Reef,https://www.padi.com/dive-site/niue/wormhole/,-19.0634,-169.93568,200,minimum_nearest_shoreline_crossing
13958,Niue,Bubble Cave,-19.06268,-169.93865,Cave; Reef,https://www.padi.com/dive-site/niue/bubble-cave/,-19.063862043933664,-169.93721008300784,200,minimum_nearest_shoreline_crossing
13959,Niue,The Tunnel,-19.05125,-169.92246,Pinnacle; Reef; Sandy bottom; Wall; Cavern; Ocean,https://www.padi.com/dive-site/niue/the-tunnel-3/,-19.05301,-169.92282,200,minimum_nearest_shoreline_crossing
13963,Niue,Chimney,-19.05902,-169.93251,Cave; Reef,https://www.padi.com/dive-site/niue/chimney-4/,-19.06069,-169.9318,200,minimum_nearest_shoreline_crossing
13965,Niue,Tepa Point,-19.13379,-169.92122,Reef; Wall; Ocean,https://www.padi.com/dive-site/niue/tepa-point/,-19.132,-169.92138,200,minimum_nearest_shoreline_crossing
14147,Niue,No. 7,-19.05357,-169.92503,Reef; Ocean,https://www.padi.com/dive-site/niue/no-7/,-19.05536,-169.9252,200,minimum_nearest_shoreline_crossing
17378,Niue,Matavai Bombie,-19.11088,-169.91596,Reef; Ocean,https://www.padi.com/dive-site/niue/matavai-bombie/,-19.10914,-169.91645,200,minimum_nearest_shoreline_crossing
23883,Niue,Wil's Wall,-19.06248,-169.93813,Reef; Wall; Ocean,https://www.padi.com/dive-site/niue/wils-wall/,-19.06369979722681,-169.93673801422122,200,minimum_nearest_shoreline_crossing
23884,Niue,Sand River,-19.09520,-169.93370,Reef; Sandy bottom; Ocean,https://www.padi.com/dive-site/niue/sand-river/,-19.0934694082548,-169.93317604064944,200,minimum_nearest_shoreline_crossing
23885,Niue,Dome Cave,-19.02046,-169.92343,Cave; Reef; Ocean,https://www.padi.com/dive-site/niue/dome-cave/,-19.02045539421812,-169.92343425750735,0.0,PADI_coordinate_water
368,Northern Mariana Islands,GROTTO,15.26007,145.82611,Cave; Beach; Wall,https://www.padi.com/dive-site/northern-mariana-islands/grotto/,15.258931157052864,145.8246660232544,200,minimum_nearest_shoreline_crossing
369,Northern Mariana Islands,Lau Lau Beach,15.15835,145.75043,Beach; Reef,https://www.padi.com/dive-site/northern-mariana-islands/lau-lau-beach/,15.160018241761664,145.751114487648,200,minimum_nearest_shoreline_crossing
397,Northern Mariana Islands,Wing Crevasse,15.27541,145.79329,Wall,https://www.padi.com/dive-site/northern-mariana-islands/wing-crevasse/,15.275408673614436,145.7932949066162,0.0,PADI_coordinate_water
398,Northern Mariana Islands,Wing Arch,15.27657,145.79467,Wall,https://www.padi.com/dive-site/northern-mariana-islands/wing-arch/,15.276567847177002,145.79466819763184,0.0,PADI_coordinate_water
399,Northern Mariana Islands,Banzai,15.28830,145.81548,Drift; Wall,https://www.padi.com/dive-site/northern-mariana-islands/banzai/,15.28830411867338,145.8154821395874,0.0,PADI_coordinate_water
400,Northern Mariana Islands,Spot Light,15.28659,145.81660,Wall,https://www.padi.com/dive-site/northern-mariana-islands/spot-light/,15.28658615172003,145.8165979385376,0.0,PADI_coordinate_water
401,Northern Mariana Islands,Naftan,15.09370,145.74477,Drift; Wall,https://www.padi.com/dive-site/northern-mariana-islands/naftan/,15.095452436980716,145.7451868057251,200,minimum_nearest_shoreline_crossing
3888,Northern Mariana Islands,Lau Lau Dive Site,15.16196,145.76184,Beach; Reef; Cavern; Ocean,https://www.padi.com/dive-site/northern-mariana-islands/lau-lau-dive-site/,15.163705,145.762246,200,minimum_nearest_shoreline_crossing
5428,Northern Mariana Islands,Obyan,15.10396,145.73866,Beach; Reef; Ocean,https://www.padi.com/dive-site/northern-mariana-islands/obyan/,15.105676,145.7392,200,minimum_nearest_shoreline_crossing
5429,Northern Mariana Islands,East Bay,15.15480,145.76993,Reef; Wall; Ocean,https://www.padi.com/dive-site/northern-mariana-islands/east-bay/,15.156591,145.770078,200,minimum_nearest_shoreline_crossing
10634,Northern Mariana Islands,그로토,15.26147,145.82535,Cave; Beach,https://www.padi.com/dive-site/northern-mariana-islands/-79/,15.260297432470512,145.82393646240237,200,minimum_nearest_shoreline_crossing
10635,Northern Mariana Islands,Grotto,15.26001,145.82411,Cave,https://www.padi.com/dive-site/northern-mariana-islands/grotto-2/,15.260007617215573,145.82410812377933,0.0,PADI_coordinate_water
3844,Oman,Al Fahal Island,23.68061,58.50093,Pinnacle; Reef; Sandy bottom; Wall,https://www.padi.com/dive-site/oman/al-fahal-island/,23.680608,58.500931,0.0,PADI_coordinate_water
7733,Oman,Falcon Rock,26.30157,56.32484,Drift; Reef; Sandy bottom; Fjord; Ocean,https://www.padi.com/dive-site/oman/falcon-rock/,26.301571,56.324844,0.0,PADI_coordinate_water
7735,Oman,Pipi Beach,26.37736,56.38533,Beach; Drift; Reef; Sandy bottom; Fjord; Ocean,https://www.padi.com/dive-site/oman/pipi-beach/,26.375569,56.385183,200,minimum_nearest_shoreline_crossing
7790,Oman,Aquarium,26.28849,56.32261,Drift; Reef; Fjord; Ocean,https://www.padi.com/dive-site/oman/aquarium-7/,26.28849,56.322613,0.0,PADI_coordinate_water
7993,Oman,Aquarium,23.84015,58.11469,Pinnacle; Sandy bottom; Wall; Ocean,https://www.padi.com/dive-site/oman/aquarium-8/,23.84014659724219,58.11468886910007,0.0,PADI_coordinate_water
16569,Oman,Three sisters,23.86280,58.10781,Reef,https://www.padi.com/dive-site/oman/three-sisters-3/,23.862801875873817,58.1078052520752,0.0,PADI_coordinate_water
16894,Oman,Turtle City,23.85717,58.09965,Reef,https://www.padi.com/dive-site/oman/turtle-city/,23.85716983721192,58.09965133666993,0.0,PADI_coordinate_water
16895,Oman,Black tip,23.86053,58.08969,Reef,https://www.padi.com/dive-site/oman/black-tip/,23.86052554129973,58.08969497680665,0.0,PADI_coordinate_water
21177,Oman,Shark Bay,23.86028,58.08492,Reef,https://www.padi.com/dive-site/oman/shark-bay-2/,23.858877136118814,58.08368682861329,200,minimum_nearest_shoreline_crossing
23617,Oman,Ras Sanat,25.80624,56.36547,Reef; Sandy bottom; Cavern; Ocean,https://www.padi.com/dive-site/oman/ras-sanat/,25.804450322400143,56.36531352996827,200,minimum_nearest_shoreline_crossing
23682,Oman,Abu Rashid Wall,26.40267,56.49247,Drift; Wall,https://www.padi.com/dive-site/oman/abu-rashid/,26.402671504927905,56.492471694946296,0.0,PADI_coordinate_water
23683,Oman,Eagle Bay North,26.38466,56.41828,Drift; Reef; Sandy bottom; Fjord; Ocean,https://www.padi.com/dive-site/oman/eagle-bay/,26.382865602987565,56.41811657056678,200,minimum_nearest_shoreline_crossing
23684,Oman,Coral Garden,26.38276,56.41552,Drift; Reef; Fjord; Ocean,https://www.padi.com/dive-site/oman/coral-garden-8/,26.382758443193783,56.41552448272706,0.0,PADI_coordinate_water
2045,Palau,Blue Corner,7.13871,134.21448,Drift,https://www.padi.com/dive-site/palau/blue-corner-2/,7.138707642720883,134.2144775390625,0.0,PADI_coordinate_water
8736,Palau,Ulong Channel,7.26913,134.40406,Reef; Sandy bottom; Channel,https://www.padi.com/dive-site/palau/ulong-channel/,7.26913059368,134.404061888,0.0,PADI_coordinate_water
24903,Palau,Chandelier Cave,7.15280,134.24720,Ocean,https://www.padi.com/dive-site/palau/chandelier-cave/,7.1528,134.2472,0.0,PADI_coordinate_water
24958,Palau,Blue Holes,7.13890,134.22600,Ocean,https://www.padi.com/dive-site/palau/blue-holes/,7.1389,134.226,0.0,PADI_coordinate_water
2645,Panama,Ranvheria Sites,7.64158,-81.71082,Reef,https://www.padi.com/dive-site/panama/ranvheria-sites/,7.641581457340622,-81.7108154296875,0.0,PADI_coordinate_water
2646,Panama,Canales Dive sites,7.69568,-81.63237,Reef,https://www.padi.com/dive-site/panama/canales-dive-sites/,7.69568155739965,-81.63236618041992,0.0,PADI_coordinate_water
2647,Panama,Contreras dive sites,7.80352,-81.77330,Reef,https://www.padi.com/dive-site/panama/contreras-dive-sites/,7.8035208613796225,-81.77330017089844,0.0,PADI_coordinate_water
2648,Panama,Jicaron and Jicarita,7.21126,-81.82755,Reef,https://www.padi.com/dive-site/panama/jicaron-and-jicarita/,7.211262744763926,-81.82754516601562,0.0,PADI_coordinate_water
2649,Panama,Cebaco Bajo Cagado,7.46120,-81.25900,Reef,https://www.padi.com/dive-site/panama/cebaco-bajo-cagado/,7.461198552113096,-81.25900268554688,0.0,PADI_coordinate_water
2650,Panama,Bajo Gringo,7.25690,-80.97473,Reef,https://www.padi.com/dive-site/panama/bajo-gringo/,7.256901789452975,-80.9747314453125,0.0,PADI_coordinate_water
10217,Panama,Casablanca,9.32756,-82.22034,Drift; Ocean,https://www.padi.com/dive-site/panama/casablanca/,9.327555162818618,-82.22033858299255,0.0,PADI_coordinate_water
10492,Panama,Airport Point,9.33915,-82.26043,Reef; Sandy bottom,https://www.padi.com/dive-site/panama/airport-point/,9.33914771116095,-82.26043224334718,0.0,PADI_coordinate_water
10493,Panama,Sashen,9.34978,-82.21876,Reef; Sandy bottom,https://www.padi.com/dive-site/panama/sashen/,9.349776521548115,-82.21876144409181,0.0,PADI_coordinate_water
13458,Panama,Casa Verde,9.32424,-82.21962,Reef,https://www.padi.com/dive-site/panama/grandmas-garden/,9.324241422927102,-82.21961975097656,0.0,PADI_coordinate_water
13578,Panama,Hospital Point,9.33516,-82.21979,Beach; Reef; Wall,https://www.padi.com/dive-site/panama/hospital-point/,9.334277829134216,-82.21820354461671,200,minimum_nearest_shoreline_crossing
21058,Panama,Manuel's Wall,9.32873,-82.22233,Wall,https://www.padi.com/dive-site/panama/manuels-wall/,9.328730315411278,-82.22233414649965,0.0,PADI_coordinate_water
23826,Panama,Twin Peaks,7.61198,-81.82274,Pinnacle; Sandy bottom; Wall; Ocean,https://www.padi.com/dive-site/panama/twin-peaks-4/,7.611976611389171,-81.82273864746095,0.0,PADI_coordinate_water
24159,Panama,Wish Point,7.70750,-81.63297,Reef; Sandy bottom; Ocean,https://www.padi.com/dive-site/panama/wish-point/,7.707504404001887,-81.63296699523927,0.0,PADI_coordinate_water
1320,Papua New Guinea,Wahoo Point,-10.26643,150.77861,Reef,https://www.padi.com/dive-site/papua-new-guinea/wahoo-point/,-10.266434416016,150.77860951423645,0.0,PADI_coordinate_water
1321,Papua New Guinea,Sponge Heaven,-10.26442,150.77184,Wall,https://www.padi.com/dive-site/papua-new-guinea/sponge-heaven/,-10.264418010502787,150.77183961868286,0.0,PADI_coordinate_water
1323,Papua New Guinea,Deacon's Reef,-10.25646,150.69942,Reef; Wall,https://www.padi.com/dive-site/papua-new-guinea/deacons-reef/,-10.25645783394488,150.69941997528076,0.0,PADI_coordinate_water
1326,Papua New Guinea,Coral Garden,-10.25556,150.70188,Reef,https://www.padi.com/dive-site/papua-new-guinea/coral-garden-3/,-10.255560454006917,150.7018768787384,0.0,PADI_coordinate_water
1327,Papua New Guinea,Lauadi or Dinah's Beach,-10.25495,150.69619,Beach,https://www.padi.com/dive-site/papua-new-guinea/lauadi-or-dinahs-beach/,-10.2590127134871,150.69873332977295,531,minimum_nearest_shoreline_crossing
1328,Papua New Guinea,Barracuda Point,-10.25523,150.70461,Reef,https://www.padi.com/dive-site/papua-new-guinea/barracuda-point-3/,-10.255233173631993,150.7046127319336,0.0,PADI_coordinate_water
22499,Papua New Guinea,Suzie's Bommie,-9.56908,147.25148,Pinnacle,https://www.padi.com/dive-site/papua-new-guinea/suzies-bommie/,-9.569077777777778,147.25148333333334,0.0,PADI_coordinate_water
1430,Peru,Pucusana,-12.48095,-76.79798,Wall,https://www.padi.com/dive-site/peru/pucusana/,-12.479361421672005,-76.79711580276489,200,minimum_nearest_shoreline_crossing
1714,Peru,El Chuncho - Pucusana,-12.47394,-76.79955,Reef,https://www.padi.com/dive-site/peru/el-chuncho-pucusana/,-12.472353313946488,-76.79869294166564,200,minimum_nearest_shoreline_crossing
2114,Peru,Plataforma MX-1,-4.15939,-81.15927,Reef,https://www.padi.com/dive-site/peru/plataforma-mx-1/,-4.159387708968579,-81.15926742553711,0.0,PADI_coordinate_water
6989,Peru,El Venado,-12.49013,-76.79920,Pinnacle; Sandy bottom; Wall; Ocean,https://www.padi.com/dive-site/peru/el-venado/,-12.488537670498104,-76.7983388900757,200,minimum_nearest_shoreline_crossing
9014,Peru,Arrecifes de Vichayito,-4.13088,-81.10704,Reef,https://www.padi.com/dive-site/peru/arrecifes-de-vichayito/,-4.13088085517644,-81.10703945159914,0.0,PADI_coordinate_water
23568,Peru,Punta Veleros,-4.18100,-81.15283,Reef,https://www.padi.com/dive-site/peru/punta-veleros/,-4.18100257910616,-81.15283012390137,0.0,PADI_coordinate_water
1233,Philippines,Magic Island House Reef,9.93252,123.37736,Reef; Wall,https://www.padi.com/dive-site/philippines/magic-island-house-reef/,9.93251974857945,123.37735533714296,0.0,PADI_coordinate_water
1234,Philippines,Pescador South,9.92176,123.34353,Drift; Reef; Wall,https://www.padi.com/dive-site/philippines/pescador-south/,9.921761319465077,123.34352731704712,0.0,PADI_coordinate_water
1235,Philippines,Sardine Ball,9.94923,123.36490,Reef; Wall,https://www.padi.com/dive-site/philippines/sardine-ball/,9.949227373716983,123.36489915847775,0.0,PADI_coordinate_water
1322,Philippines,White Beach,9.98371,123.36845,Beach; Drift; Reef; Wall,https://www.padi.com/dive-site/philippines/white-beach/,9.98529221573813,123.36758136749268,200,minimum_nearest_shoreline_crossing
1325,Philippines,Tongo Point Marine Sanctuary,9.93960,123.36994,Drift; Reef; Wall,https://www.padi.com/dive-site/philippines/tongo-point-marine-sanctuary/,9.939600250579783,123.3699417114258,0.0,PADI_coordinate_water
1337,Philippines,Ronda Bay Marine Sanctuary,9.99715,123.37949,Drift; Reef; Wall,https://www.padi.com/dive-site/philippines/ronda-bay-marine-sanctuary/,9.998732295618908,123.37861061096191,200,minimum_nearest_shoreline_crossing
1360,Philippines,Tuble Marine Sanctuary,9.96964,123.37077,Drift; Reef; Wall,https://www.padi.com/dive-site/philippines/tuble-marine-sanctuary/,9.97121757485182,123.36989879608151,200,minimum_nearest_shoreline_crossing
1361,Philippines,Sunken Island,9.85873,123.34423,Reef,https://www.padi.com/dive-site/philippines/sunken-island/,9.858733,123.344233,0.0,PADI_coordinate_water
1378,Philippines,Pamilacan Island,9.48926,123.92538,Beach; Reef; Wall,https://www.padi.com/dive-site/philippines/pamilacan-island/,9.490782765557537,123.9244079589844,200,minimum_nearest_shoreline_crossing
1379,Philippines,Cabilao Island,9.87855,123.77163,Drift; Reef; Wall,https://www.padi.com/dive-site/philippines/cabilao-island/,9.878554956791117,123.77162933349608,0.0,PADI_coordinate_water
1380,Philippines,Doljo Point,9.59178,123.71567,Reef; Wall,https://www.padi.com/dive-site/philippines/doljo-point/,9.591779189174176,123.71566772460936,0.0,PADI_coordinate_water
1381,Philippines,Alona Beach House Reef,9.54414,123.77206,Beach; Reef; Wall,https://www.padi.com/dive-site/philippines/alona-beach-house-reef/,9.545694607318126,123.7711250782013,200,minimum_nearest_shoreline_crossing
1382,Philippines,Tawala MPA,9.54887,123.79789,Reef; Wall,https://www.padi.com/dive-site/philippines/tawala-mpa/,9.548868676812576,123.79789352416992,0.0,PADI_coordinate_water
1384,Philippines,Hoyo Hoy,9.55352,123.80442,Reef; Wall,https://www.padi.com/dive-site/philippines/hoyo-hoy/,9.553523925230117,123.80441665649414,0.0,PADI_coordinate_water
1386,Philippines,Sunrise,9.55945,123.81042,Reef; Wall,https://www.padi.com/dive-site/philippines/sunrise/,9.559448694781938,123.81042480468749,0.0,PADI_coordinate_water
1387,Philippines,BBC,9.56487,123.81437,Reef; Wall,https://www.padi.com/dive-site/philippines/bbc/,9.564865536655516,123.8143730163574,0.0,PADI_coordinate_water
1389,Philippines,Arco Point,9.57096,123.81849,Reef; Wall,https://www.padi.com/dive-site/philippines/arco-point/,9.57095938061286,123.81849288940433,0.0,PADI_coordinate_water
1390,Philippines,Libaong,9.57502,123.82845,Reef; Wall,https://www.padi.com/dive-site/philippines/libaong/,9.575021882542638,123.82844924926758,0.0,PADI_coordinate_water
1391,Philippines,Kalipayan,9.54269,123.76013,Reef; Wall,https://www.padi.com/dive-site/philippines/kalipayan/,9.542689794283904,123.76012802124023,0.0,PADI_coordinate_water
1394,Philippines,Bita-Ug,9.53897,123.74107,Reef; Wall,https://www.padi.com/dive-site/philippines/bita-ug/,9.538965482209388,123.74107360839844,0.0,PADI_coordinate_water
1395,Philippines,Gak-Ang,9.54083,123.72854,Reef; Wall,https://www.padi.com/dive-site/philippines/gak-ang/,9.54082764333272,123.72854232788086,0.0,PADI_coordinate_water
1397,Philippines,Puntod,9.56503,123.71309,Reef; Wall,https://www.padi.com/dive-site/philippines/puntod/,9.56503481157384,123.71309280395506,0.0,PADI_coordinate_water
1398,Philippines,Doljo Housereef,9.59330,123.72562,Reef; Wall,https://www.padi.com/dive-site/philippines/doljo-housereef/,9.593302539640275,123.72562408447264,0.0,PADI_coordinate_water
1399,Philippines,Momo Beach,9.59768,123.74561,Reef; Wall,https://www.padi.com/dive-site/philippines/momo-beach/,9.599226615257637,123.74467849731444,200,minimum_nearest_shoreline_crossing
1400,Philippines,Napaling,9.61632,123.76854,Reef; Wall,https://www.padi.com/dive-site/philippines/napaling/,9.616321223903029,123.76853942871097,0.0,PADI_coordinate_water
1515,Philippines,Sand Pit Reef,12.02526,119.94006,Reef,https://www.padi.com/dive-site/philippines/sand-pit-reef/,12.025259768126777,119.94006156921384,0.0,PADI_coordinate_water
2208,Philippines,Shark Point,9.43433,123.39071,Cave; Drift; Reef; Wall,https://www.padi.com/dive-site/philippines/shark-point-2/,9.43432960468907,123.39071273803712,0.0,PADI_coordinate_water
2209,Philippines,Sumilon The Wall,9.43340,123.38616,Drift; Reef; Wall,https://www.padi.com/dive-site/philippines/sumilon-the-wall/,9.433398236144455,123.38616371154784,0.0,PADI_coordinate_water
2210,Philippines,Sumilon Manit,9.42722,123.38977,Drift; Reef,https://www.padi.com/dive-site/philippines/sumilon-manit/,9.427217272075628,123.38976860046388,0.0,PADI_coordinate_water
2212,Philippines,Caccerees Sunken Island The Wall,9.51679,123.49491,Cave; Drift; Reef; Wall,https://www.padi.com/dive-site/philippines/caccerees-sunken-island-the-wall/,9.5167880548741,123.49491119384768,0.0,PADI_coordinate_water
2296,Philippines,7 Seas Reef,10.25898,123.98646,Beach; Drift; Reef; Wall,https://www.padi.com/dive-site/philippines/7-seas-reef/,10.260364046395605,123.98529410362244,200,minimum_nearest_shoreline_crossing
2297,Philippines,Nalusuan Island Marine Sanctuary,10.18992,123.99985,Drift; Reef; Wall,https://www.padi.com/dive-site/philippines/nalusuan-island-marine-sanctuary/,10.189918148517624,123.99985313415526,0.0,PADI_coordinate_water
2298,Philippines,Hilutungan Island Marine Sanctuary,10.20778,123.98530,Drift; Reef; Wall,https://www.padi.com/dive-site/philippines/hilutungan-island-marine-sanctuary/,10.207784503356535,123.98530483245848,0.0,PADI_coordinate_water
2299,Philippines,Talima Marine Sancturay,10.28595,124.05461,Drift; Reef; Wall,https://www.padi.com/dive-site/philippines/talima-marine-sancturay/,10.285953823395964,124.05461311340332,0.0,PADI_coordinate_water
2301,Philippines,Agus Bay,10.27580,123.99718,Drift; Reef; Wall,https://www.padi.com/dive-site/philippines/agus-bay/,10.277181323815473,123.99601221084596,200,minimum_nearest_shoreline_crossing
2653,Philippines,Bangag,9.99793,123.37415,Drift; Wall,https://www.padi.com/dive-site/philippines/bangag/,9.997929287583409,123.37414741516112,0.0,PADI_coordinate_water
4042,Philippines,Manila Channel,13.52200,120.90000,Drift; Wall; Channel,https://www.padi.com/dive-site/philippines/manila-channel/,13.522,120.9,0.0,PADI_coordinate_water
4238,Philippines,Dungon Wall,13.52200,120.90000,Wall,https://www.padi.com/dive-site/philippines/dungon-wall/,13.522,120.9,0.0,PADI_coordinate_water
4400,Philippines,The Seagrass,13.52358,120.97415,Muck; Sandy bottom,https://www.padi.com/dive-site/philippines/the-seagrass/,13.522428,120.975566,200,minimum_nearest_shoreline_crossing
4407,Philippines,Washing Machine,13.55706,121.04221,Drift; Pinnacle; Reef,https://www.padi.com/dive-site/philippines/washing-machine/,13.557057,121.042213,0.0,PADI_coordinate_water
4825,Philippines,Portulano House Reef,13.81525,120.90749,Beach; Reef; Sandy bottom; Ocean,https://www.padi.com/dive-site/philippines/portulano-house-reef/,13.81391,120.908725,200,minimum_nearest_shoreline_crossing
6311,Philippines,Dimanglet,11.96050,120.15830,Reef,https://www.padi.com/dive-site/philippines/dimanglet/,11.960497210058868,120.15829682350156,0.0,PADI_coordinate_water
6496,Philippines,Cathedral Cavern,11.80964,120.26386,Cavern,https://www.padi.com/dive-site/philippines/cathedral-cavern/,11.809640459587918,120.26385784149171,0.0,PADI_coordinate_water
6498,Philippines,Alcatraz,11.98123,120.23807,Reef,https://www.padi.com/dive-site/philippines/alcatraz/,11.981225326058674,120.2380657196045,0.0,PADI_coordinate_water
6501,Philippines,Siete Picados,11.98467,120.23098,Reef,https://www.padi.com/dive-site/philippines/siete-picados/,11.984668310662297,120.2309846878052,0.0,PADI_coordinate_water
6642,Philippines,Eva's Point,9.69176,122.39751,Reef,https://www.padi.com/dive-site/philippines/evas-point/,9.691755651952631,122.39751219749452,0.0,PADI_coordinate_water
6651,Philippines,Cathedral Tower,9.83391,122.36551,Reef; Wall; Cavern,https://www.padi.com/dive-site/philippines/cathedral-tower/,9.833905239826654,122.36550807952882,0.0,PADI_coordinate_water
6654,Philippines,Turtle Island South Pt.,9.82789,122.36778,Reef,https://www.padi.com/dive-site/philippines/turtle-island-south-pt/,9.827890173841958,122.36778259277344,0.0,PADI_coordinate_water
6655,Philippines,Eva's Pt. Extension,9.69208,122.39827,Reef,https://www.padi.com/dive-site/philippines/evas-pt-extension/,9.692083498831098,122.39827394485476,0.0,PADI_coordinate_water
6656,Philippines,Manta Drop,9.70254,122.38375,Reef,https://www.padi.com/dive-site/philippines/manta-drop/,9.70254270360706,122.38374710083008,0.0,PADI_coordinate_water
6657,Philippines,Habuk Habuk,9.69332,122.39269,Reef,https://www.padi.com/dive-site/philippines/habuk-habuk/,9.693320853518076,122.39269495010376,0.0,PADI_coordinate_water
6658,Philippines,Villamor,9.62373,122.44181,Reef,https://www.padi.com/dive-site/philippines/villamor/,9.623725798624948,122.44181156158449,0.0,PADI_coordinate_water
6659,Philippines,Kevin's Reef,9.70163,122.38632,Reef,https://www.padi.com/dive-site/philippines/kevins-reef-2/,9.701633220493584,122.3863220214844,0.0,PADI_coordinate_water
6663,Philippines,Toscana Reef,9.69810,122.38833,Reef,https://www.padi.com/dive-site/philippines/toscana-reef/,9.698101018485566,122.38832831382751,0.0,PADI_coordinate_water
6664,Philippines,Disneyland,9.70098,122.38748,Reef,https://www.padi.com/dive-site/philippines/disneyland/,9.700977545090003,122.38748073577882,0.0,PADI_coordinate_water
6712,Philippines,Ma Asin,9.68080,122.39641,Reef,https://www.padi.com/dive-site/philippines/ma-asin/,9.680799036588873,122.3964071273804,0.0,PADI_coordinate_water
6713,Philippines,Spiral Drop,9.67989,122.40092,Reef,https://www.padi.com/dive-site/philippines/spiral-drop/,9.681645120013105,122.40056991577148,200,minimum_nearest_shoreline_crossing
7851,Philippines,Talisay,9.94159,123.36842,Beach; Reef; Wall,https://www.padi.com/dive-site/philippines/cebu-fun-divers-house-reef/,9.943172147139611,123.36755990982054,200,minimum_nearest_shoreline_crossing
8406,Philippines,Buceo Anilao House Reef,13.68384,120.89209,Muck; Sandy bottom,https://www.padi.com/dive-site/philippines/buceo-anilao-house-reef/,13.683844264840827,120.89208841236542,0.0,PADI_coordinate_water
8874,Philippines,Lungsodaan MPA,10.04784,125.02695,Drift; Reef; Wall; Ocean,https://www.padi.com/dive-site/philippines/lungsodaan-mpa-2/,10.04783879934798,125.02695464878346,0.0,PADI_coordinate_water
9072,Philippines,Kalangahan Reef,8.36851,124.26082,Reef,https://www.padi.com/dive-site/philippines/kalangahan-reef/,8.368511321204705,124.26082134246828,0.0,PADI_coordinate_water
9121,Philippines,"Chocolate Island, Malapascua",11.30552,124.06416,Drift; Reef,https://www.padi.com/dive-site/philippines/chocolate-island-malapascua/,11.305519,124.064162,0.0,PADI_coordinate_water
9123,Philippines,"Lapus Lapus, Malapascua",11.34527,124.10716,Drift; Reef; Channel,https://www.padi.com/dive-site/philippines/lapus-lapus-malapascua/,11.345274,124.107163,0.0,PADI_coordinate_water
9252,Philippines,Gato Island,11.44608,124.02097,Muck; Reef; Wall; Cavern; Ocean,https://www.padi.com/dive-site/philippines/gato-island-2/,11.446083,124.020967,0.0,PADI_coordinate_water
9253,Philippines,Kalanggaman Island,11.11743,124.25400,Drift; Wall; Ocean,https://www.padi.com/dive-site/philippines/kalanggaman-island-2/,11.117433,124.253998,0.0,PADI_coordinate_water
9303,Philippines,Virgin Drop,11.95872,121.92194,Reef; Ocean,https://www.padi.com/dive-site/philippines/virgin-drop/,11.958721619146354,121.9219350490972,0.0,PADI_coordinate_water
9304,Philippines,Fridays Rock,11.96200,121.91988,Reef; Ocean,https://www.padi.com/dive-site/philippines/fridays-rock/,11.961995607916624,121.91987510495385,0.0,PADI_coordinate_water
9306,Philippines,Punta Bunga,11.98232,121.90245,Reef; Wall; Ocean,https://www.padi.com/dive-site/philippines/punta-bunga/,11.98231713968301,121.90245151186404,0.0,PADI_coordinate_water
9307,Philippines,Yapak,11.99722,121.91039,Reef; Wall; Ocean,https://www.padi.com/dive-site/philippines/yapak/,11.99721866944312,121.9103908788054,0.0,PADI_coordinate_water
9308,Philippines,Laguna,11.96540,121.93841,Reef; Wall; Ocean,https://www.padi.com/dive-site/philippines/laguna/,11.965398684686836,121.93841458335314,0.0,PADI_coordinate_water
9311,Philippines,Maniguin Island,11.60566,121.69753,Reef; Ocean,https://www.padi.com/dive-site/philippines/maniguin-island/,11.60566244151259,121.69753074312624,0.0,PADI_coordinate_water
9312,Philippines,Hinugan,11.87276,121.88000,Reef; Wall; Ocean,https://www.padi.com/dive-site/philippines/hinugan/,11.87275931966206,121.88000482901118,0.0,PADI_coordinate_water
9432,Philippines,Grand Canyons,9.70003,122.38748,Reef,https://www.padi.com/dive-site/philippines/grancanyons/,9.700025755931405,122.38748073577882,0.0,PADI_coordinate_water
9440,Philippines,Shangri-La Marine Sanctuary,10.30643,124.02208,Sandy bottom,https://www.padi.com/dive-site/philippines/shangri-la-marine-sanctuary/,10.306432596570568,124.02208328247072,0.0,PADI_coordinate_water
9597,Philippines,Chocolate Island,11.30645,124.06388,Reef,https://www.padi.com/dive-site/philippines/chocolate-island/,11.306445236463654,124.0638828277588,0.0,PADI_coordinate_water
9603,Philippines,Paradise Beach,11.19728,119.37646,Beach; Sandy bottom,https://www.padi.com/dive-site/philippines/paradise-beach-2/,11.19833,119.37795,200,minimum_nearest_shoreline_crossing
9675,Philippines,Panagsama Beach,9.94740,123.36582,Drift; Reef; Wall,https://www.padi.com/dive-site/philippines/savedra-house-reef/,9.94898432140904,123.36496353149414,200,minimum_nearest_shoreline_crossing
9849,Philippines,Bugtong Bato,11.34827,124.10551,Reef; Ocean,https://www.padi.com/dive-site/philippines/bugtong-bato/,11.348272030956434,124.10551060536744,0.0,PADI_coordinate_water
9850,Philippines,Quiliano,11.34737,124.11419,Reef; Ocean,https://www.padi.com/dive-site/philippines/quiliano/,11.347367540892805,124.11419039192786,0.0,PADI_coordinate_water
9851,Philippines,Deep Rock,11.35121,124.10289,Reef; Ocean,https://www.padi.com/dive-site/philippines/deep-rock/,11.351212041744388,124.10289429303796,0.0,PADI_coordinate_water
9853,Philippines,Kimud Shoal,11.15464,124.28879,Pinnacle; Channel; Ocean,https://www.padi.com/dive-site/philippines/kimud-shoal/,11.154639861413647,124.2887923523042,0.0,PADI_coordinate_water
9854,Philippines,Nunez Shoal,11.09464,124.21731,Wall; Ocean,https://www.padi.com/dive-site/philippines/nunez-shoal/,11.094637218218528,124.2173078619174,0.0,PADI_coordinate_water
9855,Philippines,Sambowan,11.76731,124.26229,Reef; Ocean,https://www.padi.com/dive-site/philippines/sambowan/,11.767308846921926,124.26228998851568,0.0,PADI_coordinate_water
9856,Philippines,Dakit Dakit,11.32614,124.11002,Reef; Ocean,https://www.padi.com/dive-site/philippines/dakit-dakit/,11.326139383285817,124.11001739988563,0.0,PADI_coordinate_water
9857,Philippines,Ka Osting,11.34572,124.11939,Reef; Ocean,https://www.padi.com/dive-site/philippines/ka-osting/,11.345716384984122,124.1193940862252,0.0,PADI_coordinate_water
9927,Philippines,West Entalula Wall,11.13175,119.33015,Wall; Ocean,https://www.padi.com/dive-site/philippines/west-entalula-wall/,11.131750032620577,119.33014869689944,0.0,PADI_coordinate_water
9937,Philippines,Popolcan West (Under Water Forrest),11.11796,119.34051,Pinnacle; Channel; Ocean,https://www.padi.com/dive-site/philippines/popolcan-west-under-water-forrest/,11.117959359907896,119.34051275253296,0.0,PADI_coordinate_water
10221,Philippines,Lungsodaan MPA,10.04792,125.02708,Reef; Wall,https://www.padi.com/dive-site/philippines/lungsodaan-mpa/,10.047924367233025,125.02708339678064,0.0,PADI_coordinate_water
10609,Philippines,Kasai Wall,9.96114,123.36846,Drift; Wall,https://www.padi.com/dive-site/philippines/kasai-wall/,9.96272177664877,123.36760282516478,200,minimum_nearest_shoreline_crossing
10957,Philippines,Cars,9.18203,123.26367,Beach; Reef; Sandy bottom; Ocean,https://www.padi.com/dive-site/philippines/cars/,9.183701562560255,123.26299667358398,200,minimum_nearest_shoreline_crossing
10959,Philippines,Atmosphere House Reef,9.15799,123.24571,Beach; Muck; Reef; Sandy bottom; Ocean,https://www.padi.com/dive-site/philippines/atmosphere-house-reef/,9.159662537032284,123.24504947609968,200,minimum_nearest_shoreline_crossing
10961,Philippines,Dauin South,9.17746,123.25989,Beach; Reef; Ocean,https://www.padi.com/dive-site/philippines/dauin-south/,9.179126086817138,123.259220123291,200,minimum_nearest_shoreline_crossing
10962,Philippines,Luca Marine Santuary,9.19010,123.27233,Beach; Reef; Sandy bottom; Ocean,https://www.padi.com/dive-site/philippines/luca-marine-santuary/,9.191770154694549,123.2716467845603,200,minimum_nearest_shoreline_crossing
10966,Philippines,Sahara,9.19147,123.27348,Beach; Reef; Sandy bottom; Ocean,https://www.padi.com/dive-site/philippines/sahara/,9.193138294687518,123.27280282974242,200,minimum_nearest_shoreline_crossing
10968,Philippines,Wellbeach House reef,9.13805,123.23079,Beach; Reef; Sandy bottom; Ocean,https://www.padi.com/dive-site/philippines/wellbeach-house-reef/,9.139734309123067,123.23014497756957,200,minimum_nearest_shoreline_crossing
11050,Philippines,Mines of Moai,9.95346,123.36582,Cave; Reef; Wall; Cavern,https://www.padi.com/dive-site/philippines/mine-of-the-moai/,9.95346490880022,123.3658218383789,0.0,PADI_coordinate_water
11051,Philippines,Neptune´s House Reef,9.94674,123.36601,Beach; Reef; Wall; Ocean,https://www.padi.com/dive-site/philippines/neptune-s-house-reef/,9.948319,123.365146,200,minimum_nearest_shoreline_crossing
11052,Philippines,Bantigi,11.34785,124.11788,Reef; Sandy bottom; Ocean,https://www.padi.com/dive-site/philippines/bantigi/,11.347846112551332,124.11787576546418,0.0,PADI_coordinate_water
11058,Philippines,Medina,8.91972,125.02766,Reef; Ocean,https://www.padi.com/dive-site/philippines/medina/,8.919716859470594,125.02765633901674,0.0,PADI_coordinate_water
11059,Philippines,Sipaka Point Talisayan,9.01733,124.87558,Reef; Ocean,https://www.padi.com/dive-site/philippines/sipaka-point/,9.017326,124.875584,0.0,PADI_coordinate_water
11060,Philippines,Balingoan,9.01009,124.84638,Reef; Ocean,https://www.padi.com/dive-site/philippines/balingoan/,9.010094650125913,124.84638194184112,0.0,PADI_coordinate_water
11062,Philippines,Mantigue Island,9.17217,124.82219,Reef; Ocean,https://www.padi.com/dive-site/philippines/mantigue-island/,9.172172693402652,124.82218625749088,0.0,PADI_coordinate_water
11064,Philippines,Kantoon,9.10002,124.79868,Reef; Ocean,https://www.padi.com/dive-site/philippines/kantoon/,9.100020359903754,124.79867935180664,0.0,PADI_coordinate_water
11067,Philippines,Ligid Caves,7.19705,125.72419,Ocean,https://www.padi.com/dive-site/philippines/ligid-caves/,7.19704799247532,125.72418827655112,0.0,PADI_coordinate_water
11068,Philippines,Small Ligid,7.20573,125.72247,Ocean,https://www.padi.com/dive-site/philippines/small-ligid/,7.205733662221784,125.72247166609452,0.0,PADI_coordinate_water
11069,Philippines,Big Rock,7.18240,125.75131,Ocean,https://www.padi.com/dive-site/philippines/big-rock/,7.182401192496038,125.75131077190684,0.0,PADI_coordinate_water
11070,Philippines,Pinnacle Point,7.17406,125.75303,Ocean,https://www.padi.com/dive-site/philippines/pinnacle-point/,7.174055711666555,125.75302739192,0.0,PADI_coordinate_water
11071,Philippines,Aundanao,7.09536,125.79560,Ocean,https://www.padi.com/dive-site/philippines/aundanao/,7.095362251366053,125.79559941441843,0.0,PADI_coordinate_water
11072,Philippines,Tagbaobo,7.00626,125.78942,Ocean,https://www.padi.com/dive-site/philippines/tagbaobo/,7.006262298204265,125.78941959449524,0.0,PADI_coordinate_water
11073,Philippines,Pindawon Wall,6.96418,125.79560,Wall; Ocean,https://www.padi.com/dive-site/philippines/pindawon-wall/,6.9641766541411805,125.79559941441843,0.0,PADI_coordinate_water
11074,Philippines,Mushroom Rock,6.92856,125.79320,Ocean,https://www.padi.com/dive-site/philippines/mushroom-rock/,6.928562774041914,125.79319614448146,0.0,PADI_coordinate_water
11075,Philippines,Isla Reta,6.93691,125.73208,Reef; Ocean,https://www.padi.com/dive-site/philippines/isla-reta/,6.936912680619164,125.73208470343288,0.0,PADI_coordinate_water
11076,Philippines,Kidopong,6.96486,125.71629,Reef; Ocean,https://www.padi.com/dive-site/philippines/kidopong/,6.964858232156025,125.716291856377,0.0,PADI_coordinate_water
11077,Philippines,De La Paz,7.01308,125.71698,Reef; Ocean,https://www.padi.com/dive-site/philippines/de-la-paz/,7.013077429284453,125.71697849930467,0.0,PADI_coordinate_water
11079,Philippines,San Jose,7.03391,125.71696,Ocean,https://www.padi.com/dive-site/philippines/san-jose/,7.035396288337837,125.71594853361492,200,minimum_nearest_shoreline_crossing
11080,Philippines,Marirssa,7.02773,125.71492,Ocean,https://www.padi.com/dive-site/philippines/marirssa/,7.027729625500018,125.71491856294855,0.0,PADI_coordinate_water
11081,Philippines,Punta del Sol,7.05987,125.68001,Reef; Ocean,https://www.padi.com/dive-site/philippines/punta-del-sol/,7.059868319036776,125.68000623609814,0.0,PADI_coordinate_water
11082,Philippines,Dapia,6.96413,125.69859,Reef; Ocean,https://www.padi.com/dive-site/philippines/dapia/,6.964128528334965,125.69858904250457,0.0,PADI_coordinate_water
11083,Philippines,Mansud Wall,6.96513,125.68280,Reef; Ocean,https://www.padi.com/dive-site/philippines/mansud-wall/,6.965125214150001,125.6827982004572,0.0,PADI_coordinate_water
11084,Philippines,Angels Cove,6.95834,125.67804,Reef; Ocean,https://www.padi.com/dive-site/philippines/angels-cove/,6.95984295373465,125.67704754419228,200,minimum_nearest_shoreline_crossing
11085,Philippines,Talisay Wall,6.94907,125.66743,Reef; Ocean,https://www.padi.com/dive-site/philippines/talisay-wall/,6.949065254192772,125.6674345079178,0.0,PADI_coordinate_water
11086,Philippines,Coral Garden,6.91362,125.68203,Ocean,https://www.padi.com/dive-site/philippines/coral-garden-12/,6.913620643824205,125.68202572389916,0.0,PADI_coordinate_water
11087,Philippines,Linosoton,6.90254,125.69018,Reef; Ocean,https://www.padi.com/dive-site/philippines/linosoton/,6.902543657257345,125.6901796386422,0.0,PADI_coordinate_water
11292,Philippines,Danao Wall,9.53998,123.75189,Reef; Wall,https://www.padi.com/dive-site/philippines/danao/,9.539981207719386,123.75188827514648,0.0,PADI_coordinate_water
11293,Philippines,Balicasag Island,9.51594,123.68425,Drift; Reef; Wall; Ocean,https://www.padi.com/dive-site/philippines/balicasag-island/,9.515941559647818,123.68425369262694,0.0,PADI_coordinate_water
11357,Philippines,Nat Nat,11.19385,119.37916,Reef,https://www.padi.com/dive-site/philippines/nat-nat-2/,11.193852590253195,119.37915802001952,0.0,PADI_coordinate_water
11360,Philippines,Dilumacad Island,11.20061,119.33401,Beach; Reef; Sandy bottom,https://www.padi.com/dive-site/philippines/dilumacad-island/,11.201640786099876,119.3355131149292,200,minimum_nearest_shoreline_crossing
11439,Philippines,South Miniloc,11.14239,119.31828,Reef; Channel,https://www.padi.com/dive-site/philippines/south-miniloc-2/,11.142388,119.318279,0.0,PADI_coordinate_water
11440,Philippines,Tambalanang,11.21755,119.32594,Reef,https://www.padi.com/dive-site/philippines/tambalanang/,11.217553312700288,119.32594299316408,0.0,PADI_coordinate_water
11462,Philippines,Crocodile Island,11.94941,121.94907,Reef; Wall; Ocean,https://www.padi.com/dive-site/philippines/crocodile-island/,11.949413259939355,121.9490683075988,0.0,PADI_coordinate_water
11463,Philippines,Angol Point,11.94658,121.93065,Beach; Reef; Sandy bottom; Ocean,https://www.padi.com/dive-site/philippines/angol-2/,11.9483531003553,121.9303464891114,200,minimum_nearest_shoreline_crossing
11464,Philippines,Balinghai,11.96506,121.91902,Reef; Wall; Ocean,https://www.padi.com/dive-site/philippines/balingai/,11.965059689706385,121.91901679489408,0.0,PADI_coordinate_water
11465,Philippines,Chanel Drift,11.94277,121.94786,Drift; Reef; Channel,https://www.padi.com/dive-site/philippines/chanel-drfit/,11.942770850872073,121.94785601290134,0.0,PADI_coordinate_water
11708,Philippines,時代廣場,13.51601,120.98649,Drift; Sandy bottom; Wall; Fjord; Ocean,https://www.padi.com/dive-site/philippines/-95/,13.5160121348871,120.986487865448,0.0,PADI_coordinate_water
12020,Philippines,Wild Scuba Housereef,9.13795,123.22975,Beach; Drift; Reef; Sandy bottom; Channel,https://www.padi.com/dive-site/philippines/wild-scuba-housereef/,9.139628382891807,123.2290989160538,200,minimum_nearest_shoreline_crossing
12027,Philippines,Pogaling,9.75051,124.49827,Reef; Ocean,https://www.padi.com/dive-site/philippines/pogaling/,9.750509146197093,124.49827194213869,0.0,PADI_coordinate_water
12238,Philippines,Pescador Island,9.92321,123.34385,Reef; Wall; Ocean,https://www.padi.com/dive-site/philippines/pescador-island/,9.923214024031664,123.3438489228138,0.0,PADI_coordinate_water
12316,Philippines,Canyons,14.77202,120.22279,Reef,https://www.padi.com/dive-site/philippines/canyons-3/,14.772019238784765,120.22278785705568,0.0,PADI_coordinate_water
12338,Philippines,Birhen Point,9.72657,124.55136,Drift; Reef; Wall; Ocean,https://www.padi.com/dive-site/philippines/birhen-point/,9.726569083745558,124.55135822296144,0.0,PADI_coordinate_water
12343,Philippines,Dapdap,9.72534,124.54166,Drift; Reef; Wall; Ocean,https://www.padi.com/dive-site/philippines/dapdap/,9.725342426557924,124.5416593551636,0.0,PADI_coordinate_water
12353,Philippines,Blue Cathedral,9.83881,126.16734,Cavern,https://www.padi.com/dive-site/philippines/blue-cathedral/,9.838810238976295,126.16733551025392,0.0,PADI_coordinate_water
12360,Philippines,Basdio Sanctuary,9.74844,124.49909,Drift; Reef; Wall; Ocean,https://www.padi.com/dive-site/philippines/basdio-sanctuary/,9.748436664521702,124.4990873336792,0.0,PADI_coordinate_water
12363,Philippines,Coco South,9.73258,124.50437,Drift; Reef; Wall,https://www.padi.com/dive-site/philippines/coco-south/,9.732575409116627,124.50436592102052,0.0,PADI_coordinate_water
12364,Philippines,Coral Garden,9.72416,124.50788,Drift; Reef; Wall; Ocean,https://www.padi.com/dive-site/philippines/coral-garden-13/,9.724158063623152,124.50788497924806,0.0,PADI_coordinate_water
12366,Philippines,J.Edens Place,9.74920,124.59213,Drift; Muck; Wall; Ocean,https://www.padi.com/dive-site/philippines/jedens-place/,9.749197985817563,124.5921277999878,0.0,PADI_coordinate_water
12436,Philippines,Magno Cave,9.73000,124.57131,Reef; Wall; Ocean,https://www.padi.com/dive-site/philippines/magno-cave/,9.729995240318702,124.57131385803224,0.0,PADI_coordinate_water
12437,Philippines,Neptune's House,9.74315,124.58316,Reef; Wall; Ocean,https://www.padi.com/dive-site/philippines/neptunes-house/,9.743149663143273,124.583158493042,0.0,PADI_coordinate_water
12441,Philippines,Pygmy House,9.72661,124.55453,Drift; Wall; Ocean,https://www.padi.com/dive-site/philippines/pygmy-house/,9.726611382188976,124.55453395843509,0.0,PADI_coordinate_water
12445,Philippines,Turtle Point,9.72115,124.51449,Drift; Reef; Wall; Ocean,https://www.padi.com/dive-site/philippines/turtle-point-3/,9.721154838803937,124.51449394226076,0.0,PADI_coordinate_water
12446,Philippines,Wonderwall,9.74095,124.50102,Reef; Wall; Ocean,https://www.padi.com/dive-site/philippines/wonderwall/,9.740950245894377,124.50101852416992,0.0,PADI_coordinate_water
12447,Philippines,Mandarin Garden,9.72217,124.52638,Drift; Reef; Wall; Ocean,https://www.padi.com/dive-site/philippines/mandarin-garden/,9.722170016408366,124.52638149261476,0.0,PADI_coordinate_water
12448,Philippines,Bacong West,9.72674,124.55771,Reef; Wall; Ocean,https://www.padi.com/dive-site/philippines/bacong-west/,9.726738277487144,124.5577096939087,0.0,PADI_coordinate_water
12477,Philippines,Magic point,9.72115,124.52179,Drift; Reef; Ocean,https://www.padi.com/dive-site/philippines/magic-point-2/,9.721154838803937,124.52178955078126,0.0,PADI_coordinate_water
12480,Philippines,Panorama Reef,9.74577,124.49977,Drift; Reef; Wall; Cavern; Ocean,https://www.padi.com/dive-site/philippines/panorama-reef-2/,9.745772026300417,124.49977397918704,0.0,PADI_coordinate_water
12482,Philippines,Seahorse Point,9.72627,124.54612,Drift; Reef; Wall; Ocean,https://www.padi.com/dive-site/philippines/seahorse-point/,9.726272994491714,124.54612255096436,0.0,PADI_coordinate_water
12483,Philippines,Coco North,9.73723,124.50183,Drift; Reef; Wall,https://www.padi.com/dive-site/philippines/coco-north/,9.737228122148386,124.50183391571046,0.0,PADI_coordinate_water
12484,Philippines,Suba Sanctuary,9.75812,124.59663,Muck; Reef; Sandy bottom,https://www.padi.com/dive-site/philippines/suba-sanctuary/,9.758122233590491,124.5966339111328,0.0,PADI_coordinate_water
12581,Philippines,Daku Arch,9.73317,126.15051,Pinnacle; Reef; Sandy bottom,https://www.padi.com/dive-site/philippines/daku-arch/,9.733167576193086,126.15051269531251,0.0,PADI_coordinate_water
12584,Philippines,Carabao Islad,12.04472,121.92087,Reef; Wall; Ocean,https://www.padi.com/dive-site/philippines/carabao-islad/,12.044715746422376,121.9208709658756,0.0,PADI_coordinate_water
12659,Philippines,Talayong Marine Sanctuary,9.09845,123.60197,Reef; Ocean,https://www.padi.com/dive-site/philippines/talayong-marine-sanctuary/,9.098452474030449,123.60197424888612,0.0,PADI_coordinate_water
12791,Philippines,Santa Monica,10.02179,126.02788,Reef; Ocean,https://www.padi.com/dive-site/philippines/santa-monica/,10.02178623209926,126.02788209915164,0.0,PADI_coordinate_water
12792,Philippines,Burgos,10.01847,126.07799,Reef; Ocean,https://www.padi.com/dive-site/philippines/burgos/,10.018468763755436,126.07798576354982,0.0,PADI_coordinate_water
12793,Philippines,Pilar,9.86202,126.10515,Reef; Ocean,https://www.padi.com/dive-site/philippines/pilar/,9.862023427492815,126.10515117645264,0.0,PADI_coordinate_water
12794,Philippines,Dapa,9.75415,126.05082,Reef; Ocean,https://www.padi.com/dive-site/philippines/dapa/,9.75414653186828,126.050820350647,0.0,PADI_coordinate_water
12795,Philippines,Casulian,9.69692,126.08245,Reef; Ocean,https://www.padi.com/dive-site/philippines/casulian/,9.696916559180304,126.0824489593506,0.0,PADI_coordinate_water
12893,Philippines,Bahura House Muck Dive,9.09689,123.60167,Beach; Muck; Sandy bottom; Ocean,https://www.padi.com/dive-site/philippines/bahura-house-muck-dive/,9.098505443259937,123.6008906364441,200,minimum_nearest_shoreline_crossing
12894,Philippines,Tulapos Marine Sanctuary,9.28376,123.64264,Beach; Reef; Ocean,https://www.padi.com/dive-site/philippines/tulapos-marine-sanctuary/,9.285363507434822,123.64181041717532,200,minimum_nearest_shoreline_crossing
12895,Philippines,Daquit Shoal,9.26512,123.66842,Reef; Ocean,https://www.padi.com/dive-site/philippines/daquit-shoal/,9.265118178070257,123.66841793060304,0.0,PADI_coordinate_water
12896,Philippines,Bogo Marine Sanctuary,9.23412,123.66586,Reef; Ocean,https://www.padi.com/dive-site/philippines/bogo-marine-sanctuary/,9.235722255072371,123.66502761840822,200,minimum_nearest_shoreline_crossing
12897,Philippines,Salagdo-ong,9.21095,123.68208,Beach; Reef; Ocean,https://www.padi.com/dive-site/philippines/salagdo-ong/,9.21255111730285,123.68124961853027,200,minimum_nearest_shoreline_crossing
12898,Philippines,Pasihagon,9.21165,123.67732,Beach; Reef; Ocean,https://www.padi.com/dive-site/philippines/pasihagon/,9.213250086122793,123.67648601531984,200,minimum_nearest_shoreline_crossing
12899,Philippines,Olang Sanctuary,9.21023,123.66991,Reef; Ocean,https://www.padi.com/dive-site/philippines/olang-sanctuary/,9.21183096616311,123.66908311843872,200,minimum_nearest_shoreline_crossing
12900,Philippines,Lusaran,9.20522,123.66267,Reef; Ocean,https://www.padi.com/dive-site/philippines/lusaran/,9.205222451882332,123.66266727447513,0.0,PADI_coordinate_water
12906,Philippines,Liloan Lighthouse,9.12311,123.68322,Ocean,https://www.padi.com/dive-site/philippines/liloan-lighthouse/,9.123114098329038,123.68322372436523,0.0,PADI_coordinate_water
12907,Philippines,Sabas Slope,9.11537,123.66263,Ocean,https://www.padi.com/dive-site/philippines/sabas-slope/,9.115371118469552,123.66263286422644,0.0,PADI_coordinate_water
12908,Philippines,Balas Balas,9.11536,123.66297,Ocean,https://www.padi.com/dive-site/philippines/balas-balas-2/,9.115359853577877,123.66296768188478,0.0,PADI_coordinate_water
12910,Philippines,Gabayan Bay,9.11200,123.62646,Ocean,https://www.padi.com/dive-site/philippines/gabayan-bay/,9.113622540676474,123.62567424774171,200,minimum_nearest_shoreline_crossing
12912,Philippines,Talayong Slope,9.10095,123.61323,Ocean,https://www.padi.com/dive-site/philippines/talayong-slope/,9.10095261311113,123.6132287979126,0.0,PADI_coordinate_water
12913,Philippines,Lower Cabangcalan Sanctuary,9.09574,123.59023,Ocean,https://www.padi.com/dive-site/philippines/lower-cabangcalan-sanctuary/,9.09574043900164,123.5902261734009,0.0,PADI_coordinate_water
12914,Philippines,Campalans wall,9.09786,123.58276,Ocean,https://www.padi.com/dive-site/philippines/campalans-wall/,9.097859218124364,123.58275890350345,0.0,PADI_coordinate_water
12916,Philippines,Cangmunag Sanctuary,9.10413,123.55765,Ocean,https://www.padi.com/dive-site/philippines/cangmunag-wall/,9.104130730782272,123.55765342712404,0.0,PADI_coordinate_water
12918,Philippines,Tubod,9.14430,123.50718,Ocean,https://www.padi.com/dive-site/philippines/tubod/,9.144299699743245,123.50718498229982,0.0,PADI_coordinate_water
12920,Philippines,Sunken Island,9.15676,123.49092,Ocean,https://www.padi.com/dive-site/philippines/sunken-island-2/,9.156756244890689,123.49092006683352,0.0,PADI_coordinate_water
12922,Philippines,Tambisan Wall,9.19375,123.45485,Wall; Ocean,https://www.padi.com/dive-site/philippines/tambisan-wall/,9.195394176571806,123.45409870147704,200,minimum_nearest_shoreline_crossing
12923,Philippines,Caticugan Wall,9.22026,123.48603,Wall; Ocean,https://www.padi.com/dive-site/philippines/caticugan-wall/,9.22026087866829,123.48602771759036,0.0,PADI_coordinate_water
12924,Philippines,Nonoc Sanctuary,9.24707,123.57529,Ocean,https://www.padi.com/dive-site/philippines/nonoc-sanctuary/,9.247074285882242,123.57529163360596,0.0,PADI_coordinate_water
12925,Philippines,Nonoc Shoal,9.24834,123.58661,Ocean,https://www.padi.com/dive-site/philippines/nonoc-shoal/,9.249954593683997,123.58580589294436,200,minimum_nearest_shoreline_crossing
12926,Philippines,Sandugan Sanctuary,9.29218,123.59735,Ocean,https://www.padi.com/dive-site/philippines/sandugan-sanctuary/,9.292182277791715,123.59735012054443,0.0,PADI_coordinate_water
12927,Philippines,Selinog Island,8.86095,123.41376,Ocean,https://www.padi.com/dive-site/philippines/selinog-island/,8.860945061745907,123.41375827789308,0.0,PADI_coordinate_water
12928,Philippines,Exotic House Reef,11.32959,124.12611,Muck; Reef; Ocean,https://www.padi.com/dive-site/philippines/evolution-house-reef/,11.329589659353513,124.12611007690433,0.0,PADI_coordinate_water
12929,Philippines,Lighthouse,11.34258,124.10907,Reef; Ocean,https://www.padi.com/dive-site/philippines/lighthouse-8/,11.342581227800023,124.1090743673076,0.0,PADI_coordinate_water
12930,Philippines,Twins,11.34640,124.11277,Reef; Ocean,https://www.padi.com/dive-site/philippines/twins-2/,11.346399779730213,124.1127741476028,0.0,PADI_coordinate_water
13224,Philippines,Gabayan Reef,9.11378,123.63167,Reef; Ocean,https://www.padi.com/dive-site/philippines/gabayan-reef/,9.115402226957697,123.63086700439456,200,minimum_nearest_shoreline_crossing
13234,Philippines,Cedric wall,9.30058,123.60628,Drift; Reef; Wall; Ocean,https://www.padi.com/dive-site/philippines/cedric-wall/,9.302177253986656,123.60546112060548,200,minimum_nearest_shoreline_crossing
13293,Philippines,Paliton Wall,9.17735,123.46152,Drift; Wall; Ocean,https://www.padi.com/dive-site/philippines/paliton-wall/,9.17734671919232,123.46152305603027,0.0,PADI_coordinate_water
13298,Philippines,Candaping B Sanctuary,9.16160,123.67422,Ocean,https://www.padi.com/dive-site/philippines/candaping-b-sanctuary/,9.163196192327792,123.67339611053468,200,minimum_nearest_shoreline_crossing
13299,Philippines,Balayang Kugtong,9.15671,123.69992,Cave; Ocean,https://www.padi.com/dive-site/philippines/balayang-kugtong/,9.156713876429023,123.69991779327394,0.0,PADI_coordinate_water
13300,Philippines,Liloan Corner,9.15999,123.69603,Drift; Reef; Wall; Ocean,https://www.padi.com/dive-site/philippines/liloan-corner/,9.161586216411392,123.69519710540771,200,minimum_nearest_shoreline_crossing
13783,Philippines,Tamaraw Reef,13.50392,120.89524,Beach; Drift; Pinnacle; Reef; Sandy bottom,https://www.padi.com/dive-site/philippines/tamaraw-reef/,13.502857401963768,120.89673042297365,200,minimum_nearest_shoreline_crossing
13784,Philippines,Hibo Reef,13.50503,120.87957,Drift; Reef; Wall,https://www.padi.com/dive-site/philippines/hibo-reef/,13.503984084738464,120.88106632232667,200,minimum_nearest_shoreline_crossing
13785,Philippines,Deluna House Reef,13.50563,120.89696,Beach; Reef,https://www.padi.com/dive-site/philippines/deluna-house-reef/,13.50456828852698,120.89844703674318,200,minimum_nearest_shoreline_crossing
15238,Philippines,Amigos house reef(sardines),9.94691,123.36649,Beach; Ocean,https://www.padi.com/dive-site/philippines/amigos-house-reefsardines/,9.948487648739114,123.36562871932983,200,minimum_nearest_shoreline_crossing
17807,Philippines,Ustory housereef,9.13004,123.52975,Drift; Muck; Reef; Ocean,https://www.padi.com/dive-site/philippines/ustory-housereef/,9.13167323291836,123.52898597717288,200,minimum_nearest_shoreline_crossing
18076,Philippines,Atoll,13.52269,120.99285,Reef; Ocean,https://www.padi.com/dive-site/philippines/atoll/,13.52269,120.99285,0.0,PADI_coordinate_water
18077,Philippines,Batangas Channel,13.52469,120.95860,Drift; Reef; Wall; Channel,https://www.padi.com/dive-site/philippines/batangas-channel-2/,13.52469,120.9586,0.0,PADI_coordinate_water
18081,Philippines,Coral Cove,13.51701,120.98788,Reef; Wall; Cavern; Ocean,https://www.padi.com/dive-site/philippines/coral-cove/,13.515856,120.989299,200,minimum_nearest_shoreline_crossing
18082,Philippines,Coral Gardens 2,13.52046,120.95503,Reef; Sandy bottom; Ocean,https://www.padi.com/dive-site/philippines/coral-gardens-2-2/,13.52046,120.95503,0.0,PADI_coordinate_water
18083,Philippines,Ernie's Cave,13.52412,120.97871,Reef; Ocean,https://www.padi.com/dive-site/philippines/ernies-cave/,13.52297,120.98013,200,minimum_nearest_shoreline_crossing
18084,Philippines,Ernie's Point,13.52483,120.98091,Reef; Wall; Cavern; Ocean,https://www.padi.com/dive-site/philippines/ernies-point/,13.523679,120.982325,200,minimum_nearest_shoreline_crossing
18085,Philippines,Fantasea Reef,13.52433,120.97206,Drift; Reef; Sandy bottom; Ocean,https://www.padi.com/dive-site/philippines/fantasea-reef/,13.52319425012444,120.9734845161438,200,minimum_nearest_shoreline_crossing
18086,Philippines,Giant Clam,13.51512,120.95812,Muck; Reef; Sandy bottom; Ocean,https://www.padi.com/dive-site/philippines/giant-clam/,13.513999,120.959558,200,minimum_nearest_shoreline_crossing
18087,Philippines,Horse Head,13.52314,120.99320,Drift; Reef; Wall; Ocean,https://www.padi.com/dive-site/philippines/horse-head/,13.523136877512629,120.9932041168213,0.0,PADI_coordinate_water
18089,Philippines,Kilima Drift,13.51659,120.99222,Drift; Reef; Wall; Ocean,https://www.padi.com/dive-site/philippines/kimila-drift/,13.516586,120.992217,0.0,PADI_coordinate_water
18090,Philippines,Kilima Steps,13.51779,120.99208,Reef; Sandy bottom; Ocean,https://www.padi.com/dive-site/philippines/kilima-steps/,13.517795,120.99208,0.0,PADI_coordinate_water
18091,Philippines,Kilima Wall,13.51834,120.99170,Drift; Wall; Ocean,https://www.padi.com/dive-site/philippines/kilima-wall/,13.5183383,120.991702,0.0,PADI_coordinate_water
18092,Philippines,LaLaguna Point,13.52609,120.96899,Drift; Reef; Wall; Ocean,https://www.padi.com/dive-site/philippines/laguna-point/,13.52495,120.97041,200,minimum_nearest_shoreline_crossing
18093,Philippines,Monkey Beach,13.52383,120.97782,Drift; Reef; Ocean,https://www.padi.com/dive-site/philippines/monkey-beach-2/,13.522677896120744,120.97923517227174,200,minimum_nearest_shoreline_crossing
18095,Philippines,Montani Bay,13.51990,120.95895,Muck; Reef; Sandy bottom; Ocean,https://www.padi.com/dive-site/philippines/montani-bay/,13.518765,120.960386,200,minimum_nearest_shoreline_crossing
18096,Philippines,Odie's Wall,13.52853,120.95576,Drift; Reef; Wall; Ocean,https://www.padi.com/dive-site/philippines/odies-wall/,13.52853,120.95576,0.0,PADI_coordinate_water
18097,Philippines,Pink Wall,13.52276,120.99275,Reef; Ocean,https://www.padi.com/dive-site/philippines/pink-wall/,13.52276,120.99275,0.0,PADI_coordinate_water
18098,Philippines,Sabang Bay,13.52237,120.97348,Reef; Sandy bottom; Ocean,https://www.padi.com/dive-site/philippines/sabang-bay/,13.521233142103558,120.97489535808565,200,minimum_nearest_shoreline_crossing
18099,Philippines,Sabang Point,13.52395,120.97711,Drift; Reef; Sandy bottom; Ocean,https://www.padi.com/dive-site/philippines/sabang-point/,13.5228,120.97853,200,minimum_nearest_shoreline_crossing
18142,Philippines,Maite,9.14932,123.50005,Beach; Muck; Reef; Sandy bottom,https://www.padi.com/dive-site/philippines/maite/,9.150951718605388,123.49928855895998,200,minimum_nearest_shoreline_crossing
18172,Philippines,The Hill,13.51738,120.95992,Muck; Reef; Sandy bottom; Ocean,https://www.padi.com/dive-site/philippines/the-hill/,13.516252,120.961361,200,minimum_nearest_shoreline_crossing
18173,Philippines,Sinandigan Wall,13.52166,120.99312,Drift; Reef; Wall; Ocean,https://www.padi.com/dive-site/philippines/sinandigan-wall-3/,13.52166,120.99312,0.0,PADI_coordinate_water
18175,Philippines,Shark Cave,13.52275,120.99280,Reef; Cavern; Ocean,https://www.padi.com/dive-site/philippines/sharks-cave-2/,13.52275,120.9928,0.0,PADI_coordinate_water
18176,Philippines,Secret Bay,13.51653,120.96220,Muck; Reef; Sandy bottom; Ocean,https://www.padi.com/dive-site/philippines/secret-bay-2/,13.5154,120.96364,200,minimum_nearest_shoreline_crossing
18270,Philippines,Small La Laguna,13.52611,120.96962,Reef; Wall,https://www.padi.com/dive-site/philippines/small-la-laguna/,13.524973,120.971038,200,minimum_nearest_shoreline_crossing
18271,Philippines,West Escarceo,13.52221,120.98776,Drift; Reef; Ocean,https://www.padi.com/dive-site/philippines/west-escarceo/,13.52221,120.98776,0.0,PADI_coordinate_water
18272,Philippines,Turtle Rock,13.51771,120.99179,Reef; Ocean,https://www.padi.com/dive-site/philippines/turtle-rock/,13.517712,120.991788,0.0,PADI_coordinate_water
18273,Philippines,Hole in the Wall,13.52280,120.99272,Drift; Reef; Wall; Cavern; Ocean,https://www.padi.com/dive-site/philippines/hole-in-the-wall-3/,13.5228,120.99272,0.0,PADI_coordinate_water
18274,Philippines,Fish Bowl,13.52330,120.99398,Drift; Reef; Wall; Ocean,https://www.padi.com/dive-site/philippines/fish-bowl-2/,13.523304,120.993977,0.0,PADI_coordinate_water
18275,Philippines,Dungon Wall,13.52445,120.98320,Drift; Reef; Wall; Ocean,https://www.padi.com/dive-site/philippines/dungon-wall-2/,13.523303779617722,120.98462104797365,200,minimum_nearest_shoreline_crossing
18276,Philippines,Coral Garden,13.52877,120.94746,Reef; Sandy bottom; Ocean,https://www.padi.com/dive-site/philippines/coral-garden-6/,13.52877,120.947456,0.0,PADI_coordinate_water
18278,Philippines,Canyons,13.52443,120.99372,Drift; Reef; Channel; Ocean,https://www.padi.com/dive-site/philippines/canyons/,13.52443,120.993719,0.0,PADI_coordinate_water
19787,Philippines,RESEARCH REEF,16.58717,120.28690,Reef; Ocean,https://www.padi.com/dive-site/philippines/research-reef/,16.58717178299424,120.28690338134768,0.0,PADI_coordinate_water
19789,Philippines,Lingsat Marine Protected Area (LMPA),16.64302,120.30638,Reef; Ocean,https://www.padi.com/dive-site/philippines/lingsat-marine-protected-area-lmpa/,16.641335488722525,120.3070399400948,200,minimum_nearest_shoreline_crossing
19790,Philippines,HOLCIM SANCTUARY,16.76930,120.32967,Reef; Ocean,https://www.padi.com/dive-site/philippines/holcim-sanctuary/,16.76929614087181,120.3296680659028,0.0,PADI_coordinate_water
19791,Philippines,PARAOIR SUR,16.78156,120.32921,Reef; Ocean,https://www.padi.com/dive-site/philippines/paraoir-sur/,16.78155746496175,120.32920605163451,0.0,PADI_coordinate_water
19792,Philippines,PARAOIR NORTE,16.78345,120.32873,Reef; Ocean,https://www.padi.com/dive-site/philippines/paraoir-norte/,16.783447489091657,120.32873398284774,0.0,PADI_coordinate_water
19886,Philippines,Apo Island,9.08277,123.27106,Drift; Reef; Wall; Ocean,https://www.padi.com/dive-site/philippines/apo-island/,9.08277323757655,123.27106475830077,0.0,PADI_coordinate_water
20584,Philippines,"Monad Shoal, Thresher Shark Divers Mooring Line",11.30754,124.18757,Drift; Reef; Wall; Ocean,https://www.padi.com/dive-site/philippines/monad-shoal-thresher-shark-divers-mooring-line/,11.307539,124.187565,0.0,PADI_coordinate_water
21240,Philippines,The lighthouse,9.72031,118.76886,Reef; Ocean,https://www.padi.com/dive-site/philippines/the-lighthouse-2/,9.720308855113045,118.76885890960696,0.0,PADI_coordinate_water
21241,Philippines,Maris rock,9.72014,118.76641,Reef; Ocean,https://www.padi.com/dive-site/philippines/maris-rock/,9.72145093259021,118.76765727996828,200,minimum_nearest_shoreline_crossing
21242,Philippines,Reyes Reef,9.72078,118.76435,Ocean,https://www.padi.com/dive-site/philippines/reyes-reef/,9.722085418392355,118.76559734344484,200,minimum_nearest_shoreline_crossing
21243,Philippines,Silica Reef (Tangdol Reef),9.72217,118.76036,Reef; Ocean,https://www.padi.com/dive-site/philippines/silica-reef-tangdol-reef/,9.723481282919591,118.76160621643068,200,minimum_nearest_shoreline_crossing
21244,Philippines,Red Cliff,9.69586,118.74217,Reef; Ocean,https://www.padi.com/dive-site/philippines/red-cliff/,9.695859002693467,118.74216556549074,0.0,PADI_coordinate_water
21245,Philippines,Finger Lock,9.68816,118.76414,Reef; Ocean,https://www.padi.com/dive-site/philippines/finger-lock/,9.688159890970825,118.76413822174074,0.0,PADI_coordinate_water
22110,Philippines,Middle Rocks (Cagnipa Island),10.48415,119.08072,Reef,https://www.padi.com/dive-site/philippines/middle-rocks-cagnipa-island/,10.484154879308434,119.08071918115334,0.0,PADI_coordinate_water
22466,Philippines,Sombrero Island,13.69920,120.82927,Reef; Wall,https://www.padi.com/dive-site/philippines/sombrero-island/,13.699195020513123,120.82926750183108,0.0,PADI_coordinate_water
23261,Philippines,Drop Off,13.53553,121.10504,Drift; Pinnacle; Reef; Wall,https://www.padi.com/dive-site/philippines/drop-off-4/,13.535529,121.105042,0.0,PADI_coordinate_water
23264,Philippines,Dauin North,9.18377,123.26534,Beach; Reef; Sandy bottom; Ocean,https://www.padi.com/dive-site/philippines/poblacion/,9.185438533254116,123.26467037200926,200,minimum_nearest_shoreline_crossing
23451,Philippines,Sawang,9.13739,123.51701,Ocean,https://www.padi.com/dive-site/philippines/sawang/,9.137393332066944,123.5170125961304,0.0,PADI_coordinate_water
23970,Philippines,"Bantigue, Malapascua",11.34468,124.12087,Beach; Muck; Reef; Sandy bottom; Ocean,https://www.padi.com/dive-site/philippines/bantigue-malapascua/,11.345684449429784,124.11935115890049,200,minimum_nearest_shoreline_crossing
24375,Philippines,Tulang Diot,10.72066,124.31399,Cave; Reef; Wall; Ocean,https://www.padi.com/dive-site/philippines/tulang-diot/,10.720658697749604,124.31399170247458,0.0,PADI_coordinate_water
25317,Philippines,San Miguel,9.20343,123.28381,Beach; Reef; Sandy bottom; Ocean,https://www.padi.com/dive-site/philippines/san-miguel/,9.20509536385835,123.2831346988678,200,minimum_nearest_shoreline_crossing
25318,Philippines,Mainit,9.20949,123.28613,Beach; Drift; Ocean,https://www.padi.com/dive-site/philippines/mainit/,9.211153175514143,123.2854413986206,200,minimum_nearest_shoreline_crossing
25443,Philippines,Black Diamond,9.20721,123.28441,Muck; Reef; Sandy bottom; Ocean,https://www.padi.com/dive-site/philippines/black-diamond/,9.207213491626645,123.2844114303589,0.0,PADI_coordinate_water
25444,Philippines,Masaplod Norte,9.17585,123.25766,Muck; Reef; Sandy bottom; Ocean,https://www.padi.com/dive-site/philippines/masaplod-norte/,9.177516183160296,123.25698852539064,200,minimum_nearest_shoreline_crossing
25453,Philippines,Sahara Deep,9.19092,123.27197,Muck; Sandy bottom; Ocean,https://www.padi.com/dive-site/philippines/sahara-deep/,9.190924762809798,123.2719659805298,0.0,PADI_coordinate_water
25455,Philippines,Poblacion,9.18502,123.26660,Beach; Reef; Sandy bottom; Ocean,https://www.padi.com/dive-site/philippines/poblacion-2/,9.1866935951943,123.26592564582826,200,minimum_nearest_shoreline_crossing
410,Portugal,Caloura Arches,37.70951,-25.51886,Reef,https://www.padi.com/dive-site/portugal/caloura-arches/,37.70972959918342,-25.516605377197266,200,minimum_nearest_shoreline_crossing
411,Portugal,The Mirrors,37.76719,-25.76586,Reef,https://www.padi.com/dive-site/portugal/the-mirrors/,37.76718664006672,-25.7658576965332,0.0,PADI_coordinate_water
415,Portugal,Willy Wonka,37.74333,-25.60870,Reef,https://www.padi.com/dive-site/portugal/willy-wonka/,37.74333363742671,-25.608701705932617,0.0,PADI_coordinate_water
416,Portugal,Mobulas Hot Spot,37.10119,-25.42786,Drift,https://www.padi.com/dive-site/portugal/mobulas-hot-spot/,37.10119357072203,-25.4278564453125,0.0,PADI_coordinate_water
1527,Portugal,ARRAIA Reef,38.65562,-27.23776,Reef,https://www.padi.com/dive-site/portugal/arraia-reef/,38.655705995909685,-27.23546147346497,200,minimum_nearest_shoreline_crossing
1538,Portugal,Pedra do Spinola,38.69100,-9.44167,Reef,https://www.padi.com/dive-site/portugal/pedra-do-spinola/,38.69100342185769,-9.441665410668064,0.0,PADI_coordinate_water
1592,Portugal,BOCA do INFERNO,38.68810,-9.43126,Reef,https://www.padi.com/dive-site/portugal/boca-do-inferno/,38.68917779318519,-9.429423809051514,200,minimum_nearest_shoreline_crossing
1596,Portugal,CANYON do INFERNO,38.68517,-9.43451,Reef,https://www.padi.com/dive-site/portugal/canyon-do-inferno/,38.68517476672709,-9.43450927734375,0.0,PADI_coordinate_water
6004,Portugal,Azul House reef,32.64016,-16.91988,Muck; Sandy bottom; Ocean,https://www.padi.com/dive-site/portugal/azul-house-reef/,32.641381,-16.918312,200,minimum_nearest_shoreline_crossing
6159,Portugal,The Anchors,37.74267,-25.63784,Reef; Sandy bottom; Archaeological,https://www.padi.com/dive-site/portugal/the-anchors/,37.74267188691579,-25.637841224670414,0.0,PADI_coordinate_water
6284,Portugal,Garajau Beach,32.63527,-16.85490,Ocean,https://www.padi.com/dive-site/portugal/garajau-beach/,32.636487579549666,-16.853336803615097,200,minimum_nearest_shoreline_crossing
7612,Portugal,Princesa Alice Bank,38.09333,-29.54222,Reef; Ocean,https://www.padi.com/dive-site/portugal/princesa-alice-bank/,38.0933333,-29.542222222222225,0.0,PADI_coordinate_water
7614,Portugal,Entre Montes,38.52334,-28.62235,Reef; Wall; Ocean,https://www.padi.com/dive-site/portugal/entre-montes/,38.5233376820665,-28.62234592437744,0.0,PADI_coordinate_water
7637,Portugal,Condor's bank,38.33528,-28.99083,Drift; Ocean,https://www.padi.com/dive-site/portugal/condors-bank/,38.3352778,-28.99083333333333,0.0,PADI_coordinate_water
7703,Portugal,Reis Magos,32.64653,-16.82504,Sandy bottom; Wall; Ocean,https://www.padi.com/dive-site/portugal/reis-magos/,32.647759,-16.82348,200,minimum_nearest_shoreline_crossing
7796,Portugal,Cova do Sono,39.41087,-9.51616,Beach; Pinnacle; Sandy bottom; Wall; Cavern; Ocean,https://www.padi.com/dive-site/portugal/cova-do-sono/,39.41085298098123,-9.513825414469467,200,minimum_nearest_shoreline_crossing
9589,Portugal,Mosh wall,37.08045,-8.67929,Reef; Wall,https://www.padi.com/dive-site/portugal/mosh-wall/,37.08222885816359,-8.678941726684572,200,minimum_nearest_shoreline_crossing
9889,Portugal,Carlton House reef,32.64021,-16.92343,Reef; Sandy bottom; Ocean,https://www.padi.com/dive-site/portugal/carlton-house-reef-2/,32.64143472936938,-16.921863555908207,200,minimum_nearest_shoreline_crossing
11549,Portugal,Alien Head,37.08463,-8.21155,Reef,https://www.padi.com/dive-site/portugal/alien-head/,37.08462538343042,-8.211550712585451,0.0,PADI_coordinate_water
11679,Portugal,Rocky,37.08360,-8.21348,Reef,https://www.padi.com/dive-site/portugal/rocky/,37.08359831045062,-8.213481903076174,0.0,PADI_coordinate_water
11855,Portugal,Islet Bay,37.70648,-25.44464,Drift; Reef; Sandy bottom; Archaeological,https://www.padi.com/dive-site/portugal/islet-bay/,37.70670363909326,-25.44238865375519,200,minimum_nearest_shoreline_crossing
12603,Portugal,Pedra do Leão (Lion's Rock),38.43479,-9.06816,Sandy bottom; Ocean,https://www.padi.com/dive-site/portugal/pedra-do-leao-lions-rock/,38.43478704912519,-9.068162441253664,0.0,PADI_coordinate_water
13138,Portugal,Baía da Armação,38.43813,-9.06140,Sandy bottom,https://www.padi.com/dive-site/portugal/baia-da-armacao/,38.43812759003096,-9.061403274536136,0.0,PADI_coordinate_water
13953,Portugal,Ancoras,37.07870,-8.66615,Reef; Sandy bottom,https://www.padi.com/dive-site/portugal/ancoras/,37.07870240465436,-8.666153023840119,0.0,PADI_coordinate_water
16202,Portugal,Martelo,37.07954,-8.66699,Reef,https://www.padi.com/dive-site/portugal/martelo/,37.07953695640534,-8.66698980331421,0.0,PADI_coordinate_water
22525,Portugal,Flandres,39.41344,-9.50781,Sandy bottom; Wall; Cavern; Ocean,https://www.padi.com/dive-site/portugal/flandres/,39.41343530017573,-9.507808744370486,0.0,PADI_coordinate_water
22769,Portugal,Ilhéu Maldito,39.41959,-9.50549,Wall; Cavern; Channel,https://www.padi.com/dive-site/portugal/ilheu-maldito/,39.419585418467896,-9.505492036296106,0.0,PADI_coordinate_water
22897,Portugal,Estelão,39.42491,-9.53260,Drift; Reef; Sandy bottom; Wall; Channel,https://www.padi.com/dive-site/portugal/estelao/,39.42491452959251,-9.532603041097657,0.0,PADI_coordinate_water
22902,Portugal,Recife dos Galos,39.41156,-9.50839,Pinnacle; Reef; Sandy bottom; Ocean,https://www.padi.com/dive-site/portugal/recife-dos-galos/,39.41156197575767,-9.508388042449951,0.0,PADI_coordinate_water
22904,Portugal,Baia do Forte,39.41101,-9.51064,Pinnacle; Reef; Sandy bottom; Wall; Cavern; Channel; Ocean,https://www.padi.com/dive-site/portugal/baia-do-forte/,39.41101488921936,-9.510635729254094,0.0,PADI_coordinate_water
22905,Portugal,Pedra da Velha,39.41956,-9.49740,Drift; Pinnacle; Reef; Sandy bottom; Wall; Ocean,https://www.padi.com/dive-site/portugal/pedra-da-velha/,39.419564697956055,-9.497401860496629,0.0,PADI_coordinate_water
22907,Portugal,Carreiro dos Cações,39.41668,-9.50846,Reef; Sandy bottom; Wall; Channel; Ocean,https://www.padi.com/dive-site/portugal/carreiro-dos-cacoes/,39.41667619832904,-9.508463149522797,0.0,PADI_coordinate_water
22908,Portugal,Ilhéu do Soldado,39.41442,-9.51530,Sandy bottom; Wall; Channel; Ocean,https://www.padi.com/dive-site/portugal/ilheu-do-soldado/,39.41442167643219,-9.51529737458926,0.0,PADI_coordinate_water
23001,Portugal,Piscinas,39.41738,-9.51338,Sandy bottom; Wall; Channel; Ocean,https://www.padi.com/dive-site/portugal/piscinas-2/,39.41738072146951,-9.513376754581964,0.0,PADI_coordinate_water
23002,Portugal,Piscinas,39.41747,-9.51340,Pinnacle; Reef; Sandy bottom; Channel; Ocean,https://www.padi.com/dive-site/portugal/piscinas/,39.41747189453206,-9.51339848023546,0.0,PADI_coordinate_water
463,Puerto Rico,Estella Reef,18.32284,-67.25033,Beach; Reef,https://www.padi.com/dive-site/puerto-rico/estella-reef/,18.322562,-67.248457,200,minimum_nearest_shoreline_crossing
464,Puerto Rico,"Walk in the Park, Rincon, PR",18.32228,-67.25228,Beach; Reef; Wall,https://www.padi.com/dive-site/puerto-rico/walk-in-the-park-rincon-pr/,18.322002,-67.25041,200,minimum_nearest_shoreline_crossing
953,Puerto Rico,El Natural,18.46371,-67.16976,Beach; Reef; Wall,https://www.padi.com/dive-site/puerto-rico/el-natural/,18.463034205258403,-67.16800689697266,200,minimum_nearest_shoreline_crossing
1660,Puerto Rico,Devils Key,18.36206,-65.53332,Reef,https://www.padi.com/dive-site/puerto-rico/devils-key/,18.362060799353635,-65.53331851959229,0.0,PADI_coordinate_water
1661,Puerto Rico,Sand Slide,18.33994,-65.56409,Reef,https://www.padi.com/dive-site/puerto-rico/sand-slide/,18.339942829276573,-65.56408882141113,0.0,PADI_coordinate_water
4934,Puerto Rico,Carlos Rosario Wall,18.33043,-65.33326,Reef; Wall,https://www.padi.com/dive-site/puerto-rico/carlos-rosario-wall/,18.330431,-65.333258,0.0,PADI_coordinate_water
6127,Puerto Rico,"Playa Los Tubos, Manatí, PR",18.47286,-66.44853,Sandy bottom,https://www.padi.com/dive-site/puerto-rico/playa-los-tubos-manati-pr/,18.471112,-66.448971,200,minimum_nearest_shoreline_crossing
6128,Puerto Rico,"Playa Los Tubos, Manatí",18.47295,-66.44859,Sandy bottom; Ocean,https://www.padi.com/dive-site/puerto-rico/playa-los-tubos-manati/,18.471204,-66.449025,200,minimum_nearest_shoreline_crossing
14880,Puerto Rico,Escambron Marine Park (La poza del Escambron),18.46598,-66.08665,Reef; Ocean,https://www.padi.com/dive-site/puerto-rico/escambron-marine-park-la-poz-del-escambron/,18.46598336235196,-66.08664751052858,0.0,PADI_coordinate_water
25356,Puerto Rico,Blackwall,17.87694,-67.03500,Reef; Wall; Ocean,https://www.padi.com/dive-site/puerto-rico/blackwall/,17.876944444444444,-67.035,0.0,PADI_coordinate_water
25447,Puerto Rico,Chimney,17.91080,-67.04578,Reef; Cavern,https://www.padi.com/dive-site/puerto-rico/chimney-5/,17.910795834978483,-67.04578399658205,0.0,PADI_coordinate_water
25448,Puerto Rico,Forest,17.88727,-67.03377,Reef; Sandy bottom,https://www.padi.com/dive-site/puerto-rico/forest/,17.88727301832647,-67.03376770019533,0.0,PADI_coordinate_water
25450,Puerto Rico,Hole In The Wall,17.92256,-67.04836,Reef; Wall; Ocean,https://www.padi.com/dive-site/puerto-rico/hole-in-the-wall-6/,17.922556073218654,-67.04835891723634,0.0,PADI_coordinate_water
25451,Puerto Rico,Efra's Wall,17.86800,-66.95755,Reef; Wall; Ocean,https://www.padi.com/dive-site/puerto-rico/efras-wall/,17.8679950529231,-66.95755004882814,0.0,PADI_coordinate_water
1635,Republic of Mauritius,Grand Baie Aquarium,-19.59650,57.33760,Reef,https://www.padi.com/dive-site/republic-of-mauritius/grand-baie-aquarium/,-19.5965,57.3376,0.0,PADI_coordinate_water
1638,Republic of Mauritius,Shamentha,-19.99930,57.57317,Reef,https://www.padi.com/dive-site/republic-of-mauritius/shamentha/,-19.9993,57.57317,0.0,PADI_coordinate_water
1641,Republic of Mauritius,Carpenter Reef,-19.95010,57.62483,Drift; Reef,https://www.padi.com/dive-site/republic-of-mauritius/carpenter-reef/,-19.9501,57.62483,0.0,PADI_coordinate_water
6369,Republic of Mauritius,Lost Anchor,-19.94490,57.62124,Reef,https://www.padi.com/dive-site/republic-of-mauritius/lost-anchor/,-19.9449,57.62124,0.0,PADI_coordinate_water
6370,Republic of Mauritius,Confetti Bay,-19.94042,57.62010,Reef,https://www.padi.com/dive-site/republic-of-mauritius/confetti-bay/,-19.9422,57.6198,200,minimum_nearest_shoreline_crossing
10851,Republic of Mauritius,Trou moutou,-20.40581,57.72307,Pool; Reef; Sandy bottom,https://www.padi.com/dive-site/republic-of-mauritius/trou-moutou/,-20.40581471091309,57.72306919097901,0.0,PADI_coordinate_water
11665,Republic of Mauritius,Anemone Garden,-20.40041,57.72099,Reef,https://www.padi.com/dive-site/republic-of-mauritius/anemone-garden/,-20.40040715318888,57.720987796783454,0.0,PADI_coordinate_water
11861,Republic of Mauritius,Belle Mare Passe,-20.18431,57.78002,Drift,https://www.padi.com/dive-site/republic-of-mauritius/belle-mare-passe/,-20.18431341602174,57.7800178527832,0.0,PADI_coordinate_water
19974,Republic of Mauritius,Cathedral,-20.26896,57.29336,Cave; Wall,https://www.padi.com/dive-site/republic-of-mauritius/cathedral-5/,-20.268960596574804,57.2933578491211,0.0,PADI_coordinate_water
19975,Republic of Mauritius,Black Rock,-20.32112,57.37223,Reef,https://www.padi.com/dive-site/republic-of-mauritius/black-rock-7/,-20.321407748594545,57.374124526977546,200,minimum_nearest_shoreline_crossing
24961,Republic of Mauritius,stella coral garden,-20.03007,57.53850,Reef; Ocean,https://www.padi.com/dive-site/republic-of-mauritius/stella-coral-garden/,-20.03187,57.53858,200,minimum_nearest_shoreline_crossing
8861,Romania,Cazino Constanta,44.16895,28.66455,Beach; Archaeological,https://www.padi.com/dive-site/romania/cazino-constanta/,44.1699539340575,28.66247177124024,200,minimum_nearest_shoreline_crossing
4933,Russia,"Barents sea, Liinahamari",69.63954,31.32508,Fjord; Ocean,https://www.padi.com/dive-site/russia/barents-sea-liinahamari/,69.639,31.33,200,minimum_nearest_shoreline_crossing
774,Réunion,le jardin des kiosques,-21.18375,55.28417,Cave; Reef,https://www.padi.com/dive-site/reunion/le-jardin-des-kiosques/,-21.18375150981124,55.28416872024536,0.0,PADI_coordinate_water
775,Réunion,le banc doré,-21.18521,55.28466,Reef,https://www.padi.com/dive-site/reunion/le-banc-dore/,-21.185212064563583,55.2846622467041,0.0,PADI_coordinate_water
776,Réunion,les arches,-21.17987,55.28393,Drift; Reef,https://www.padi.com/dive-site/reunion/les-arches/,-21.17986996541387,55.28393268585205,0.0,PADI_coordinate_water
777,Réunion,Bosy's canyon,-21.19916,55.27946,Drift; Reef,https://www.padi.com/dive-site/reunion/bosys-canyon/,-21.19915663455972,55.27945876121521,0.0,PADI_coordinate_water
778,Réunion,le nez du pharaon,-21.19367,55.26979,Wall,https://www.padi.com/dive-site/reunion/le-nez-du-pharaon/,-21.19367499499964,55.26979207992554,0.0,PADI_coordinate_water
779,Réunion,la pointe au sel,-21.20098,55.27157,Drift; Wall,https://www.padi.com/dive-site/reunion/la-pointe-au-sel/,-21.200977134092938,55.27157306671143,0.0,PADI_coordinate_water
780,Réunion,le sec jaune,-21.20585,55.27990,Cave; Reef; Wall,https://www.padi.com/dive-site/reunion/le-sec-jaune/,-21.205848360407742,55.27989864349365,0.0,PADI_coordinate_water
781,Réunion,l'arche de noel,-21.21098,55.28286,Reef,https://www.padi.com/dive-site/reunion/larche-de-noel/,-21.21097947841581,55.282859802246094,0.0,PADI_coordinate_water
782,Réunion,Sec a zitte,-21.15514,55.27374,Reef,https://www.padi.com/dive-site/reunion/sec-a-zitte/,-21.155137733958096,55.27374029159546,0.0,PADI_coordinate_water
784,Réunion,Passe de l'Ermitage,-21.08526,55.22158,Drift; Reef,https://www.padi.com/dive-site/reunion/passe-de-lermitage/,-21.085260883371312,55.22157669067383,0.0,PADI_coordinate_water
785,Réunion,Passe de 3 bassins,-21.11133,55.24936,Drift; Reef,https://www.padi.com/dive-site/reunion/passe-de-3-bassins/,-21.111325935029143,55.24936437606812,0.0,PADI_coordinate_water
891,Réunion,Maison verte,-21.19345,55.28374,Drift; Reef,https://www.padi.com/dive-site/reunion/maison-verte/,-21.19345492493171,55.28373956680298,0.0,PADI_coordinate_water
3011,Saint Kitts & Nevis,Humps,17.46231,-62.97548,Reef,https://www.padi.com/dive-site/saint-kitts-nevis/humps/,17.46230928271876,-62.975478172302246,0.0,PADI_coordinate_water
3012,Saint Kitts & Nevis,Mushroom Garden,17.46067,-62.97569,Reef,https://www.padi.com/dive-site/saint-kitts-nevis/mushroom-garden/,17.46067177249479,-62.975692749023445,0.0,PADI_coordinate_water
3015,Saint Kitts & Nevis,Drop Off,17.45834,-62.97127,Wall,https://www.padi.com/dive-site/saint-kitts-nevis/drop-off-2/,17.458338294991155,-62.971272468566895,0.0,PADI_coordinate_water
11718,Saint Kitts & Nevis,The Rock,17.26394,-62.71932,Reef,https://www.padi.com/dive-site/saint-kitts-nevis/the-rock-2/,17.263941074570564,-62.71931648254395,0.0,PADI_coordinate_water
11719,Saint Kitts & Nevis,Camps reef,17.28972,-62.75502,Reef,https://www.padi.com/dive-site/saint-kitts-nevis/camps-reef/,17.2897168943017,-62.7550220489502,0.0,PADI_coordinate_water
2220,Saint Vincent & the Grenadines,Critter Corner,13.13147,-61.20270,Reef,https://www.padi.com/dive-site/saint-vincent-the-grenadines/critter-corner/,13.129896772758435,-61.20360016822814,200,minimum_nearest_shoreline_crossing
2221,Saint Vincent & the Grenadines,Indian Bay,13.13655,-61.20559,Reef,https://www.padi.com/dive-site/saint-vincent-the-grenadines/indian-bay/,13.13496417420792,-61.20644330978393,200,minimum_nearest_shoreline_crossing
8803,Saint Vincent & the Grenadines,Devils Table,13.01183,-61.24899,Reef,https://www.padi.com/dive-site/saint-vincent-the-grenadines/devils-table/,13.011833519911,-61.2489938735962,0.0,PADI_coordinate_water
8730,Saudi Arabia,Abu Tair - Shiab Alkabir,21.69102,39.01321,Drift; Reef; Wall,https://www.padi.com/dive-site/saudi-arabia/abuhr-alkabira/,21.691018,39.013213,0.0,PADI_coordinate_water
10549,Saudi Arabia,Um Almaradem,28.67974,48.65304,Beach; Reef,https://www.padi.com/dive-site/saudi-arabia/um-almaradem/,28.67823890213276,48.65192413330078,200,minimum_nearest_shoreline_crossing
15265,Saudi Arabia,la plag,21.70878,39.08253,Beach; Pool; Reef; Wall; Ocean,https://www.padi.com/dive-site/saudi-arabia/la-plag/,21.70942993079621,39.08433437347413,200,minimum_nearest_shoreline_crossing
21356,Saudi Arabia,Al Fasma,24.14264,37.92665,Reef,https://www.padi.com/dive-site/saudi-arabia/al-fasma/,24.142641699105383,37.92665004730225,0.0,PADI_coordinate_water
21504,Saudi Arabia,La Mer Beach,21.75382,39.05647,Beach; Reef; Sandy bottom; Wall,https://www.padi.com/dive-site/saudi-arabia/la-mer-beach/,21.75446,39.05828,200,minimum_nearest_shoreline_crossing
601,Senegal,Baie de Ngor,14.75404,-17.51069,Reef,https://www.padi.com/dive-site/senegal/baie-de-ngor/,14.75388433389407,-17.508838176727295,200,minimum_nearest_shoreline_crossing
8522,Seychelles,Cap Matoopa,-4.64932,55.37384,Ocean,https://www.padi.com/dive-site/seychelles/cap-matoopa/,-4.649315804852738,55.37384033203126,0.0,PADI_coordinate_water
8523,Seychelles,Conception South,-4.66724,55.37032,Sandy bottom; Ocean,https://www.padi.com/dive-site/seychelles/conception-south/,-4.667237937259472,55.37032127380372,0.0,PADI_coordinate_water
8577,Seychelles,Lighthouse,-4.63909,55.36620,Reef; Sandy bottom,https://www.padi.com/dive-site/seychelles/lighthouse-7/,-4.639092713560129,55.36620140075684,0.0,PADI_coordinate_water
8578,Seychelles,Therese South,-4.67934,55.40534,Reef; Sandy bottom; Ocean,https://www.padi.com/dive-site/seychelles/therese-south/,-4.679342603171351,55.40534019470216,0.0,PADI_coordinate_water
8806,Seychelles,Cherimon,-4.28967,55.67983,Reef; Ocean,https://www.padi.com/dive-site/seychelles/cherimon-2/,-4.289667059455591,55.6798267364502,0.0,PADI_coordinate_water
8811,Seychelles,Whale Rock,-4.29942,55.67481,Ocean,https://www.padi.com/dive-site/seychelles/whale-rock-5/,-4.299424285106028,55.67480564117432,0.0,PADI_coordinate_water
8857,Seychelles,white bank,-4.31868,55.66069,Ocean,https://www.padi.com/dive-site/seychelles/white-bank-2/,-4.31868160046104,55.66068649291993,0.0,PADI_coordinate_water
8858,Seychelles,small rock,-4.31688,55.66223,Ocean,https://www.padi.com/dive-site/seychelles/small-rock-2/,-4.316884271675226,55.66223144531251,0.0,PADI_coordinate_water
8860,Seychelles,Cousin island,-4.35458,55.65120,Ocean,https://www.padi.com/dive-site/seychelles/cousin-island-2/,-4.354584488247336,55.65120220184327,0.0,PADI_coordinate_water
8862,Seychelles,Booby island,-4.25813,55.67339,Ocean,https://www.padi.com/dive-site/seychelles/booby-island/,-4.258126404323685,55.67338943481446,0.0,PADI_coordinate_water
8866,Seychelles,St. Pierre,-4.30210,55.75085,Ocean,https://www.padi.com/dive-site/seychelles/st-pierre/,-4.302103448101156,55.75085163116456,0.0,PADI_coordinate_water
9016,Seychelles,Red point,-4.27805,55.74521,Ocean,https://www.padi.com/dive-site/seychelles/red-point-2/,-4.27804575491284,55.74520574882627,0.0,PADI_coordinate_water
12460,Seychelles,Black Rock,-4.46472,55.22106,Reef; Ocean,https://www.padi.com/dive-site/seychelles/black-rock-6/,-4.464721572740808,55.221061706542976,0.0,PADI_coordinate_water
8136,Singapore,Pulau Hantu,1.22712,103.75108,Muck; Sandy bottom,https://www.padi.com/dive-site/singapore/pulau-hantu-2/,1.2271192954323171,103.75108051273858,0.0,PADI_coordinate_water
8210,Singapore,Pulau Jong,1.21540,103.78630,Wall,https://www.padi.com/dive-site/singapore/pulau-jong/,1.2153985617021887,103.78630441147251,0.0,PADI_coordinate_water
21371,Sint Maarten,Coralita,17.98999,-63.05646,Reef,https://www.padi.com/dive-site/sint-maarten/coralita/,17.9899861,-63.0564551,0.0,PADI_coordinate_water
22283,Sint Maarten,Mike's Maze,17.99117,-63.05694,Reef,https://www.padi.com/dive-site/sint-maarten/mikes-maze/,17.9911671,-63.0569381,0.0,PADI_coordinate_water
22526,Sint Maarten,Fish Bowl,17.98811,-63.05143,Reef; Ocean,https://www.padi.com/dive-site/sint-maarten/fish-bowl-3/,17.9881121,-63.051431,0.0,PADI_coordinate_water
758,South Africa,Crosses,-34.29084,18.82080,Reef,https://www.padi.com/dive-site/south-africa/crosses/,-34.28950598907205,18.822262287139893,200,minimum_nearest_shoreline_crossing
759,South Africa,Coral Gardens,-34.30183,18.81307,Reef,https://www.padi.com/dive-site/south-africa/coral-gardens-3/,-34.30182629637073,18.81306767463684,0.0,PADI_coordinate_water
760,South Africa,Balcony,-34.36880,18.81924,Reef,https://www.padi.com/dive-site/south-africa/balcony/,-34.36880293727623,18.819236755371094,0.0,PADI_coordinate_water
773,South Africa,Pinnacle,-34.17580,18.83177,Reef,https://www.padi.com/dive-site/south-africa/pinnacle/,-34.17449446310723,18.833259344100952,200,minimum_nearest_shoreline_crossing
786,South Africa,Stone Dog,-34.17474,18.83390,Reef,https://www.padi.com/dive-site/south-africa/stone-dog/,-34.17342930092254,18.835389018058777,200,minimum_nearest_shoreline_crossing
787,South Africa,Cow and Calf,-34.17315,18.83596,Reef,https://www.padi.com/dive-site/south-africa/cow-and-calf/,-34.171844847300115,18.837454319000244,200,minimum_nearest_shoreline_crossing
788,South Africa,Bikini Beach,-34.16700,18.85640,Reef,https://www.padi.com/dive-site/south-africa/bikini-beach/,-34.165688718589855,18.857882022857662,200,minimum_nearest_shoreline_crossing
789,South Africa,Vogelsteen,-34.17287,18.83775,Reef,https://www.padi.com/dive-site/south-africa/vogelsteen/,-34.171560796447494,18.839235305786133,200,minimum_nearest_shoreline_crossing
790,South Africa,Tony's Reef,-34.17746,18.82807,Reef,https://www.padi.com/dive-site/south-africa/tonys-reef/,-34.17614543792399,18.8295578956604,200,minimum_nearest_shoreline_crossing
839,South Africa,Rooi Els Point,-34.34797,18.80988,Reef,https://www.padi.com/dive-site/south-africa/rooi-els-point/,-34.347971491244955,18.80988121032715,0.0,PADI_coordinate_water
885,South Africa,Blousteen,-34.27366,18.83669,Reef,https://www.padi.com/dive-site/south-africa/blousteen/,-34.2723254515692,18.838162422180176,200,minimum_nearest_shoreline_crossing
886,South Africa,Containers Bay,-34.38028,18.84243,Reef,https://www.padi.com/dive-site/south-africa/containers-bay/,-34.378933367360084,18.843870162963867,200,minimum_nearest_shoreline_crossing
888,South Africa,York Shoal,-34.15955,18.61977,Reef,https://www.padi.com/dive-site/south-africa/york-shoal/,-34.15954545771159,18.61976623535156,0.0,PADI_coordinate_water
890,South Africa,Sunny Cove,-34.14545,18.43650,Reef,https://www.padi.com/dive-site/south-africa/sunny-cove/,-34.14420310897079,18.43806266784668,200,minimum_nearest_shoreline_crossing
893,South Africa,Long Beach,-34.18826,18.42519,Reef,https://www.padi.com/dive-site/south-africa/long-beach/,-34.18700911165697,18.426754474639893,200,minimum_nearest_shoreline_crossing
898,South Africa,Rambler Rock,-34.18312,18.45686,Reef,https://www.padi.com/dive-site/south-africa/rambler-rock/,-34.183121781293764,18.456859588623043,0.0,PADI_coordinate_water
901,South Africa,Friskies Pinnacle,-34.18113,18.57788,Reef,https://www.padi.com/dive-site/south-africa/friskies-pinnacle/,-34.18113367096234,18.577880859375,0.0,PADI_coordinate_water
902,South Africa,Tivoli Pinnacles,-34.18113,18.58749,Reef,https://www.padi.com/dive-site/south-africa/tivoli-pinnacles/,-34.18113367096234,18.58749389648437,0.0,PADI_coordinate_water
903,South Africa,Castor Rock,-34.17318,18.57994,Reef,https://www.padi.com/dive-site/south-africa/castor-rock/,-34.17318076114498,18.57994079589844,0.0,PADI_coordinate_water
910,South Africa,Livingstone,-34.17204,18.57342,Reef,https://www.padi.com/dive-site/south-africa/livingstone/,-34.17204456998344,18.57341766357422,0.0,PADI_coordinate_water
912,South Africa,Target Reef,-34.17204,18.56277,Reef,https://www.padi.com/dive-site/south-africa/target-reef/,-34.17204456998344,18.562774658203125,0.0,PADI_coordinate_water
913,South Africa,Roman Rock,-34.16750,18.56964,Reef,https://www.padi.com/dive-site/south-africa/roman-rock/,-34.16749965237791,18.56964111328125,0.0,PADI_coordinate_water
968,South Africa,Mike's Point,-34.38085,18.82653,Reef,https://www.padi.com/dive-site/south-africa/mikes-point/,-34.38084596839498,18.8265323638916,0.0,PADI_coordinate_water
970,South Africa,Whirlpool Cove,-34.28422,18.82480,Reef,https://www.padi.com/dive-site/south-africa/whirlpool-cove/,-34.28289305031746,18.82627487182617,200,minimum_nearest_shoreline_crossing
975,South Africa,Dangerous Dough Reef,-34.19739,18.46021,Reef,https://www.padi.com/dive-site/south-africa/dangerous-dough-reef/,-34.197392197894025,18.460206985473636,0.0,PADI_coordinate_water
976,South Africa,Windmill Beach,-34.20174,18.45447,Reef,https://www.padi.com/dive-site/south-africa/windmill-beach/,-34.20048025379394,18.4560227394104,200,minimum_nearest_shoreline_crossing
977,South Africa,A-Frame,-34.20438,18.45802,Reef,https://www.padi.com/dive-site/south-africa/a-frame/,-34.20438453037401,18.45801830291748,0.0,PADI_coordinate_water
978,South Africa,SAS Pietermaritsburg,-34.22436,18.47334,Reef,https://www.padi.com/dive-site/south-africa/sas-pietermaritsburg/,-34.22308705595999,18.474884033203125,200,minimum_nearest_shoreline_crossing
979,South Africa,Millers Point,-34.23141,18.47606,Reef,https://www.padi.com/dive-site/south-africa/millers-point/,-34.23140781291441,18.47606420516968,0.0,PADI_coordinate_water
980,South Africa,Partridge Point,-34.25864,18.48252,Reef,https://www.padi.com/dive-site/south-africa/partridge-point/,-34.25863524498028,18.48252296447754,0.0,PADI_coordinate_water
1486,South Africa,Protea Banks Northern Shark Caves,-30.80172,30.48500,Cave; Drift; Reef,https://www.padi.com/dive-site/south-africa/protea-banks-northern-shark-caves/,-30.80171808157304,30.48500061035156,0.0,PADI_coordinate_water
1487,South Africa,Protea Banks Southern Shark Arena,-30.81233,30.48363,Drift; Reef,https://www.padi.com/dive-site/south-africa/protea-banks-southern-shark-arena/,-30.81233372259829,30.483627319335938,0.0,PADI_coordinate_water
2597,South Africa,Shark Alley,-33.98066,25.70526,Reef,https://www.padi.com/dive-site/south-africa/shark-alley/,-33.98066280973604,25.70526123046875,0.0,PADI_coordinate_water
2615,South Africa,Seal Dive,-34.10186,23.40551,Wall,https://www.padi.com/dive-site/south-africa/seal-dive/,-34.10185514030627,23.40551376342773,0.0,PADI_coordinate_water
2990,South Africa,Cathedral,-30.26510,30.82500,Reef,https://www.padi.com/dive-site/south-africa/cathedral-3/,-30.2651,30.825,0.0,PADI_coordinate_water
3974,South Africa,¼ Mile Reef,-27.62942,32.55192,Drift; Sandy bottom; Ocean,https://www.padi.com/dive-site/south-africa/14-mile-reef/,-27.63,32.55,200,minimum_nearest_shoreline_crossing
3992,South Africa,6 Mile Reef,-27.63942,32.54192,Reef; Ocean,https://www.padi.com/dive-site/south-africa/6-mile-reef/,-27.64,32.54,200,minimum_nearest_shoreline_crossing
5719,South Africa,4 Mile Reef,-27.48529,32.69465,Beach; Ocean,https://www.padi.com/dive-site/south-africa/4-mile-reef/,-27.485888,32.692738,200,minimum_nearest_shoreline_crossing
5896,South Africa,Raggies Cave,-30.26180,30.82780,Reef; Sandy bottom,https://www.padi.com/dive-site/south-africa/raggies-cave/,-30.2618,30.8278,0.0,PADI_coordinate_water
7392,South Africa,2 Mile reef,-27.52867,32.68347,Drift; Reef; Ocean,https://www.padi.com/dive-site/south-africa/2-mile-reef/,-27.52867156555805,32.68346786499024,0.0,PADI_coordinate_water
7393,South Africa,9 Mile Reef,-27.42896,32.72904,Drift; Reef,https://www.padi.com/dive-site/south-africa/9-mile-reef/,-27.428956564824777,32.729043960571296,0.0,PADI_coordinate_water
7394,South Africa,Simon's Cave,-27.51634,32.68609,Cave; Pinnacle; Reef; Sandy bottom; Ocean,https://www.padi.com/dive-site/south-africa/simons-cave/,-27.516340582937925,32.68608570098878,0.0,PADI_coordinate_water
7395,South Africa,Coral Gardens,-27.52197,32.68587,Drift; Reef; Sandy bottom; Ocean,https://www.padi.com/dive-site/south-africa/coral-gardens-4/,-27.52197342557221,32.685871124267585,0.0,PADI_coordinate_water
7398,South Africa,5 Mile Reef,-27.48467,32.70269,Drift; Reef; Sandy bottom; Ocean,https://www.padi.com/dive-site/south-africa/5-mile-reef/,-27.48466950468136,32.70269393920899,0.0,PADI_coordinate_water
7448,South Africa,Anton's,-27.53177,32.68215,Drift; Reef; Sandy bottom; Ocean,https://www.padi.com/dive-site/south-africa/antons/,-27.5317739053029,32.68215178046376,0.0,PADI_coordinate_water
10037,South Africa,Number one,-29.86452,31.09610,Reef; Ocean,https://www.padi.com/dive-site/south-africa/number-one/,-29.864523575438405,31.09610113901449,0.0,PADI_coordinate_water
12598,South Africa,Dolphin's Column,-34.06340,23.38088,Reef,https://www.padi.com/dive-site/south-africa/dolphins-column/,-34.063396762532626,23.380880056142097,0.0,PADI_coordinate_water
12599,South Africa,Deep Blinders,-34.06318,23.38161,Reef,https://www.padi.com/dive-site/south-africa/deep-blinders/,-34.06318345111781,23.38160949851092,0.0,PADI_coordinate_water
12600,South Africa,Redbait Reef,-34.06173,23.38037,Reef,https://www.padi.com/dive-site/south-africa/redbait-reef/,-34.06172580874591,23.38036569230577,0.0,PADI_coordinate_water
12601,South Africa,Shallow Blinders,-34.06190,23.38006,Reef,https://www.padi.com/dive-site/south-africa/shallow-blinders/,-34.061903571353106,23.380064797024,0.0,PADI_coordinate_water
12665,South Africa,Bikini on 2 mile,-27.53358,32.68132,Reef,https://www.padi.com/dive-site/south-africa/bikini/,-27.53358073853102,32.68132190251036,0.0,PADI_coordinate_water
12666,South Africa,Caves and Overhangs,-27.53476,32.68038,Reef,https://www.padi.com/dive-site/south-africa/caves-and-overhangs/,-27.534760429592502,32.68037999657104,0.0,PADI_coordinate_water
12667,South Africa,Chain Reef,-27.53118,32.68068,Reef,https://www.padi.com/dive-site/south-africa/chain-reef/,-27.53118326284306,32.680680132000305,0.0,PADI_coordinate_water
12668,South Africa,Coral Gardens,-27.53278,32.68054,Reef,https://www.padi.com/dive-site/south-africa/coral-gardens-12/,-27.53278158577896,32.68053606440589,0.0,PADI_coordinate_water
12669,South Africa,Four Bouy,-27.53293,32.68019,Reef,https://www.padi.com/dive-site/south-africa/four-bouy/,-27.53293380579877,32.68019279744284,0.0,PADI_coordinate_water
12670,South Africa,Pinnacles,-27.53400,32.67968,Reef,https://www.padi.com/dive-site/south-africa/pinnacles/,-27.533999340034505,32.67967789699828,0.0,PADI_coordinate_water
12671,South Africa,Simon's Cave,-27.53430,32.67985,Reef,https://www.padi.com/dive-site/south-africa/simons-cave-2/,-27.534303776490173,32.67984953047979,0.0,PADI_coordinate_water
12672,South Africa,Stringer,-27.53339,32.68088,Reef,https://www.padi.com/dive-site/south-africa/stringer/,-27.533390464593293,32.68087933136895,0.0,PADI_coordinate_water
12673,South Africa,Waynes world,-27.53293,32.68055,Reef,https://www.padi.com/dive-site/south-africa/waynes-world/,-27.53293380579877,32.680545102523304,0.0,PADI_coordinate_water
16896,South Africa,Quarter mile reef,-27.53708,32.67905,Reef,https://www.padi.com/dive-site/south-africa/quarter-mile-reef/,-27.53708172019101,32.679047577559835,0.0,PADI_coordinate_water
21288,South Africa,Rocky Bay,-34.19457,18.81706,Reef,https://www.padi.com/dive-site/south-africa/rocky-bay/,-34.193256865449136,18.81855010986328,200,minimum_nearest_shoreline_crossing
21289,South Africa,Lorry Bay,-34.18382,18.82090,Reef,https://www.padi.com/dive-site/south-africa/lorry-bay/,-34.182509377300896,18.822391033172607,200,minimum_nearest_shoreline_crossing
21708,South Africa,Protea Banks,-30.82118,30.48534,Drift; Reef; Sandy bottom; Cavern; Ocean,https://www.padi.com/dive-site/south-africa/protea-banks/,-30.821179194149984,30.485343933105472,0.0,PADI_coordinate_water
22496,South Africa,Atlantis Reef,-34.24622,18.48930,Pinnacle; Reef; Ocean,https://www.padi.com/dive-site/south-africa/atlantis-reef/,-34.24621991893907,18.489303827071847,0.0,PADI_coordinate_water
24524,South Africa,Sardine Run - Wild Coast South Africa,-31.69984,29.48354,Ocean,https://www.padi.com/dive-site/south-africa/sardine-run-wild-coast-south-africa/,-31.69983745112085,29.4835377449705,0.0,PADI_coordinate_water
6164,South Korea,Tiger Island,33.21866,126.51662,Cave; Reef; Wall,https://www.padi.com/dive-site/south-korea/tiger-island/,33.21865629601743,126.51662349700928,0.0,PADI_coordinate_water
6182,South Korea,섶섬 작은한개창,33.23205,126.59859,Wall,https://www.padi.com/dive-site/south-korea/-20/,33.23204685703203,126.5985918045044,0.0,PADI_coordinate_water
6887,South Korea,숲섬,33.22820,126.59837,Beach; Drift; Reef; Sandy bottom; Wall,https://www.padi.com/dive-site/south-korea/-19/,33.229893017740245,126.59910678863528,200,minimum_nearest_shoreline_crossing
8134,South Korea,구룡포 리조트,36.00229,129.57351,Beach; Drift; Reef; Sandy bottom,https://www.padi.com/dive-site/south-korea/-30/,36.00217380974967,129.57129478454593,200,minimum_nearest_shoreline_crossing
8135,South Korea,금강산,38.30302,128.57156,Wall,https://www.padi.com/dive-site/south-korea/-29/,38.30302150426262,128.57156038284305,0.0,PADI_coordinate_water
8651,South Korea,남애 하우스 리프,37.94528,128.79251,Sandy bottom; Ocean,https://www.padi.com/dive-site/south-korea/-35/,37.94528048379506,128.79251003265384,0.0,PADI_coordinate_water
8725,South Korea,팔각어초,37.94755,128.80217,Sandy bottom,https://www.padi.com/dive-site/south-korea/-37/,37.94754792784192,128.80216598510745,0.0,PADI_coordinate_water
8726,South Korea,남애비치,37.94110,128.78962,Beach; Sandy bottom,https://www.padi.com/dive-site/south-korea/-36/,37.93942541662378,128.7887763977051,200,minimum_nearest_shoreline_crossing
9249,South Korea,태종대 감지해변,35.05973,129.07842,Beach; Reef; Sandy bottom,https://www.padi.com/dive-site/south-korea/-42/,35.06084460636465,129.07669544219974,200,minimum_nearest_shoreline_crossing
9843,South Korea,섶섬,33.23194,126.59988,Drift; Wall,https://www.padi.com/dive-site/south-korea/-44/,33.23193916632726,126.59987926483156,0.0,PADI_coordinate_water
10865,South Korea,lobster crack,33.45497,126.94372,Cavern,https://www.padi.com/dive-site/south-korea/lobster-crack/,33.45496847839538,126.94371700286868,0.0,PADI_coordinate_water
10887,South Korea,태종대 감지해변,35.05728,129.09727,Beach; Sandy bottom,https://www.padi.com/dive-site/south-korea/-86/,35.05838718706808,129.09553527832034,200,minimum_nearest_shoreline_crossing
10888,South Korea,포항 청진 인공어초 포인트(십자어초/사각어초),36.17260,129.40151,Beach; Drift; Pinnacle; Sandy bottom; Ocean,https://www.padi.com/dive-site/south-korea/-87/,36.17224835899679,129.39933300018313,200,minimum_nearest_shoreline_crossing
11285,South Korea,Oedolgae,33.23510,126.54688,Pinnacle; Reef,https://www.padi.com/dive-site/south-korea/oedolgae/,33.23509803855682,126.54687881469728,0.0,PADI_coordinate_water
79,Spain,Balky Point,37.62896,-0.69976,Beach; Reef,https://www.padi.com/dive-site/spain/balky-point/,37.63032624785593,-0.701225996017456,200,minimum_nearest_shoreline_crossing
87,Spain,Mar Menuda,41.71774,2.94398,Beach,https://www.padi.com/dive-site/spain/mar-menuda/,41.72213859292662,2.939497232437134,615,minimum_nearest_shoreline_crossing
90,Spain,Bahia Lila,27.77637,-15.70775,Cave; Wall,https://www.padi.com/dive-site/spain/bahia-lila/,27.776367171837546,-15.707745550753316,0.0,PADI_coordinate_water
110,Spain,Playa de los frailes,43.39218,-1.78996,Reef; Wall,https://www.padi.com/dive-site/spain/playa-de-los-frailes/,43.39218494831445,-1.7899560928344729,0.0,PADI_coordinate_water
111,Spain,Las Cuevas,43.38824,-1.81196,Cave; Channel,https://www.padi.com/dive-site/spain/las-cuevas/,43.38824378752414,-1.8119609355926516,0.0,PADI_coordinate_water
333,Spain,Cathedral,28.91646,-13.66931,Reef,https://www.padi.com/dive-site/spain/cathedral/,28.917903084812377,-13.668075799942017,200,minimum_nearest_shoreline_crossing
340,Spain,Bajo de Dentro,37.64611,-0.66556,Reef; Wall,https://www.padi.com/dive-site/spain/bajo-de-dentro/,37.64611111111111,-0.6655555555555556,0.0,PADI_coordinate_water
349,Spain,Piles 1,37.63972,-0.67889,Reef; Wall,https://www.padi.com/dive-site/spain/piles-1/,37.63972222222222,-0.6788888888888889,0.0,PADI_coordinate_water
354,Spain,Flamingo,28.85550,-13.84419,Reef,https://www.padi.com/dive-site/spain/flamingo/,28.85692758296155,-13.842945098876951,200,minimum_nearest_shoreline_crossing
370,Spain,Playa Chica Bay,28.90840,-13.66718,Beach,https://www.padi.com/dive-site/spain/playa-chica-bay/,28.91861211004349,-13.668660521507263,1146,minimum_nearest_shoreline_crossing
371,Spain,Harbour Wall,28.91774,-13.67108,Reef,https://www.padi.com/dive-site/spain/harbour-wall/,28.919175570346635,-13.669846057891844,200,minimum_nearest_shoreline_crossing
373,Spain,Marine NP El Toro,39.46800,2.47330,Cave; Drift; Wall; Channel,https://www.padi.com/dive-site/spain/marine-np-el-toro/,39.46800484919317,2.473297119140625,0.0,PADI_coordinate_water
377,Spain,Punta Martin,39.46552,2.50098,Drift; Wall,https://www.padi.com/dive-site/spain/punta-martin/,39.46588451142044,2.4987030029296875,200,minimum_nearest_shoreline_crossing
378,Spain,Punta Cautius,39.46340,2.50922,Drift; Wall,https://www.padi.com/dive-site/spain/punta-cautius/,39.4637641090409,2.506942749023437,200,minimum_nearest_shoreline_crossing
381,Spain,Illetes,39.53442,2.59094,Drift,https://www.padi.com/dive-site/spain/illetes/,39.53476241309834,2.588653564453125,200,minimum_nearest_shoreline_crossing
382,Spain,Punta Mula,39.46244,2.52514,Wall,https://www.padi.com/dive-site/spain/punta-mula/,39.46243882474595,2.5251388549804688,0.0,PADI_coordinate_water
383,Spain,Carlotta,39.45730,2.51952,Drift; Wall,https://www.padi.com/dive-site/spain/carlotta/,39.45766759232811,2.517242431640625,200,minimum_nearest_shoreline_crossing
384,Spain,Portalls Vells,39.47427,2.52673,Beach; Drift,https://www.padi.com/dive-site/spain/portalls-vells/,39.47463048831165,2.524452209472656,200,minimum_nearest_shoreline_crossing
446,Spain,Palm-Mar Roncadores,28.02233,-16.70839,Reef,https://www.padi.com/dive-site/spain/palm-mar-roncadores/,28.0223333,-16.7083889,0.0,PADI_coordinate_water
733,Spain,Cuevas del cabo de salou,41.05569,1.18304,Cave; Beach; Wall,https://www.padi.com/dive-site/spain/cuevas-del-cabo-de-salou/,41.0554080881404,1.1806869506835938,200,minimum_nearest_shoreline_crossing
753,Spain,Torbogen,39.39032,3.25116,Wall,https://www.padi.com/dive-site/spain/torbogen/,39.39032192033408,3.251159191131592,0.0,PADI_coordinate_water
770,Spain,Punta Santa Anna,41.66800,2.80659,Beach,https://www.padi.com/dive-site/spain/punta-santa-anna/,41.67371320781778,2.8018999099731445,746,minimum_nearest_shoreline_crossing
822,Spain,Agua Dolç,42.35068,3.22911,Channel,https://www.padi.com/dive-site/spain/agua-dolc/,42.35006038632218,3.226826190948486,200,minimum_nearest_shoreline_crossing
823,Spain,El Boc i la Cabra,42.35001,3.23502,Cave; Wall; Channel,https://www.padi.com/dive-site/spain/el-boc-i-la-cabra/,42.35001281189061,3.235023021697998,0.0,PADI_coordinate_water
824,Spain,Cap gros,42.34779,3.23865,Cave; Reef,https://www.padi.com/dive-site/spain/cap-gros/,42.347792631702646,3.238649368286133,0.0,PADI_coordinate_water
826,Spain,Figarola,42.34227,3.24065,Reef,https://www.padi.com/dive-site/spain/figarola/,42.341655011346255,3.238370418548584,200,minimum_nearest_shoreline_crossing
828,Spain,El Brasco,42.33599,3.25642,Cave; Channel,https://www.padi.com/dive-site/spain/el-brasco/,42.33599264419933,3.256416320800781,0.0,PADI_coordinate_water
829,Spain,Punta de los Farallons,42.34107,3.25994,Reef; Wall; Channel,https://www.padi.com/dive-site/spain/punta-de-los-farallons/,42.34106817905165,3.2599353790283203,0.0,PADI_coordinate_water
830,Spain,Bajo del Moli,42.34164,3.26650,Reef; Wall,https://www.padi.com/dive-site/spain/bajo-del-moli/,42.34163915108597,3.2665014266967773,0.0,PADI_coordinate_water
831,Spain,Cala Sardina,42.33878,3.27135,Channel,https://www.padi.com/dive-site/spain/cala-sardina/,42.33878423906496,3.271350860595703,0.0,PADI_coordinate_water
832,Spain,Les 3 Frères,42.33733,3.27860,Wall; Channel,https://www.padi.com/dive-site/spain/les-3-freres/,42.33732501175293,3.2786035537719727,0.0,PADI_coordinate_water
833,Spain,Cala Guillosa,42.33542,3.27985,Wall,https://www.padi.com/dive-site/spain/cala-guillosa/,42.335421620892056,3.279848098754883,0.0,PADI_coordinate_water
835,Spain,Isla de Portalo,42.33384,3.28551,Wall,https://www.padi.com/dive-site/spain/isla-de-portalo/,42.33383541783409,3.285512924194336,0.0,PADI_coordinate_water
836,Spain,Islas Fullolas,42.33060,3.29744,Reef,https://www.padi.com/dive-site/spain/islas-fullolas/,42.33059943954435,3.297443389892578,0.0,PADI_coordinate_water
837,Spain,Bajo de Cullero,42.32943,3.30482,Wall,https://www.padi.com/dive-site/spain/bajo-de-cullero/,42.3294255631322,3.3048248291015625,0.0,PADI_coordinate_water
838,Spain,Bajo de la Torre,42.33158,3.29976,Reef; Wall,https://www.padi.com/dive-site/spain/bajo-de-la-torre/,42.33158294075293,3.2997608184814453,0.0,PADI_coordinate_water
840,Spain,Encalladora,42.32143,3.32439,Reef,https://www.padi.com/dive-site/spain/encalladora/,42.321429930269694,3.3243942260742188,0.0,PADI_coordinate_water
841,Spain,Massa d'or,42.32111,3.33040,Drift; Reef; Wall,https://www.padi.com/dive-site/spain/massa-dor/,42.32111262228869,3.330402374267578,0.0,PADI_coordinate_water
842,Spain,Popa del vaixell,42.31362,3.31581,Wall,https://www.padi.com/dive-site/spain/popa-del-vaixell/,42.31362368943786,3.3158111572265625,0.0,PADI_coordinate_water
843,Spain,Morro de Cala Bona,42.31007,3.30749,Wall,https://www.padi.com/dive-site/spain/morro-de-cala-bona/,42.310069307772,3.3074855804443355,0.0,PADI_coordinate_water
867,Spain,CUEVAS DE CANTARRIJÁN,36.73603,-3.77831,Cave,https://www.padi.com/dive-site/spain/cuevas-de-cantarrijan/,36.7378265918864,-3.77829909324646,200,minimum_nearest_shoreline_crossing
868,Spain,LA HUERTA,36.72927,-3.77118,Drift,https://www.padi.com/dive-site/spain/la-huerta/,36.73107265652747,-3.771169781684876,200,minimum_nearest_shoreline_crossing
869,Spain,TERRITORIO CONGRIO,36.72760,-3.76793,Drift; Wall,https://www.padi.com/dive-site/spain/territorio-congrio/,36.72940020265461,-3.767924308776856,200,minimum_nearest_shoreline_crossing
871,Spain,LOS MOLINOS,36.73032,-3.76320,Drift; Wall,https://www.padi.com/dive-site/spain/los-molinos/,36.73031597239811,-3.763203620910645,0.0,PADI_coordinate_water
872,Spain,CALAIZA,36.73156,-3.76218,Wall,https://www.padi.com/dive-site/spain/calaiza/,36.733364160136446,-3.762173652648926,200,minimum_nearest_shoreline_crossing
874,Spain,LOS PASADIZOS,36.73755,-3.78544,Wall,https://www.padi.com/dive-site/spain/los-pasadizos/,36.73934840235645,-3.785423040390015,200,minimum_nearest_shoreline_crossing
905,Spain,PUNTA DE LA MONA,36.71746,-3.72721,Wall,https://www.padi.com/dive-site/spain/punta-de-la-mona/,36.71925721497618,-3.7272191047668457,200,minimum_nearest_shoreline_crossing
906,Spain,ENSENADA DE MARINA,36.71825,-3.72825,Wall,https://www.padi.com/dive-site/spain/ensenada-de-marina/,36.72005270752084,-3.728259801864624,200,minimum_nearest_shoreline_crossing
907,Spain,ROQUEO DE LOS 14 / MARINA DEL ESTE RIGHT BAY,36.71950,-3.72828,Reef,https://www.padi.com/dive-site/spain/roqueo-de-los-14-marina-del-este-right-bay/,36.72129967925511,-3.728286623954773,200,minimum_nearest_shoreline_crossing
908,Spain,PIEDRA DE LA HIGUERA,36.71884,-3.72770,Reef,https://www.padi.com/dive-site/spain/piedra-de-la-higuera/,36.720641796690494,-3.727707266807556,200,minimum_nearest_shoreline_crossing
909,Spain,PUNTA DEL VAPOR / MARINA DEL ESTE LEFT SIDE,36.72111,-3.72660,Reef,https://www.padi.com/dive-site/spain/punta-del-vapor-marina-del-este-left-side/,36.722907812913135,-3.72661292552948,200,minimum_nearest_shoreline_crossing
911,Spain,LOS CANDELABROS,36.73013,-3.77372,Reef,https://www.padi.com/dive-site/spain/los-candelabros/,36.7319282165321,-3.773712515830993,200,minimum_nearest_shoreline_crossing
924,Spain,Shrimp Cave,28.91674,-13.67071,Reef,https://www.padi.com/dive-site/spain/shrimp-cave/,28.918184817272635,-13.66948127746582,200,minimum_nearest_shoreline_crossing
925,Spain,Las Coloradas,28.85317,-13.80003,Reef,https://www.padi.com/dive-site/spain/las-coloradas/,28.85316887077653,-13.80002975463867,0.0,PADI_coordinate_water
926,Spain,Waikiki,28.91655,-13.65504,Wall,https://www.padi.com/dive-site/spain/waikiki/,28.91798760463081,-13.653806447982788,200,minimum_nearest_shoreline_crossing
927,Spain,Richies Reef,28.91632,-13.65912,Reef,https://www.padi.com/dive-site/spain/richies-reef/,28.91776221829525,-13.657894134521484,200,minimum_nearest_shoreline_crossing
1047,Spain,Playa Seghers,36.41426,-5.16963,Beach,https://www.padi.com/dive-site/spain/playa-seghers/,36.41598578985636,-5.169024467468262,200,minimum_nearest_shoreline_crossing
1061,Spain,Playa Las Vistas,28.04621,-16.72286,Beach,https://www.padi.com/dive-site/spain/playa-las-vistas/,28.04940940304283,-16.721797585487366,372,minimum_nearest_shoreline_crossing
1062,Spain,Montaña Guaza,28.03227,-16.70928,Wall,https://www.padi.com/dive-site/spain/montana-guaza/,28.03226977583884,-16.709282398223877,0.0,PADI_coordinate_water
1109,Spain,Playa Grande,28.91738,-13.66611,Beach; Reef,https://www.padi.com/dive-site/spain/playa-grande/,28.918818712510088,-13.664878606796265,200,minimum_nearest_shoreline_crossing
1110,Spain,Veril de Fariones,28.91637,-13.66705,Beach; Reef; Wall,https://www.padi.com/dive-site/spain/veril-de-fariones/,28.91780917382222,-13.665817379951475,200,minimum_nearest_shoreline_crossing
1111,Spain,Los Arcos,28.91589,-13.66507,Reef; Wall,https://www.padi.com/dive-site/spain/los-arcos-2/,28.917330226449703,-13.663843274116514,200,minimum_nearest_shoreline_crossing
1112,Spain,La Pared,28.91568,-13.66201,Wall,https://www.padi.com/dive-site/spain/la-pared/,28.917123621017964,-13.660780191421509,200,minimum_nearest_shoreline_crossing
1182,Spain,Red Coral (Playa Chica Wall),28.91668,-13.67041,Wall,https://www.padi.com/dive-site/spain/red-coral-playa-chica-wall/,28.91811907976704,-13.669180870056152,200,minimum_nearest_shoreline_crossing
1184,Spain,Mala (Charco del Palo),29.08197,-13.45067,Reef,https://www.padi.com/dive-site/spain/mala-charco-del-palo/,29.08340609628061,-13.449443578720093,200,minimum_nearest_shoreline_crossing
1185,Spain,The Elevator (Skulls Cave),29.07491,-13.45416,Cave,https://www.padi.com/dive-site/spain/the-elevator-skulls-cave/,29.076350362206444,-13.452930450439451,200,minimum_nearest_shoreline_crossing
1207,Spain,El Cabrón - The Table Top,27.87401,-15.38208,Cave; Reef; Wall,https://www.padi.com/dive-site/spain/el-cabron-the-table-top/,27.87401149071257,-15.38208246231079,0.0,PADI_coordinate_water
1208,Spain,Playa del Cabrón,27.87039,-15.38687,Beach; Reef,https://www.padi.com/dive-site/spain/playa-del-cabron-2/,27.87178271539325,-15.385580062866213,200,minimum_nearest_shoreline_crossing
1211,Spain,Hole in the Wall and Punta de la Monja,27.87075,-15.38361,Cave; Beach; Drift; Reef; Wall; Channel,https://www.padi.com/dive-site/spain/hole-in-the-wall-and-punta-de-la-monja/,27.87214311621217,-15.382318496704102,200,minimum_nearest_shoreline_crossing
1274,Spain,La Morra,37.63917,-0.68083,Reef,https://www.padi.com/dive-site/spain/la-morra/,37.63916666666667,-0.6808333333333333,0.0,PADI_coordinate_water
1275,Spain,Testa,37.63944,-0.68417,Reef,https://www.padi.com/dive-site/spain/testa/,37.63944444444444,-0.6841666666666667,0.0,PADI_coordinate_water
1280,Spain,Sunset Beach,36.58042,-4.53291,Beach; Reef; Wall,https://www.padi.com/dive-site/spain/sunset-beach-2/,36.58218506509812,-4.5325469970703125,200,minimum_nearest_shoreline_crossing
1281,Spain,La Herradura Beach,36.72587,-3.73595,Beach; Reef; Wall,https://www.padi.com/dive-site/spain/la-herradura-beach/,36.7276718187326,-3.735963106155396,200,minimum_nearest_shoreline_crossing
1283,Spain,The 3 Peaks,36.72471,-3.73743,Drift; Reef; Wall,https://www.padi.com/dive-site/spain/the-3-peaks/,36.72470509892068,-3.7374329566955566,0.0,PADI_coordinate_water
1285,Spain,Fraggle Rock,36.71900,-3.72745,Drift; Reef,https://www.padi.com/dive-site/spain/fraggle-rock/,36.72080089299066,-3.727455139160156,200,minimum_nearest_shoreline_crossing
1491,Spain,Punta Maravilla,28.00368,-16.64897,Reef,https://www.padi.com/dive-site/spain/punta-maravilla/,28.005011199909013,-16.647602319717407,200,minimum_nearest_shoreline_crossing
1575,Spain,Islas Cíes,42.21652,-8.90413,Beach,https://www.padi.com/dive-site/spain/islas-cies/,42.21577327955592,-8.901929855346678,200,minimum_nearest_shoreline_crossing
1579,Spain,Playa de las Vistas,28.04640,-16.72347,Beach,https://www.padi.com/dive-site/spain/playa-de-las-vistas/,28.049674524996117,-16.722350120544434,381,minimum_nearest_shoreline_crossing
1584,Spain,Roncadores del Palm-mar,28.02150,-16.70915,Drift; Wall,https://www.padi.com/dive-site/spain/roncadores-del-palm-mar/,28.02150166341256,-16.709153652191162,0.0,PADI_coordinate_water
1595,Spain,Cueva del Zorro,28.00152,-16.69830,Cave; Drift; Wall,https://www.padi.com/dive-site/spain/cueva-del-zorro/,28.001515768789226,-16.698296070098873,0.0,PADI_coordinate_water
1600,Spain,NALÓN,37.55070,-1.23510,Drift,https://www.padi.com/dive-site/spain/nalon/,37.55070187442934,-1.2351036071777344,0.0,PADI_coordinate_water
1604,Spain,FREO,37.54621,-1.25759,Drift,https://www.padi.com/dive-site/spain/freo/,37.5462105843452,-1.2575912475585938,0.0,PADI_coordinate_water
1607,Spain,BATEAS,42.34281,-8.78494,Drift,https://www.padi.com/dive-site/spain/bateas/,42.34281279954019,-8.784942626953125,0.0,PADI_coordinate_water
1608,Spain,LA ISLA DE PACO,37.55628,-1.27029,Wall,https://www.padi.com/dive-site/spain/la-isla-de-paco/,37.55628158512072,-1.270294189453125,0.0,PADI_coordinate_water
1617,Spain,Canons de Tamariu,41.92115,3.22680,Reef; Wall,https://www.padi.com/dive-site/spain/canons-de-tamariu/,41.92115152754027,3.2268047332763667,0.0,PADI_coordinate_water
1688,Spain,EL CORRALÓN,37.54148,-1.16386,Wall,https://www.padi.com/dive-site/spain/el-corralon/,37.541480827265765,-1.1638641357421875,0.0,PADI_coordinate_water
1689,Spain,LA GARITA,37.53964,-1.15922,Wall,https://www.padi.com/dive-site/spain/la-garita/,37.54110651713013,-1.1605167388916016,200,minimum_nearest_shoreline_crossing
1690,Spain,TAJO COLORAO,37.53855,-1.14322,Wall,https://www.padi.com/dive-site/spain/tajo-colorao/,37.54001760423249,-1.1445307731628418,200,minimum_nearest_shoreline_crossing
1691,Spain,CALA CERRADA,37.53896,-1.15278,Wall,https://www.padi.com/dive-site/spain/cala-cerrada/,37.540425948432734,-1.1540794372558594,200,minimum_nearest_shoreline_crossing
1692,Spain,CALA ABIERTA,37.53998,-1.14685,Wall,https://www.padi.com/dive-site/spain/cala-abierta/,37.54144679914927,-1.1481571197509766,200,minimum_nearest_shoreline_crossing
1693,Spain,EL MUELLECICO,37.53748,-1.13983,Wall,https://www.padi.com/dive-site/spain/el-muellecico/,37.538954197382594,-1.1411404609680176,200,minimum_nearest_shoreline_crossing
1694,Spain,PUNTA DE LAS ANIMAS,37.54066,-1.15807,Wall,https://www.padi.com/dive-site/spain/punta-de-las-animas/,37.54066414818345,-1.1580705642700195,0.0,PADI_coordinate_water
1695,Spain,EL ARCO,37.53648,-1.13102,Wall,https://www.padi.com/dive-site/spain/el-arco/,37.53795032740039,-1.1323320865631104,200,minimum_nearest_shoreline_crossing
1696,Spain,"CUEVAS, CT 12 ,CT 17 ,CT 11",37.53664,-1.13064,Wall,https://www.padi.com/dive-site/spain/cuevas-ct-12-ct-17-ct-11/,37.53811196839516,-1.1319458484649658,200,minimum_nearest_shoreline_crossing
1703,Spain,PUNTA SEAME,42.38752,-8.82606,Wall,https://www.padi.com/dive-site/spain/punta-seame/,42.38752199571583,-8.826055526733398,0.0,PADI_coordinate_water
1704,Spain,La gruta,42.38644,-8.84295,Channel,https://www.padi.com/dive-site/spain/la-gruta/,42.38562012491261,-8.840775489807129,200,minimum_nearest_shoreline_crossing
1705,Spain,Cabo Udra,42.33761,-8.83919,Wall,https://www.padi.com/dive-site/spain/cabo-udra/,42.33761051541322,-8.839187622070312,0.0,PADI_coordinate_water
1706,Spain,Bajo Zacarías,42.41465,-8.93369,Wall,https://www.padi.com/dive-site/spain/bajo-zacarias/,42.414649077488,-8.933687210083008,0.0,PADI_coordinate_water
1707,Spain,El Elmo,42.38353,-8.83850,Wall,https://www.padi.com/dive-site/spain/el-elmo/,42.38352800047944,-8.8385009765625,0.0,PADI_coordinate_water
1708,Spain,Faro Mourisca,42.34700,-8.81962,Wall,https://www.padi.com/dive-site/spain/faro-mourisca/,42.34699969120303,-8.819618225097656,0.0,PADI_coordinate_water
1746,Spain,Playa de Jablillo,28.98831,-13.48524,Beach,https://www.padi.com/dive-site/spain/playa-de-jablillo/,28.99296707993551,-13.488829135894775,625,minimum_nearest_shoreline_crossing
1753,Spain,Marina de Arrecife,28.95003,-13.55126,Reef; Wall,https://www.padi.com/dive-site/spain/marina-de-arrecife/,28.951470813318508,-13.550026416778564,200,minimum_nearest_shoreline_crossing
1837,Spain,Punta Malgrats,39.49546,2.44756,Wall,https://www.padi.com/dive-site/spain/punta-malgrats/,39.495455731404505,2.447558641433716,0.0,PADI_coordinate_water
1838,Spain,El Toro,39.46229,2.47222,Cave; Reef; Wall; Channel,https://www.padi.com/dive-site/spain/el-toro-2/,39.46228972868353,2.472224235534668,0.0,PADI_coordinate_water
1839,Spain,Piscina Malgrats,39.50074,2.45366,Reef,https://www.padi.com/dive-site/spain/piscina-malgrats/,39.50073764430315,2.4536633491516118,0.0,PADI_coordinate_water
1840,Spain,La Mola,39.53086,2.36687,Reef,https://www.padi.com/dive-site/spain/la-mola/,39.53085674317472,2.3668670654296875,0.0,PADI_coordinate_water
2008,Spain,Tascó Gros,42.04215,3.22704,Wall,https://www.padi.com/dive-site/spain/tasco-gros/,42.042153895364,3.2270407676696777,0.0,PADI_coordinate_water
2020,Spain,Reina,42.04634,3.22472,Wall,https://www.padi.com/dive-site/spain/reina/,42.04633685008644,3.2247233390808105,0.0,PADI_coordinate_water
2024,Spain,Salpatxot,42.04972,3.22087,Wall,https://www.padi.com/dive-site/spain/salpatxot/,42.0497228498208,3.220871686935425,0.0,PADI_coordinate_water
2027,Spain,Sant Istiu,42.04295,3.22570,Wall,https://www.padi.com/dive-site/spain/sant-istiu/,42.04295066987666,3.2256996631622314,0.0,PADI_coordinate_water
2028,Spain,Salinas,42.06105,3.21148,Wall,https://www.padi.com/dive-site/spain/salinas/,42.06105069442097,3.2114839553833003,0.0,PADI_coordinate_water
2047,Spain,Roca Muladera,41.70715,2.91424,Reef; Wall,https://www.padi.com/dive-site/spain/roca-muladera/,41.707154251844734,2.914241552352905,0.0,PADI_coordinate_water
2055,Spain,Punta Galera,39.11660,1.51354,Wall,https://www.padi.com/dive-site/spain/punta-galera-3/,39.11660143586752,1.5135383605957031,0.0,PADI_coordinate_water
2056,Spain,Sa Aigua Blanca,39.11518,1.52578,Reef,https://www.padi.com/dive-site/spain/sa-aigua-blanca/,39.11574404693392,1.523580551147461,200,minimum_nearest_shoreline_crossing
2057,Spain,Punta Jaime,39.11442,1.51220,Wall,https://www.padi.com/dive-site/spain/punta-jaime/,39.11497821498774,1.5099978446960447,200,minimum_nearest_shoreline_crossing
2058,Spain,Agujeros Azules,39.10983,1.49234,Cave,https://www.padi.com/dive-site/spain/agujeros-azules/,39.10983360638922,1.4923381805419922,0.0,PADI_coordinate_water
2059,Spain,Punta Xarraca,39.11085,1.48803,Wall,https://www.padi.com/dive-site/spain/punta-xarraca/,39.110849238486544,1.488025188446045,0.0,PADI_coordinate_water
2069,Spain,Isla Murada,39.09307,1.43153,Cave; Wall,https://www.padi.com/dive-site/spain/isla-murada/,39.09306523687491,1.4315271377563477,0.0,PADI_coordinate_water
2070,Spain,Cueva de la Luz,39.07218,1.38209,Cave,https://www.padi.com/dive-site/spain/cueva-de-la-luz/,39.072178295636704,1.3820886611938474,0.0,PADI_coordinate_water
2072,Spain,Cuevas de Ses Caletes,39.09761,1.56964,Cave,https://www.padi.com/dive-site/spain/cuevas-de-ses-caletes/,39.09761157421241,1.5696394443511963,0.0,PADI_coordinate_water
2073,Spain,Bajo de Ses Caletes,39.10105,1.55490,Reef,https://www.padi.com/dive-site/spain/bajo-de-ses-caletes/,39.101608112171455,1.5526986122131348,200,minimum_nearest_shoreline_crossing
2074,Spain,Las Anclas,39.11265,1.54562,Wall,https://www.padi.com/dive-site/spain/las-anclas/,39.1132051156044,1.5434181690216064,200,minimum_nearest_shoreline_crossing
2075,Spain,Montañas Rusas,39.09983,1.45758,Reef,https://www.padi.com/dive-site/spain/montanas-rusas/,39.09982635031737,1.4575767517089844,0.0,PADI_coordinate_water
2076,Spain,Islas Hormigas,39.10073,1.58954,Cave; Wall,https://www.padi.com/dive-site/spain/islas-hormigas/,39.10072556286271,1.589541435241699,0.0,PADI_coordinate_water
2077,Spain,Portitxol,39.07714,1.40578,Wall,https://www.padi.com/dive-site/spain/portitxol/,39.07772543092478,1.4035892486572266,200,minimum_nearest_shoreline_crossing
2121,Spain,La Bota,38.87593,1.19039,Wall,https://www.padi.com/dive-site/spain/la-bota/,38.87593316088266,1.190385818481445,0.0,PADI_coordinate_water
2122,Spain,La aguja de Bestorre,38.86503,1.18999,Cave; Wall,https://www.padi.com/dive-site/spain/la-aguja-de-bestorre/,38.8650323485478,1.1899888515472412,0.0,PADI_coordinate_water
2123,Spain,Cañones de Vedranell,38.86831,1.20672,Wall; Channel,https://www.padi.com/dive-site/spain/canones-de-vedranell/,38.86830694445929,1.206715106964111,0.0,PADI_coordinate_water
2124,Spain,la caseta,43.38849,-1.81167,Wall,https://www.padi.com/dive-site/spain/la-caseta/,43.3884893866334,-1.811671257019043,0.0,PADI_coordinate_water
2125,Spain,Escalón de Espartà,38.95668,1.19926,Wall,https://www.padi.com/dive-site/spain/escalon-de-esparta/,38.95668069244375,1.19925856590271,0.0,PADI_coordinate_water
2126,Spain,Las Gorgonias,38.96902,1.16561,Wall,https://www.padi.com/dive-site/spain/las-gorgonias/,38.96901887678791,1.1656129360198972,0.0,PADI_coordinate_water
2127,Spain,abades bay,28.14151,-16.44138,Beach; Reef,https://www.padi.com/dive-site/spain/abades-bay-2/,28.14284328774692,-16.44001007080078,200,minimum_nearest_shoreline_crossing
2150,Spain,Sa Foradada,39.75458,2.62238,Reef,https://www.padi.com/dive-site/spain/sa-foradada/,39.75484472209397,2.620067596435547,200,minimum_nearest_shoreline_crossing
2151,Spain,SA COVA DES PINTOR,39.78572,2.66667,Cave; Reef,https://www.padi.com/dive-site/spain/sa-cova-des-pintor/,39.78571905170522,2.6666736602783203,0.0,PADI_coordinate_water
2152,Spain,MARGARITA,41.84464,3.14308,Beach,https://www.padi.com/dive-site/spain/margarita/,41.84776202305861,3.1408560276031494,393,minimum_nearest_shoreline_crossing
2155,Spain,ILLES FORMIGUES,41.86202,3.18913,Wall,https://www.padi.com/dive-site/spain/illes-formigues/,41.862018386633096,3.189125061035156,0.0,PADI_coordinate_water
2236,Spain,ILLA DE SES ÀGUILES,40.01458,4.21281,Cave; Reef,https://www.padi.com/dive-site/spain/illa-de-ses-aguiles/,40.01457528749469,4.212806224822998,0.0,PADI_coordinate_water
2237,Spain,COVES DE ADDAIA,40.01999,4.21319,Cave; Reef; Wall,https://www.padi.com/dive-site/spain/coves-de-addaia/,40.02012154428829,4.210853576660156,200,minimum_nearest_shoreline_crossing
2238,Spain,PARED DE LA ILLA PETITA,40.01838,4.21175,Cave; Reef,https://www.padi.com/dive-site/spain/pared-de-la-illa-petita/,40.01837965737674,4.21175479888916,0.0,PADI_coordinate_water
2241,Spain,PUNTA GROSSA,40.02163,4.20079,Reef; Wall,https://www.padi.com/dive-site/spain/punta-grossa/,40.02176479306557,4.198451042175293,200,minimum_nearest_shoreline_crossing
2242,Spain,EL CORMORÁN,40.03560,4.18781,Reef,https://www.padi.com/dive-site/spain/el-cormoran/,40.0355993782536,4.187808036804199,0.0,PADI_coordinate_water
2243,Spain,LA CUEVA GRANDE,40.02977,4.19802,Cave,https://www.padi.com/dive-site/spain/la-cueva-grande/,40.02989829171239,4.195683002471924,200,minimum_nearest_shoreline_crossing
2244,Spain,LA CHIMENEA,40.03024,4.19781,Cave; Reef,https://www.padi.com/dive-site/spain/la-chimenea/,40.03036655453518,4.195468425750732,200,minimum_nearest_shoreline_crossing
2333,Spain,La Catedral,37.27525,-1.71910,Cave; Wall,https://www.padi.com/dive-site/spain/la-catedral-3/,37.27524804321179,-1.7191028594970703,0.0,PADI_coordinate_water
2334,Spain,La Losa del Payo,37.28515,-1.71430,Reef; Wall,https://www.padi.com/dive-site/spain/la-losa-del-payo/,37.28515067423309,-1.7142963409423828,0.0,PADI_coordinate_water
2335,Spain,El Ala de la Avioneta,36.99138,-1.88308,Reef; Wall,https://www.padi.com/dive-site/spain/el-ala-de-la-avioneta/,36.99137899432711,-1.883082389831543,0.0,PADI_coordinate_water
2336,Spain,La piedra de Blas,36.91854,-1.92965,Reef,https://www.padi.com/dive-site/spain/la-piedra-de-blas/,36.91853852672152,-1.929645538330078,0.0,PADI_coordinate_water
2337,Spain,El Acuario II,36.99230,-1.88278,Reef; Wall,https://www.padi.com/dive-site/spain/el-acuario-ii/,36.992304483991255,-1.882781982421875,0.0,PADI_coordinate_water
2338,Spain,El Arco de San Andrés,36.99124,-1.88652,Wall,https://www.padi.com/dive-site/spain/el-arco-de-san-andres/,36.99124188378944,-1.8865156173706048,0.0,PADI_coordinate_water
2349,Spain,Arrecife Barrera de Posidonia playa de Aguadulce,36.81184,-2.56557,Reef,https://www.padi.com/dive-site/spain/arrecife-barrera-de-posidonia-playa-de-aguadulce/,36.81184444173013,-2.5655651092529297,0.0,PADI_coordinate_water
2350,Spain,Arrecife Artificial,36.80545,-2.55591,Reef,https://www.padi.com/dive-site/spain/arrecife-artificial/,36.80545352239024,-2.5559091567993164,0.0,PADI_coordinate_water
2351,Spain,Lajas de Cerrillos,36.67606,-2.66985,Reef,https://www.padi.com/dive-site/spain/lajas-de-cerrillos/,36.67606035875716,-2.669849395751953,0.0,PADI_coordinate_water
2352,Spain,El Dies,36.81717,-2.54782,Reef,https://www.padi.com/dive-site/spain/el-dies/,36.81716980033448,-2.5478196144104,0.0,PADI_coordinate_water
2353,Spain,La Convergencia- Roca Madre,36.81781,-2.54342,Reef,https://www.padi.com/dive-site/spain/la-convergencia-roca-madre/,36.81780538290354,-2.543420791625976,0.0,PADI_coordinate_water
2354,Spain,Los Túneles,36.82457,-2.51720,Reef,https://www.padi.com/dive-site/spain/los-tuneles/,36.824573151024026,-2.5171995162963867,0.0,PADI_coordinate_water
2355,Spain,Bello Rincón,36.82506,-2.51022,Reef,https://www.padi.com/dive-site/spain/bello-rincon/,36.82506267449065,-2.5102150440216064,0.0,PADI_coordinate_water
2373,Spain,El Pináculo,36.82440,-2.50836,Reef,https://www.padi.com/dive-site/spain/el-pinaculo/,36.82440138766196,-2.5083589553833003,0.0,PADI_coordinate_water
2374,Spain,Las Gorgonias,36.82416,-2.50656,Reef,https://www.padi.com/dive-site/spain/las-gorgonias-2/,36.82416091830736,-2.506556510925293,0.0,PADI_coordinate_water
2408,Spain,Montaña Roja,28.85746,-13.85555,Reef,https://www.padi.com/dive-site/spain/montana-roja/,28.85889,-13.854307,200,minimum_nearest_shoreline_crossing
2512,Spain,Mountain of Fishes,28.42869,-16.60609,Reef,https://www.padi.com/dive-site/spain/mountain-of-fishes/,28.428694254350244,-16.606092455622274,0.0,PADI_coordinate_water
2530,Spain,Harbor Puerto de la Cruz,28.42014,-16.54987,Reef,https://www.padi.com/dive-site/spain/harbor-puerto-de-la-cruz/,28.42013631911013,-16.5498733523782,0.0,PADI_coordinate_water
2534,Spain,Portillo,28.43330,-16.50756,Cave; Reef,https://www.padi.com/dive-site/spain/portillo/,28.43329845789845,-16.50755882525118,0.0,PADI_coordinate_water
2537,Spain,Labyrinth,28.42075,-16.56318,Cave; Reef; Wall,https://www.padi.com/dive-site/spain/labyrinth/,28.420749645036004,-16.56317710876465,0.0,PADI_coordinate_water
2970,Spain,La Bombilla,28.59131,-17.92095,Beach; Cavern,https://www.padi.com/dive-site/spain/la-bombilla/,28.592548209356018,-17.91947364807129,200,minimum_nearest_shoreline_crossing
2971,Spain,Puerto Naos,28.58174,-17.91489,Beach,https://www.padi.com/dive-site/spain/puerto-naos/,28.586274033551906,-17.91090130805969,638,minimum_nearest_shoreline_crossing
2977,Spain,Charco Verde,28.57124,-17.90683,Beach,https://www.padi.com/dive-site/spain/charco-verde/,28.572480835601624,-17.905354499816895,200,minimum_nearest_shoreline_crossing
2978,Spain,Malpique,28.45510,-17.84827,Beach,https://www.padi.com/dive-site/spain/malpique/,28.45635420045832,-17.84679651260376,200,minimum_nearest_shoreline_crossing
2979,Spain,El Faro,28.45446,-17.84619,Beach,https://www.padi.com/dive-site/spain/el-faro/,28.455712782954933,-17.844715118408203,200,minimum_nearest_shoreline_crossing
2980,Spain,Las Cabras,28.46057,-17.82372,Beach,https://www.padi.com/dive-site/spain/las-cabras/,28.46572977089449,-17.83104658126831,919,minimum_nearest_shoreline_crossing
2981,Spain,La Bajtia,28.61170,-17.73958,Beach,https://www.padi.com/dive-site/spain/la-bajtia/,28.61485335699994,-17.754217386245728,1473,minimum_nearest_shoreline_crossing
3023,Spain,Calimera,28.85881,-13.86204,Beach; Reef,https://www.padi.com/dive-site/spain/calimera/,28.860235137291365,-13.860797882080078,200,minimum_nearest_shoreline_crossing
3057,Spain,Cova de la Sal,42.10552,3.18199,Cave,https://www.padi.com/dive-site/spain/cova-de-la-sal/,42.10497277661064,3.1796836853027344,200,minimum_nearest_shoreline_crossing
3058,Spain,Trencabraços,42.11144,3.17745,Cave; Cavern,https://www.padi.com/dive-site/spain/trencabracos/,42.11143589637176,3.177452087402344,0.0,PADI_coordinate_water
3059,Spain,Port del Rei,42.10724,3.17680,Reef,https://www.padi.com/dive-site/spain/port-del-rei/,42.10669209447197,3.1744909286499023,200,minimum_nearest_shoreline_crossing
3060,Spain,Cala Viuda,42.10500,3.18277,Cave; Cavern,https://www.padi.com/dive-site/spain/cala-viuda/,42.10500461625404,3.18277359008789,0.0,PADI_coordinate_water
3061,Spain,Baix de Cols,42.10077,3.18689,Reef,https://www.padi.com/dive-site/spain/baix-de-cols/,42.10076980332238,3.1868934631347656,0.0,PADI_coordinate_water
3062,Spain,Correc Llarg,42.09701,3.18998,Reef; Channel,https://www.padi.com/dive-site/spain/correc-llarg/,42.097012364077706,3.189983367919922,0.0,PADI_coordinate_water
3063,Spain,La Catedral,42.09090,3.19376,Cave; Cavern,https://www.padi.com/dive-site/spain/la-catedral/,42.0908980887781,3.19375991821289,0.0,PADI_coordinate_water
3064,Spain,Puig de la Sardina,42.07344,3.20809,Reef,https://www.padi.com/dive-site/spain/puig-de-la-sardina/,42.07344368607959,3.208093643188477,0.0,PADI_coordinate_water
3065,Spain,Illa Ferriol,42.08587,3.19822,Reef,https://www.padi.com/dive-site/spain/illa-ferriol/,42.085866107624646,3.198223114013672,0.0,PADI_coordinate_water
3067,Spain,La Xinxa,42.11409,3.17530,Reef,https://www.padi.com/dive-site/spain/la-xinxa/,42.113537064298185,3.172988891601562,200,minimum_nearest_shoreline_crossing
3068,Spain,Punta del ferro,42.11635,3.17096,Cave; Reef; Cavern,https://www.padi.com/dive-site/spain/punta-del-ferro/,42.11579733384277,3.168654441833496,200,minimum_nearest_shoreline_crossing
3070,Spain,El Gat,42.23627,3.26448,Reef,https://www.padi.com/dive-site/spain/el-gat/,42.23627059792278,3.264484405517578,0.0,PADI_coordinate_water
3426,Spain,El Cabrón - Cueva Grande (the Big Cave),27.87275,-15.38239,Reef; Wall; Cavern; Ocean,https://www.padi.com/dive-site/spain/el-cabron-cueva-grande-the-big-cave/,27.87275,-15.382394,0.0,PADI_coordinate_water
3429,Spain,Tobogán,40.09208,4.07778,Reef; Wall; Ocean,https://www.padi.com/dive-site/spain/tobogan/,40.092083,4.077784,0.0,PADI_coordinate_water
3430,Spain,Punta d’es Morter,40.06793,4.13914,Wall; Ocean,https://www.padi.com/dive-site/spain/punta-des-morter/,40.067932,4.139142,0.0,PADI_coordinate_water
3431,Spain,Isla de Tirant,40.06379,4.13154,Ocean,https://www.padi.com/dive-site/spain/isla-de-tirant/,40.063794,4.131535,0.0,PADI_coordinate_water
3433,Spain,Es Pas,40.08976,4.08084,Archaeological; Ocean,https://www.padi.com/dive-site/spain/es-pas/,40.089761,4.080842,0.0,PADI_coordinate_water
3562,Spain,Llado sur,38.90225,1.50169,Reef; Wall,https://www.padi.com/dive-site/spain/llado-sur/,38.902255,1.501694,0.0,PADI_coordinate_water
3563,Spain,Llado norte,38.91054,1.50547,Reef,https://www.padi.com/dive-site/spain/llado-norte/,38.910537,1.50547,0.0,PADI_coordinate_water
3564,Spain,Bajo de la Esponja,38.87553,1.42994,Reef; Wall,https://www.padi.com/dive-site/spain/bajo-de-la-esponja/,38.875532,1.429939,0.0,PADI_coordinate_water
3567,Spain,LLOSA SANTA EULALIA – FARO,38.94112,1.55405,Reef; Wall,https://www.padi.com/dive-site/spain/llosa-santa-eulalia-faro/,38.941119,1.55405,0.0,PADI_coordinate_water
3579,Spain,Abanico Tortuga Diving,37.28013,-1.71550,Pinnacle; Wall,https://www.padi.com/dive-site/spain/abanico-tortuga-diving/,37.280131,-1.715498,0.0,PADI_coordinate_water
3583,Spain,Culebras,43.40542,-2.99961,Reef,https://www.padi.com/dive-site/spain/culebras/,43.405422,-2.999611,0.0,PADI_coordinate_water
3587,Spain,Playa El Morro Las Anclas,37.25501,-1.76082,Pinnacle,https://www.padi.com/dive-site/spain/tortuga-diving-vera-playa-el-morro-las-anclas/,37.255012,-1.760817,0.0,PADI_coordinate_water
3589,Spain,Playa Mellizas,37.31297,-1.65739,Pinnacle; Wall,https://www.padi.com/dive-site/spain/tortuga-diving-vera-playa-mellizas/,37.312974,-1.657391,0.0,PADI_coordinate_water
3602,Spain,El Cabrón - 'Los Roncadores',27.87289,-15.38115,Cave; Reef; Wall; Ocean,https://www.padi.com/dive-site/spain/el-cabron-los-roncadores/,27.872892,-15.381149,0.0,PADI_coordinate_water
3632,Spain,Playa EL CERRO,37.27228,-1.72228,Cave; Pinnacle; Wall,https://www.padi.com/dive-site/spain/tortuga-diving-vera-playa-el-cerro/,37.272277,-1.722279,0.0,PADI_coordinate_water
3633,Spain,Playa Piedra Delta Loza del payo,37.27228,-1.72279,Pinnacle; Wall,https://www.padi.com/dive-site/spain/tortuga-diving-vera-playa-piedra-delta-loza-del-payo/,37.272277,-1.722794,0.0,PADI_coordinate_water
3635,Spain,"Cabeza del Caballito Catedral \LA CATE\""""",37.30867,-1.67095,Pinnacle; Cavern,https://www.padi.com/dive-site/spain/tortuga-diving-vera-playa-cabeza-del-caballito-catedral-la-cate/,37.308673,-1.670952,0.0,PADI_coordinate_water
3645,Spain,Punta de la Sal,27.87558,-15.38043,Reef; Wall,https://www.padi.com/dive-site/spain/punta-de-la-monja/,27.875576,-15.38043,0.0,PADI_coordinate_water
4129,Spain,Cap Roig,40.08582,4.09906,Wall; Ocean,https://www.padi.com/dive-site/spain/cap-roig/,40.085821,4.099059,0.0,PADI_coordinate_water
4163,Spain,Playa Chica - Muellito,28.91791,-13.67043,Reef; Sandy bottom; Ocean,https://www.padi.com/dive-site/spain/playa-chica-muellito/,28.919349,-13.669202,200,minimum_nearest_shoreline_crossing
4206,Spain,Playa El Chaparral,36.50251,-4.66503,Sandy bottom,https://www.padi.com/dive-site/spain/playa-el-chaparral/,36.504281,-4.664619,200,minimum_nearest_shoreline_crossing
4464,Spain,Emisario,28.85512,-13.82487,Reef,https://www.padi.com/dive-site/spain/emisario/,28.856552,-13.823633,200,minimum_nearest_shoreline_crossing
4466,Spain,Museo Atlantico,28.85362,-13.80930,Ocean,https://www.padi.com/dive-site/spain/museo-atlantico/,28.85362,-13.809299,0.0,PADI_coordinate_water
4766,Spain,Punta del Bisbe,39.80155,4.28203,Reef; Cavern,https://www.padi.com/dive-site/spain/punta-del-bisbe/,39.801547,4.282029,0.0,PADI_coordinate_water
4768,Spain,Es Cargol,39.80953,4.25346,Reef,https://www.padi.com/dive-site/spain/es-cargol/,39.809525,4.253458,0.0,PADI_coordinate_water
5586,Spain,La Catedral,38.95047,1.52986,Cave,https://www.padi.com/dive-site/spain/la-catedral-4/,38.951091,1.52769,200,minimum_nearest_shoreline_crossing
5587,Spain,The Arches of Cala Olivera,38.92982,1.50345,Cave; Wall,https://www.padi.com/dive-site/spain/arcos-de-cala-olivera/,38.930446,1.501286,200,minimum_nearest_shoreline_crossing
5588,Spain,Bajo del Lladó north,38.91141,1.50328,Reef; Wall,https://www.padi.com/dive-site/spain/bajo-llado-norte/,38.911406,1.503282,0.0,PADI_coordinate_water
5590,Spain,Bajo de las Xelles,38.88554,1.43653,Reef; Wall,https://www.padi.com/dive-site/spain/bajo-xelles/,38.885538,1.436527,0.0,PADI_coordinate_water
5761,Spain,2ª Ensenada  Reserva Marina del Cabo de San Antonio,38.80381,0.19715,Wall; Cavern,https://www.padi.com/dive-site/spain/2a-ensenada-reserva-marina-del-cabo-de-san-antonio/,38.804659,0.195125,200,minimum_nearest_shoreline_crossing
5762,Spain,1ª Ensenada de la Reserva Marina del Cabo De San Antonio,38.80592,0.19421,Drift; Sandy bottom; Wall; Archaeological,https://www.padi.com/dive-site/spain/1a-ensenada-de-la-reserva-marina-del-cabo-de-san-antonio/,38.806774,0.192175,200,minimum_nearest_shoreline_crossing
5969,Spain,El Peñon de San Cristobal,36.72388,-3.69470,Beach; Reef; Wall; Ocean,https://www.padi.com/dive-site/spain/el-penon-de-san-cristobal/,36.725677,-3.694732,200,minimum_nearest_shoreline_crossing
6038,Spain,Veril Chico Jandia,28.04265,-14.33634,Reef; Sandy bottom; Wall; Ocean,https://www.padi.com/dive-site/spain/veril-chico-jandia/,28.042649,-14.336343,0.0,PADI_coordinate_water
6039,Spain,El Cañon,28.04903,-14.38351,Wall,https://www.padi.com/dive-site/spain/el-canon/,28.049031,-14.383507,0.0,PADI_coordinate_water
6165,Spain,El Jardín de San Andrés,36.99316,-1.88806,Reef; Sandy bottom; Channel,https://www.padi.com/dive-site/spain/el-jardin-de-san-andres/,36.99316140882409,-1.888060569763184,0.0,PADI_coordinate_water
6166,Spain,Playa Fosil,41.01823,0.98553,Reef,https://www.padi.com/dive-site/spain/playa-fosil/,41.01823105139013,0.9855253994464876,0.0,PADI_coordinate_water
6280,Spain,Trumpet Fish Cave,28.13987,-16.43724,Cave,https://www.padi.com/dive-site/spain/trumpet-fish-cave/,28.1411971632077,-16.43586874008179,200,minimum_nearest_shoreline_crossing
6281,Spain,Reserva Marina del Cavet,41.06398,1.08081,Beach; Reef; Sandy bottom,https://www.padi.com/dive-site/spain/reserva-marina-del-cavet/,41.06369119469641,1.0784604214131834,200,minimum_nearest_shoreline_crossing
6367,Spain,Abades Mountain,28.14051,-16.44131,Beach; Reef,https://www.padi.com/dive-site/spain/abades-mountain/,28.141841,-16.439943,200,minimum_nearest_shoreline_crossing
6383,Spain,Las Eras,28.19228,-16.42385,Cave; Beach; Reef; Wall,https://www.padi.com/dive-site/spain/las-eras/,28.19361001434588,-16.42247915267944,200,minimum_nearest_shoreline_crossing
6384,Spain,El Poris,28.16288,-16.42991,Beach; Wall,https://www.padi.com/dive-site/spain/el-poris/,28.16421222875693,-16.4285409450531,200,minimum_nearest_shoreline_crossing
6385,Spain,Turtle Viilage,28.13876,-16.44023,Sandy bottom,https://www.padi.com/dive-site/spain/turtle-viilage/,28.140090272138647,-16.43886208534241,200,minimum_nearest_shoreline_crossing
6390,Spain,Cueva de las Morenas,28.02983,-16.70992,Cave; Wall,https://www.padi.com/dive-site/spain/cueva-de-las-morenas/,28.029826446401906,-16.70991539955139,0.0,PADI_coordinate_water
6391,Spain,Alcala Reef,28.20102,-16.82981,Pinnacle; Reef; Sandy bottom; Wall; Ocean,https://www.padi.com/dive-site/spain/alcala-reef/,28.201018,-16.82981,0.0,PADI_coordinate_water
6392,Spain,Atlantis,28.24697,-16.84846,Cave; Reef; Wall,https://www.padi.com/dive-site/spain/atlantis/,28.2469706546395,-16.848456859588623,0.0,PADI_coordinate_water
6393,Spain,Barranco Seco Arch,28.26786,-16.85011,Reef,https://www.padi.com/dive-site/spain/barranco-seco-arch/,28.26785576264708,-16.850109100341797,0.0,PADI_coordinate_water
6394,Spain,Garachico,28.37650,-16.76777,Beach,https://www.padi.com/dive-site/spain/garachico/,28.370983213517743,-16.768087148666382,615,minimum_nearest_shoreline_crossing
6395,Spain,San Marcos,28.38320,-16.72687,Beach,https://www.padi.com/dive-site/spain/san-marcos/,28.378374623545504,-16.72492504119873,570,minimum_nearest_shoreline_crossing
6396,Spain,Chimney,28.41888,-16.56571,Cave; Reef,https://www.padi.com/dive-site/spain/chimney-2/,28.41888134886997,-16.56570911538438,0.0,PADI_coordinate_water
6397,Spain,Bollullo,28.42180,-16.52377,Cave; Reef,https://www.padi.com/dive-site/spain/bollullo/,28.421797008884887,-16.523770094245265,0.0,PADI_coordinate_water
6398,Spain,Semiramis,28.42090,-16.53071,Cave; Reef; Channel,https://www.padi.com/dive-site/spain/semiramis/,28.420900617107517,-16.530711651503225,0.0,PADI_coordinate_water
6399,Spain,Bastion,28.42025,-16.53330,Cave; Reef,https://www.padi.com/dive-site/spain/bastion/,28.42024954878589,-16.533297300666163,0.0,PADI_coordinate_water
6401,Spain,Tunnel,28.43957,-16.48788,Cave,https://www.padi.com/dive-site/spain/tunnel/,28.439572305978366,-16.487882137626002,0.0,PADI_coordinate_water
6402,Spain,La Rapadura,28.44169,-16.49531,Reef; Wall; Channel,https://www.padi.com/dive-site/spain/la-rapadura/,28.44169495234908,-16.495306491851807,0.0,PADI_coordinate_water
6403,Spain,Guimar,28.29954,-16.34560,Reef,https://www.padi.com/dive-site/spain/guimar/,28.299544165609117,-16.345596313476566,0.0,PADI_coordinate_water
6404,Spain,Central Electrica,28.37513,-16.36019,Reef; Sandy bottom,https://www.padi.com/dive-site/spain/central-electrica/,28.37644894180953,-16.358814239501957,200,minimum_nearest_shoreline_crossing
6405,Spain,Añaza,28.42058,-16.29191,Reef; Sandy bottom,https://www.padi.com/dive-site/spain/anaza/,28.420579801279214,-16.291909217834476,0.0,PADI_coordinate_water
6406,Spain,La Nea,28.40325,-16.31637,Reef; Sandy bottom; Wall,https://www.padi.com/dive-site/spain/la-nea/,28.40325430703335,-16.316370964050297,0.0,PADI_coordinate_water
6407,Spain,Bocacangrejo,28.40552,-16.31397,Wall,https://www.padi.com/dive-site/spain/bocacangrejo/,28.405519238538226,-16.313967704772953,0.0,PADI_coordinate_water
6408,Spain,Radazul - La Cruz,28.39869,-16.32572,Beach,https://www.padi.com/dive-site/spain/radazul-la-cruz/,28.40000782077404,-16.324337124824524,200,minimum_nearest_shoreline_crossing
6409,Spain,Radazul,28.39830,-16.32170,Beach,https://www.padi.com/dive-site/spain/radazul/,28.40123470230956,-16.323784590094874,386,minimum_nearest_shoreline_crossing
6468,Spain,BARRERA PRECOLARINA,39.56511,-0.24346,Reef,https://www.padi.com/dive-site/spain/barrera-precolarina/,39.56510661320083,-0.2434587478637695,0.0,PADI_coordinate_water
6625,Spain,Dofí,42.04376,3.22648,Cave,https://www.padi.com/dive-site/spain/dofi/,42.04376336958625,3.22648286819458,0.0,PADI_coordinate_water
6626,Spain,Guix,42.04948,3.21990,Pinnacle; Reef,https://www.padi.com/dive-site/spain/guix/,42.04948384399496,3.219895362854004,0.0,PADI_coordinate_water
6627,Spain,L'Embarcador del Francès,42.04946,3.22196,Reef; Wall,https://www.padi.com/dive-site/spain/lembarcador-del-frances/,42.049459943362926,3.221955299377441,0.0,PADI_coordinate_water
6628,Spain,La Vaca,42.04759,3.22580,Cave,https://www.padi.com/dive-site/spain/la-vaca/,42.04758769924429,3.225796222686768,0.0,PADI_coordinate_water
6629,Spain,Les Ferranelles,42.04211,3.22555,Reef,https://www.padi.com/dive-site/spain/les-ferranelles/,42.04210608857551,3.225549459457397,0.0,PADI_coordinate_water
6630,Spain,Pedra de Deu,42.04966,3.22388,Wall,https://www.padi.com/dive-site/spain/pedra-de-deu/,42.04965911502184,3.2238757610321045,0.0,PADI_coordinate_water
6632,Spain,Pota del Llop,42.04940,3.22521,Wall,https://www.padi.com/dive-site/spain/pota-del-llop/,42.04939620830018,3.225206136703491,0.0,PADI_coordinate_water
6633,Spain,Punta Salinas,42.06038,3.21384,Wall,https://www.padi.com/dive-site/spain/punta-salinas/,42.06038159519537,3.2138442993164062,0.0,PADI_coordinate_water
6673,Spain,espigon wela A,41.37043,2.19199,Reef; Sandy bottom; Wall,https://www.padi.com/dive-site/spain/espigon-wela-a/,41.37043210677759,2.191987037658692,0.0,PADI_coordinate_water
6730,Spain,Muelle de Garachico,28.37037,-16.76969,Beach; Ocean,https://www.padi.com/dive-site/spain/muelle-de-garachico/,28.371668578651462,-16.768289923929846,200,minimum_nearest_shoreline_crossing
6876,Spain,Cagaires,39.80304,4.29531,Cavern,https://www.padi.com/dive-site/spain/cagaires-2/,39.80304083447402,4.295314222108574,0.0,PADI_coordinate_water
6877,Spain,Catedral,39.82486,4.20813,Cavern,https://www.padi.com/dive-site/spain/catedral-2/,39.82486367673643,4.208127233323467,0.0,PADI_coordinate_water
6926,Spain,Acuario,28.18416,-16.82292,Cave; Reef; Sandy bottom,https://www.padi.com/dive-site/spain/acuario/,28.184158398855736,-16.82292222976685,0.0,PADI_coordinate_water
6928,Spain,Los Chuchos,28.17871,-16.81578,Reef; Sandy bottom,https://www.padi.com/dive-site/spain/los-chuchos/,28.178711165398152,-16.815776824951175,0.0,PADI_coordinate_water
7017,Spain,Organ Loft,39.82548,4.20711,Cave,https://www.padi.com/dive-site/spain/organ-loft/,39.82547902132176,4.207109212875367,0.0,PADI_coordinate_water
7183,Spain,The Belltower (Tom's Belfry) / El Campanario,39.82535,4.20781,Wall; Cavern,https://www.padi.com/dive-site/spain/the-belltower-el-campanario/,39.82534718546457,4.207806587219239,0.0,PADI_coordinate_water
7184,Spain,Tunnel Vision,40.00013,3.79478,Cave; Drift; Reef; Wall; Cavern,https://www.padi.com/dive-site/spain/tunnel-vision/,40.00012825404302,3.79478394985199,0.0,PADI_coordinate_water
7186,Spain,S'Olla,40.08566,4.09614,Wall; Ocean,https://www.padi.com/dive-site/spain/solla/,40.085656,4.096141,0.0,PADI_coordinate_water
7188,Spain,Moon Pool / Pozo de la Luna,39.82681,4.20585,Cave,https://www.padi.com/dive-site/spain/moon-pool-pozo-de-la-luna/,39.82680972534197,4.205853939056397,0.0,PADI_coordinate_water
7189,Spain,Pont d'en Gil,40.01132,3.79687,Cavern,https://www.padi.com/dive-site/spain/pont-den-gil/,40.01146096940992,3.7945318222045903,200,minimum_nearest_shoreline_crossing
7190,Spain,PUNTA D'EN SIULET / MACARET POINT,40.02222,4.20210,Reef; Wall,https://www.padi.com/dive-site/spain/punta-den-siulet-o-macaret-point/,40.02222489563135,4.202098846435547,0.0,PADI_coordinate_water
7192,Spain,La Catedral,39.82515,4.20802,Wall; Cavern,https://www.padi.com/dive-site/spain/catedral/,39.82514943120441,4.208021163940431,0.0,PADI_coordinate_water
7195,Spain,Submarine Rock / El Submarino,39.99746,3.80056,Drift; Reef; Wall,https://www.padi.com/dive-site/spain/submarine-rock-el-submarino/,39.99746121764687,3.800556063652039,0.0,PADI_coordinate_water
7208,Spain,Malvin Sur,38.88408,1.43466,Reef; Wall,https://www.padi.com/dive-site/spain/malvin-sur/,38.884085,1.43466,0.0,PADI_coordinate_water
7209,Spain,Malvin Norte,38.88867,1.43803,Reef; Wall,https://www.padi.com/dive-site/spain/malvin-norte/,38.88866953978596,1.4380288124084473,0.0,PADI_coordinate_water
7210,Spain,Xelles,38.88545,1.43513,Reef; Wall,https://www.padi.com/dive-site/spain/xelles/,38.885454,1.435132,0.0,PADI_coordinate_water
7211,Spain,Dado Pequeño,38.88215,1.47783,Reef; Wall,https://www.padi.com/dive-site/spain/dado-pequeno/,38.882147,1.477833,0.0,PADI_coordinate_water
7212,Spain,Esponja,38.87513,1.42608,Pinnacle; Wall,https://www.padi.com/dive-site/spain/esponja-3/,38.87513131900919,1.4260768890380862,0.0,PADI_coordinate_water
7239,Spain,Cala de los frailes,43.39218,-1.78996,Reef; Wall,https://www.padi.com/dive-site/spain/cala-de-los-frailes/,43.39218494831445,-1.7899560928344729,0.0,PADI_coordinate_water
7288,Spain,Acuario I,36.99365,-1.88585,Reef; Sandy bottom; Wall; Channel,https://www.padi.com/dive-site/spain/acuario-i-2/,36.9936455670859,-1.8858450651168823,0.0,PADI_coordinate_water
7348,Spain,Lightning Corner / Es Racó des Llamp /  Las Cuatro Cuevas,40.06748,4.14689,Cave; Cavern,https://www.padi.com/dive-site/spain/lightning-corner-es-raco-des-llamp-las-cuatro-cuevas/,40.06759547761235,4.144549369812013,200,minimum_nearest_shoreline_crossing
7349,Spain,Cueva de los Ingleses / English Cave,40.06725,4.15152,Wall; Cavern,https://www.padi.com/dive-site/spain/cueva-de-los-ingleses-english-cave/,40.06736557976783,4.149184226989747,200,minimum_nearest_shoreline_crossing
7352,Spain,La LLosa del Patró Pere,40.08510,4.09996,Drift; Pinnacle; Channel,https://www.padi.com/dive-site/spain/la-llosa-del-patro-pere/,40.08509827752617,4.099960327148438,0.0,PADI_coordinate_water
7355,Spain,Fossil Cave / Els Fossils,39.82644,4.20608,Cave; Reef,https://www.padi.com/dive-site/spain/fossil-cave-els-fossils/,39.82644306333922,4.206079244613648,0.0,PADI_coordinate_water
7413,Spain,El Queso Suizo / Swiss Cheese,40.02473,4.19683,Pinnacle; Reef; Wall; Cavern,https://www.padi.com/dive-site/spain/el-queso-suizo/,40.024862,4.194492,200,minimum_nearest_shoreline_crossing
7475,Spain,Marina Del Este Nerja,36.72200,-3.72803,Beach; Reef; Sandy bottom; Wall; Ocean,https://www.padi.com/dive-site/spain/marina-del-este-nerja/,36.72379968251003,-3.728041649737862,200,minimum_nearest_shoreline_crossing
8539,Spain,Las Piscinas,36.00152,-5.60756,Reef,https://www.padi.com/dive-site/spain/las-piscinas/,36.00321535144332,-5.606846809387208,200,minimum_nearest_shoreline_crossing
8540,Spain,La Garita I,36.00322,-5.60713,Reef,https://www.padi.com/dive-site/spain/la-garita-i/,36.00491650662338,-5.606417655944824,200,minimum_nearest_shoreline_crossing
8566,Spain,Las Calles,36.00342,-5.61328,Reef,https://www.padi.com/dive-site/spain/las-calles/,36.00342365813113,-5.613284111022949,0.0,PADI_coordinate_water
8568,Spain,Punta Marroquí,36.00009,-5.61097,Reef,https://www.padi.com/dive-site/spain/punta-marroqui/,36.00009068509079,-5.610966682434083,0.0,PADI_coordinate_water
8809,Spain,El Balito / Marazur,28.13884,-16.79175,Cave; Wall; Cavern; Ocean,https://www.padi.com/dive-site/spain/el-balito-marazur/,28.1388414582274,-16.791754961013797,0.0,PADI_coordinate_water
8854,Spain,Marbella,41.39615,2.21706,Beach; Sea Loch,https://www.padi.com/dive-site/spain/marbella/,41.39963631481146,2.2133159637451176,498,minimum_nearest_shoreline_crossing
8868,Spain,Isla de Cabrera,39.14354,2.94598,Reef; Sandy bottom; Wall; Ocean,https://www.padi.com/dive-site/spain/isla-de-cabrera-2/,39.14354290120668,2.9459753015544266,0.0,PADI_coordinate_water
9358,Spain,San Martin Norte,38.76376,0.22582,Drift,https://www.padi.com/dive-site/spain/san-martin-norte/,38.76462463270797,0.2238035202026367,200,minimum_nearest_shoreline_crossing
9487,Spain,Palmanova Bay,39.51343,2.54412,Beach,https://www.padi.com/dive-site/spain/palmanova-bay/,39.51377513087695,2.5418329238891606,200,minimum_nearest_shoreline_crossing
9845,Spain,The Cannyon,29.10298,-13.45203,Wall,https://www.padi.com/dive-site/spain/the-cannyon/,29.10297678210169,-13.452029228210453,0.0,PADI_coordinate_water
10242,Spain,Cala Montjo,39.52754,2.43302,Cave; Reef,https://www.padi.com/dive-site/spain/cala-montjo/,39.52789424530593,2.43072509765625,200,minimum_nearest_shoreline_crossing
10424,Spain,EL BAJON,27.63306,-17.98889,Pinnacle; Reef; Wall; Ocean,https://www.padi.com/dive-site/spain/el-bajon-5/,27.63305555555556,-17.98888888888889,0.0,PADI_coordinate_water
10459,Spain,Veril Grande  Jandia,28.04204,-14.33146,Reef; Sandy bottom; Wall,https://www.padi.com/dive-site/spain/veril-grande-jandia/,28.042043,-14.331461,0.0,PADI_coordinate_water
10460,Spain,Pared del Muelle,28.04733,-14.36136,Sandy bottom; Wall,https://www.padi.com/dive-site/spain/pared-del-muelle/,28.047326,-14.361362,0.0,PADI_coordinate_water
10462,Spain,Marina del Este,36.72092,-3.72860,Beach; Sandy bottom; Wall; Ocean,https://www.padi.com/dive-site/spain/marina-del-este/,36.722718622465656,-3.7286138534545903,200,minimum_nearest_shoreline_crossing
10464,Spain,Punta Restinga,27.63722,-17.97639,Cave; Reef; Sandy bottom; Wall; Ocean,https://www.padi.com/dive-site/spain/punta-restinga-3/,27.63722222222222,-17.976388888888888,0.0,PADI_coordinate_water
10610,Spain,Baja Bocarones,27.64650,-17.97059,Cave; Reef; Sandy bottom,https://www.padi.com/dive-site/spain/baja-bocarones-3/,27.647777777777776,-17.969166666666666,200,minimum_nearest_shoreline_crossing
10611,Spain,Baja Fría,27.68646,-17.96602,Reef; Wall; Ocean,https://www.padi.com/dive-site/spain/baja-fria/,27.687736,-17.964601,200,minimum_nearest_shoreline_crossing
10612,Spain,Punta de El Lajial,27.65028,-18.02111,Reef; Wall,https://www.padi.com/dive-site/spain/punta-de-el-lajial/,27.650277777777777,-18.02111111111111,0.0,PADI_coordinate_water
10613,Spain,El Desierto,27.68094,-18.03671,Beach; Reef; Sandy bottom; Wall; Ocean,https://www.padi.com/dive-site/spain/el-dezierto-3/,27.682222222222222,-18.03527777777778,200,minimum_nearest_shoreline_crossing
10757,Spain,es pallaret,38.97796,1.23210,Reef,https://www.padi.com/dive-site/spain/es-pallaret/,38.97796042315712,1.232099533081055,0.0,PADI_coordinate_water
10889,Spain,Brain Cave (Cueva de Cerebros),28.17023,-16.80732,Cave; Beach; Sandy bottom; Wall; Cavern; Ocean,https://www.padi.com/dive-site/spain/cueva-de-cerebros/,28.171542,-16.805928,200,minimum_nearest_shoreline_crossing
10891,Spain,Palm Mar Wall (Bufadero),28.03237,-16.70894,Wall,https://www.padi.com/dive-site/spain/bufadero/,28.032373947566327,-16.70893907546997,0.0,PADI_coordinate_water
10892,Spain,Palm Mar Cave (La Cueva de las morenas),28.02926,-16.71089,Cave,https://www.padi.com/dive-site/spain/la-cueva-de-las-morenas/,28.0292582223034,-16.710891723632812,0.0,PADI_coordinate_water
11272,Spain,Blue Hole,28.91713,-13.67189,Beach; Sandy bottom; Ocean,https://www.padi.com/dive-site/spain/blue-hole/,28.918573,-13.670664,200,minimum_nearest_shoreline_crossing
11330,Spain,LLOSA PALAMOS,41.84028,3.11874,Reef; Wall,https://www.padi.com/dive-site/spain/llosa-palamos/,41.84028095594902,3.118743896484375,0.0,PADI_coordinate_water
11331,Spain,Ullastres,41.88672,3.20101,Reef; Wall,https://www.padi.com/dive-site/spain/ullastres-2/,41.886719758849296,3.20101261138916,0.0,PADI_coordinate_water
11332,Spain,GORGONIES,41.86176,3.19307,Wall,https://www.padi.com/dive-site/spain/gorgonies/,41.86176269509614,3.193073272705078,0.0,PADI_coordinate_water
11342,Spain,CUEVA DEL JARRO,36.71836,-3.73092,Wall; Cavern,https://www.padi.com/dive-site/spain/cueva-del-jarro/,36.72015590594994,-3.730931282043457,200,minimum_nearest_shoreline_crossing
11343,Spain,LA CALITA,36.72181,-3.73516,Sandy bottom; Wall,https://www.padi.com/dive-site/spain/la-calita/,36.721807061959446,-3.7351584434509273,0.0,PADI_coordinate_water
11344,Spain,PIEDRA DEL HOMBRE,36.72308,-3.73676,Sandy bottom; Wall,https://www.padi.com/dive-site/spain/piedra-del-hombre/,36.72487708580732,-3.7367677688598633,200,minimum_nearest_shoreline_crossing
11345,Spain,PIEDRAS ALTAS,36.71949,-3.73396,Wall,https://www.padi.com/dive-site/spain/piedras-altas/,36.71948511368232,-3.733956813812256,0.0,PADI_coordinate_water
11450,Spain,EL BIOTOP,41.13536,1.42857,Pinnacle,https://www.padi.com/dive-site/spain/el-biotop/,41.13535676876095,1.4285659790039065,0.0,PADI_coordinate_water
11456,Spain,El Salto,36.72549,-3.73594,Wall,https://www.padi.com/dive-site/spain/el-salto-6/,36.7272934608431,-3.735952377319336,200,minimum_nearest_shoreline_crossing
11689,Spain,El Gaudi,39.99547,3.81904,Cave; Drift; Wall,https://www.padi.com/dive-site/spain/el-gaudi/,39.99546806388788,3.819036483764649,0.0,PADI_coordinate_water
11690,Spain,CALES PIQUES,40.00155,3.79548,Wall,https://www.padi.com/dive-site/spain/cales-piques/,40.00155008295607,3.795475959777833,0.0,PADI_coordinate_water
11691,Spain,CALA'N FORCAT,39.99777,3.80186,Cave; Wall,https://www.padi.com/dive-site/spain/calan-forcat/,39.99776943210689,3.801859617233277,0.0,PADI_coordinate_water
11694,Spain,SA CIGONYA,40.01130,3.79668,Sandy bottom; Wall,https://www.padi.com/dive-site/spain/sa-cigonya/,40.01144453463675,3.794338703155518,200,minimum_nearest_shoreline_crossing
11695,Spain,CALA BLANCA,39.96623,3.83539,Sandy bottom; Wall,https://www.padi.com/dive-site/spain/cala-blanca/,39.96638195175554,3.833048343658448,200,minimum_nearest_shoreline_crossing
11696,Spain,Es clot de Barcelona,39.99889,3.80832,Wall,https://www.padi.com/dive-site/spain/es-clot-de-barcelona/,39.99888721154424,3.808318376541138,0.0,PADI_coordinate_water
11697,Spain,Cala Borp,39.99772,3.80434,Wall,https://www.padi.com/dive-site/spain/cala-borp/,39.99772011788677,3.8043379783630376,0.0,PADI_coordinate_water
11705,Spain,Canyons,39.97191,3.83035,Cave,https://www.padi.com/dive-site/spain/canyons-2/,39.972055455377685,3.828005790710449,200,minimum_nearest_shoreline_crossing
11724,Spain,Piedra de En medio,36.71586,-3.72559,Beach,https://www.padi.com/dive-site/spain/piedra-de-en-medio/,36.72141147573209,-3.727841377258301,650,minimum_nearest_shoreline_crossing
11725,Spain,Sa Ferradura,39.54539,3.35225,Wall,https://www.padi.com/dive-site/spain/sa-ferradura/,39.54538604734229,3.352246284484864,0.0,PADI_coordinate_water
11830,Spain,Carai Bernat,42.04141,3.22980,Ocean,https://www.padi.com/dive-site/spain/carai-bernat/,42.04140938618109,3.229795665706069,0.0,PADI_coordinate_water
11833,Spain,Tascó Petit,42.04108,3.22671,Wall,https://www.padi.com/dive-site/spain/tasco-petit/,42.04107823392277,3.226708173751831,0.0,PADI_coordinate_water
11856,Spain,Carall Bernat,42.04168,3.22827,Wall,https://www.padi.com/dive-site/spain/carall-bernat/,42.04167582586045,3.228274583816528,0.0,PADI_coordinate_water
12003,Spain,Boya 6 - El Toro,39.46333,2.47162,Wall,https://www.padi.com/dive-site/spain/boya-6-el-toro/,39.46333339441317,2.4716234207153325,0.0,PADI_coordinate_water
12004,Spain,Boya 5 - El Toro,39.46225,2.47119,Wall,https://www.padi.com/dive-site/spain/boya-5-el-toro/,39.46224831305393,2.471194267272949,0.0,PADI_coordinate_water
12005,Spain,Boya 4 - El Toro,39.46197,2.47159,Wall,https://www.padi.com/dive-site/spain/boya-4-el-toro/,39.46197496928061,2.4715912342071538,0.0,PADI_coordinate_water
12036,Spain,LA PARED AMARILLA,36.72969,-3.76567,Drift,https://www.padi.com/dive-site/spain/cueva-del-sifon/,36.72969256225719,-3.765665888786316,0.0,PADI_coordinate_water
12046,Spain,Cala Llebeige,39.57447,2.30803,Reef; Wall; Ocean,https://www.padi.com/dive-site/spain/cala-llebeige/,39.5744686100518,2.3080301284790044,0.0,PADI_coordinate_water
12049,Spain,La Cala del Peñon,36.81814,-2.54321,Sandy bottom; Wall,https://www.padi.com/dive-site/spain/la-cala-del-penon/,36.81814034997159,-2.5432062149047856,0.0,PADI_coordinate_water
12276,Spain,Sardina del Norte,28.15010,-15.70256,Beach,https://www.padi.com/dive-site/spain/sardina-del-norte-2/,28.15315464168974,-15.698915719985964,493,minimum_nearest_shoreline_crossing
12428,Spain,Arguineguín Reef,27.75711,-15.69118,Reef; Ocean,https://www.padi.com/dive-site/spain/arguineguin-reef/,27.757114501614584,-15.691180229187012,0.0,PADI_coordinate_water
12461,Spain,La Herradura,36.71666,-3.72358,Beach,https://www.padi.com/dive-site/spain/la-herradura-2/,36.72454171102165,-3.726768493652344,922,minimum_nearest_shoreline_crossing
12467,Spain,El Cabron Beach,27.86988,-15.38741,Beach; Drift; Reef; Sandy bottom; Wall; Ocean,https://www.padi.com/dive-site/spain/el-cabron-beach/,27.8712703707548,-15.386116504669191,200,minimum_nearest_shoreline_crossing
12468,Spain,Pasito Blanco Reef,27.74375,-15.61775,Reef; Ocean,https://www.padi.com/dive-site/spain/pasito-blanco-reef/,27.743745753178658,-15.617752075195314,0.0,PADI_coordinate_water
12470,Spain,Tufia Beach,27.96137,-15.38129,Cave; Beach; Wall; Ocean,https://www.padi.com/dive-site/spain/tufia-beach/,27.96275646343496,-15.380001068115236,200,minimum_nearest_shoreline_crossing
12471,Spain,Baja de Arguineguín,27.74067,-15.67526,Reef; Ocean,https://www.padi.com/dive-site/spain/baja-de-arguineguin/,27.740672775561787,-15.675258636474611,0.0,PADI_coordinate_water
12492,Spain,Dofí Sud,42.04353,3.22609,Wall; Cavern,https://www.padi.com/dive-site/spain/dofi-sud/,42.04353230896173,3.226091265678406,0.0,PADI_coordinate_water
13888,Spain,La Cala,43.47269,-3.75615,Ocean,https://www.padi.com/dive-site/spain/la-cala/,43.47269192200692,-3.756145576480776,0.0,PADI_coordinate_water
13889,Spain,La Catedral,43.47394,-3.75581,Ocean,https://www.padi.com/dive-site/spain/la-catedral-6/,43.47393549005493,-3.755811187002109,0.0,PADI_coordinate_water
13999,Spain,Los Arcos,38.63578,0.07908,Sandy bottom; Wall,https://www.padi.com/dive-site/spain/los-arcos-4/,38.636718267483616,0.0771188735961914,200,minimum_nearest_shoreline_crossing
14001,Spain,Nido del Águila,38.63212,0.07770,Wall,https://www.padi.com/dive-site/spain/nido-del-aguila/,38.632121408306,0.0777035951614379,0.0,PADI_coordinate_water
14376,Spain,Tres Piedras,38.63237,0.07219,Sandy bottom,https://www.padi.com/dive-site/spain/tres-piedras/,38.63237283940014,0.0721943378448486,0.0,PADI_coordinate_water
14377,Spain,Final del Paseo,38.63232,0.07546,Sandy bottom; Wall,https://www.padi.com/dive-site/spain/final-del-paseo/,38.632322553251846,0.075455904006958,0.0,PADI_coordinate_water
14378,Spain,La Higuera,38.63465,0.08213,Sandy bottom; Wall,https://www.padi.com/dive-site/spain/la-higuera/,38.63558688919975,0.0801658630371093,200,minimum_nearest_shoreline_crossing
14379,Spain,Roca Plana,38.63213,0.07376,Sandy bottom,https://www.padi.com/dive-site/spain/roca-plana/,38.63212559883144,0.0737553834915161,0.0,PADI_coordinate_water
14380,Spain,Roca Langosta,38.63034,0.08256,Muck; Sandy bottom; Wall,https://www.padi.com/dive-site/spain/roca-langosta/,38.63034041281097,0.0825637578964233,0.0,PADI_coordinate_water
14617,Spain,Palma Cavern,39.54714,2.62253,Cave,https://www.padi.com/dive-site/spain/palma-cavern/,39.547470868779406,2.6202392578125,200,minimum_nearest_shoreline_crossing
14639,Spain,Punta Cala Figuera,39.45650,2.52433,Drift; Wall,https://www.padi.com/dive-site/spain/punta-cala-figuera/,39.45687235512798,2.5220489501953125,200,minimum_nearest_shoreline_crossing
14877,Spain,Punta Marc,39.46161,2.50660,Reef; Wall,https://www.padi.com/dive-site/spain/punta-marc/,39.46197496928061,2.504324913024903,200,minimum_nearest_shoreline_crossing
14886,Spain,Ullastres III,41.88643,3.20389,Pinnacle; Reef; Wall,https://www.padi.com/dive-site/spain/ullastres/,41.886432216946986,3.203887939453125,0.0,PADI_coordinate_water
14890,Spain,Santa Anna,41.72055,2.94332,Pinnacle,https://www.padi.com/dive-site/spain/santa-anna/,41.72011258750629,2.9409885406494145,200,minimum_nearest_shoreline_crossing
15242,Spain,Port Pelegri,41.87741,3.18971,Beach,https://www.padi.com/dive-site/spain/port-pelegri/,41.88722295406421,3.1828057765960693,1234,minimum_nearest_shoreline_crossing
15678,Spain,Montaña Amarilla,28.00823,-16.63952,Reef; Sandy bottom; Ocean,https://www.padi.com/dive-site/spain/montana-amarilla-2/,28.00955793247135,-16.638148705656118,200,minimum_nearest_shoreline_crossing
16208,Spain,Cala de la Escalerica,37.63062,-0.68846,Beach; Reef,https://www.padi.com/dive-site/spain/cala-de-la-escalerica/,37.63199161761261,-0.6899285316467285,200,minimum_nearest_shoreline_crossing
16209,Spain,Cala Fria,37.63304,-0.68718,Beach,https://www.padi.com/dive-site/spain/cala-fria/,37.63440463818762,-0.6886625289916991,200,minimum_nearest_shoreline_crossing
16560,Spain,La Cama de los Novios,37.37725,-1.62327,Drift; Pinnacle; Sandy bottom; Wall,https://www.padi.com/dive-site/spain/la-cama-de-los-novios/,37.37725092757962,-1.6232728958129885,0.0,PADI_coordinate_water
16561,Spain,El castillo,37.39911,-1.58350,Sandy bottom; Wall,https://www.padi.com/dive-site/spain/el-castillo/,37.40067597647892,-1.584606170654297,200,minimum_nearest_shoreline_crossing
16562,Spain,La Fuente,37.43343,-1.47579,Drift; Wall,https://www.padi.com/dive-site/spain/la-fuente/,37.43343130826439,-1.4757869058644604,0.0,PADI_coordinate_water
16566,Spain,Embarcadero del Hornillo,37.40697,-1.55843,Sandy bottom; Wall,https://www.padi.com/dive-site/spain/embarcadero-del-hornillo/,37.40852957145084,-1.5595543384552004,200,minimum_nearest_shoreline_crossing
16568,Spain,Isla del Fraile,37.40761,-1.54652,Drift; Wall,https://www.padi.com/dive-site/spain/isla-del-fraile/,37.40761343214035,-1.5465188026428225,0.0,PADI_coordinate_water
16594,Spain,Calarreona,37.38008,-1.61918,Pinnacle; Sandy bottom; Wall,https://www.padi.com/dive-site/spain/calarreona/,37.38165007569084,-1.6202688217163088,200,minimum_nearest_shoreline_crossing
17513,Spain,Hide and seek,39.63229,3.43253,Beach; Wall,https://www.padi.com/dive-site/spain/hide-and-seek/,39.63255583122405,3.4302234649658208,200,minimum_nearest_shoreline_crossing
17633,Spain,Ad Jatia,40.07443,4.09535,Cavern; Ocean,https://www.padi.com/dive-site/spain/ad-jatia/,40.07454541578219,4.093008112863857,200,minimum_nearest_shoreline_crossing
18284,Spain,Batea Cabezos,42.29463,-8.83483,Sandy bottom; Wall,https://www.padi.com/dive-site/spain/batea-cabezos/,42.29462763289015,-8.834831927332743,0.0,PADI_coordinate_water
19010,Spain,La Nao,38.16257,-0.46533,Cave; Reef,https://www.padi.com/dive-site/spain/la-nao/,38.16256835531742,-0.4653310775756836,0.0,PADI_coordinate_water
19011,Spain,La Llosa (merolandia),38.15906,-0.45447,Pinnacle,https://www.padi.com/dive-site/spain/la-llosa-merolandia/,38.15905903525341,-0.4544734954833984,0.0,PADI_coordinate_water
19012,Spain,Arrecifes Artificiales - Reserva Marina Tabarca,38.16338,-0.48477,Reef,https://www.padi.com/dive-site/spain/arrecifes-artificiales-reserva-marina-tabarca/,38.16337817442237,-0.484771728515625,0.0,PADI_coordinate_water
19013,Spain,Scull Negre - Reserva Marina Tabarca,38.16223,-0.47677,Reef,https://www.padi.com/dive-site/spain/scull-negre-reserva-marina-tabarca/,38.16223092803556,-0.4767680168151856,0.0,PADI_coordinate_water
19014,Spain,Scull Roig - Reserva Marina Tabarca,38.16112,-0.47323,Reef,https://www.padi.com/dive-site/spain/scull-roig-reserva-marina-tabarca/,38.16111740692557,-0.4732275009155274,0.0,PADI_coordinate_water
19015,Spain,La Llosa - Isla Benidorm,38.50081,-0.13132,Pinnacle; Wall; Cavern,https://www.padi.com/dive-site/spain/la-llosa-isla-benidorm/,38.50080862521001,-0.1313209533691406,0.0,PADI_coordinate_water
19367,Spain,Punta de l'Avançada,39.90088,3.10862,Sandy bottom,https://www.padi.com/dive-site/spain/punta-de-lavancada/,39.90088059154865,3.108615875244141,0.0,PADI_coordinate_water
19368,Spain,Isla Formentor,39.92198,3.14960,Wall; Cavern,https://www.padi.com/dive-site/spain/isla-formentor/,39.92198081387805,3.1496000289917,0.0,PADI_coordinate_water
19369,Spain,Es Castellet - The Pinnacle,39.93816,3.18669,Wall; Cavern,https://www.padi.com/dive-site/spain/es-castellet-the-pinnacle/,39.93833641884113,3.184361457824707,200,minimum_nearest_shoreline_crossing
19370,Spain,Gorgonias Garden / El Eden de Gorgonias,39.96156,3.17845,Wall,https://www.padi.com/dive-site/spain/gorgonias-garden-el-eden-de-gorgonias/,39.96172768273857,3.176121711730957,200,minimum_nearest_shoreline_crossing
19372,Spain,Cala Molins - Cala Carbó,39.92480,3.06225,Beach,https://www.padi.com/dive-site/spain/cala-molins-cala-carbo/,39.920269337633975,3.057718276977539,635,minimum_nearest_shoreline_crossing
19373,Spain,Geronimo Cave,39.94975,3.20599,Wall; Cavern,https://www.padi.com/dive-site/spain/geronimo-cave/,39.94975340768179,3.205990791320801,0.0,PADI_coordinate_water
19374,Spain,Swiss cheese,39.89331,3.19252,Cavern,https://www.padi.com/dive-site/spain/swiss-cheese/,39.89330794446193,3.192515373229981,0.0,PADI_coordinate_water
19385,Spain,Cantarijan,36.73364,-3.77605,Ocean,https://www.padi.com/dive-site/spain/cantarijan/,36.7354449409363,-3.776035308837891,200,minimum_nearest_shoreline_crossing
19387,Spain,Alcala Bay or Baja de La Tortuga,28.19906,-16.83072,Beach; Reef; Cavern; Ocean,https://www.padi.com/dive-site/spain/alcala-bay-or-baja-de-la-tortuga/,28.200370787324875,-16.829321980476383,200,minimum_nearest_shoreline_crossing
19527,Spain,Bau de la Ferrera,42.24803,3.23560,Reef,https://www.padi.com/dive-site/spain/bau-de-la-ferrera/,42.248033687595495,3.2356023788452157,0.0,PADI_coordinate_water
20056,Spain,La Ola,36.81203,-2.04918,Beach,https://www.padi.com/dive-site/spain/la-ola/,36.81370835938332,-2.0499587791275857,200,minimum_nearest_shoreline_crossing
20157,Spain,CABO SAN ANTONIO,38.79992,0.19735,Pinnacle; Wall,https://www.padi.com/dive-site/spain/cabo-san-antonio/,38.79991847063498,0.1973461721235381,0.0,PADI_coordinate_water
20158,Spain,La cullera,38.80889,0.18850,Cave; Sandy bottom,https://www.padi.com/dive-site/spain/la-cullera/,38.80974243699282,0.186467170715332,200,minimum_nearest_shoreline_crossing
20164,Spain,Negre del Falaguer,42.06716,3.21315,Wall,https://www.padi.com/dive-site/spain/negre-del-falaguer/,42.06662624711202,3.2108402252197266,200,minimum_nearest_shoreline_crossing
20174,Spain,SAN MARTIN NORTE (LA VIRGEN,38.76371,0.22642,Wall; Cavern,https://www.padi.com/dive-site/spain/san-martin-norte-la-virgen/,38.7645660739152,0.2244043350219726,200,minimum_nearest_shoreline_crossing
20175,Spain,SAN MARTIN SUR,38.76284,0.22613,Wall; Cavern,https://www.padi.com/dive-site/spain/san-martin-sur/,38.763704417551,0.2241146686526018,200,minimum_nearest_shoreline_crossing
20176,Spain,PIEDRAS ROTAS,38.76071,0.22585,Wall,https://www.padi.com/dive-site/spain/piedras-rotas/,38.7615795117574,0.2238252603159063,200,minimum_nearest_shoreline_crossing
20177,Spain,PORTICHOL NORTE,38.75746,0.22977,Drift; Pinnacle; Wall,https://www.padi.com/dive-site/spain/portichol-norte/,38.75746337251516,0.2297688227903327,0.0,PADI_coordinate_water
20178,Spain,TERMAS,38.75261,0.23151,Pinnacle; Wall; Cavern,https://www.padi.com/dive-site/spain/termas/,38.75348086551005,0.2294899183828436,200,minimum_nearest_shoreline_crossing
20179,Spain,PISCINAS DE NEPTUNO,38.75398,0.23060,Wall; Cavern,https://www.padi.com/dive-site/spain/piscinas-de-neptuno/,38.75398287443092,0.2305951977126641,0.0,PADI_coordinate_water
20180,Spain,Mª CLAUDIA,38.75238,0.23166,Wall,https://www.padi.com/dive-site/spain/ma-claudia/,38.75237643345646,0.2316572722831945,0.0,PADI_coordinate_water
20181,Spain,PARED NEGRA,38.74483,0.23136,Wall; Cavern,https://www.padi.com/dive-site/spain/pared-negra/,38.745699275769866,0.229339641452504,200,minimum_nearest_shoreline_crossing
20182,Spain,CABO NEGRO,38.74615,0.23312,Pinnacle; Wall,https://www.padi.com/dive-site/spain/cabo-negro/,38.74615113320797,0.2331161708239282,0.0,PADI_coordinate_water
20183,Spain,EL SKULL,38.74279,0.23397,Pinnacle; Wall; Cavern,https://www.padi.com/dive-site/spain/el-skull/,38.74278723701823,0.2339745265256843,0.0,PADI_coordinate_water
20184,Spain,CUEVA DE LAS GAMBAS,38.74063,0.23399,Wall; Cavern,https://www.padi.com/dive-site/spain/cueva-de-las-gambas/,38.741498538285526,0.2319791338780508,200,minimum_nearest_shoreline_crossing
20185,Spain,MONTAÑA HUNDIDA,38.73920,0.23598,Pinnacle; Wall; Cavern,https://www.padi.com/dive-site/spain/montana-hundida/,38.74006755335252,0.2339745683688132,200,minimum_nearest_shoreline_crossing
20186,Spain,ISLA DEL DESCUBRIDOR,38.72727,0.21689,Wall,https://www.padi.com/dive-site/spain/isla-del-descubridor/,38.72727109785982,0.2168943868913642,0.0,PADI_coordinate_water
20187,Spain,CUEVA DE CABO LA NAO,38.73308,0.23095,Cave; Wall,https://www.padi.com/dive-site/spain/cueva-de-cabo-la-nao/,38.733079583487054,0.2309490749562126,0.0,PADI_coordinate_water
21302,Spain,catedral,28.91782,-13.66857,Cave; Beach; Reef; Wall; Cavern; Ocean,https://www.padi.com/dive-site/spain/catedral-3/,28.919264784613908,-13.667335510253908,200,minimum_nearest_shoreline_crossing
21537,Spain,Plaza de Toros,43.47444,-3.75518,Drift; Sandy bottom; Channel; Ocean,https://www.padi.com/dive-site/spain/plaza-de-toros/,43.47444244476098,-3.7551784515380864,0.0,PADI_coordinate_water
21625,Spain,Las Agujas,43.47444,-3.75707,Drift; Pinnacle; Ocean,https://www.padi.com/dive-site/spain/las-agujas/,43.47444244476098,-3.7570667266845694,0.0,PADI_coordinate_water
21639,Spain,La Corbera,43.47379,-3.75372,Cave; Pinnacle; Cavern; Channel; Ocean,https://www.padi.com/dive-site/spain/la-corbera/,43.47378844105951,-3.753719329833985,0.0,PADI_coordinate_water
22441,Spain,San Amaro,43.37966,-8.39124,Beach,https://www.padi.com/dive-site/spain/san-amaro/,43.3818149743858,-8.39634418487549,478,minimum_nearest_shoreline_crossing
22442,Spain,PUNTA HERMINIA,43.38914,-8.40318,Cave; Reef; Wall; Cavern; Ocean,https://www.padi.com/dive-site/spain/punta-herminia/,43.389136517957645,-8.403178511964825,0.0,PADI_coordinate_water
22443,Spain,PAPATIMONES,43.37820,-8.42181,Wall; Channel; Ocean,https://www.padi.com/dive-site/spain/papatimones/,43.37820065723766,-8.421814422191659,0.0,PADI_coordinate_water
22456,Spain,Into the blue - The Wall (local dive site),36.58980,-4.52146,Beach; Wall; Ocean,https://www.padi.com/dive-site/spain/into-the-blue-the-wall-local-dive-site/,36.591572,-4.521112,200,minimum_nearest_shoreline_crossing
22457,Spain,Marina del este left,36.72106,-3.72657,Beach; Reef; Wall; Ocean,https://www.padi.com/dive-site/spain/into-the-blue-local-dive-site-the-reef/,36.72286051534496,-3.726575245832998,200,minimum_nearest_shoreline_crossing
22458,Spain,los tres picos,36.72491,-3.73719,Reef; Wall,https://www.padi.com/dive-site/spain/los-tres-picos/,36.72491148313843,-3.737186275252725,0.0,PADI_coordinate_water
22498,Spain,Radazul (Puerto),28.39951,-16.32243,Beach; Sandy bottom; Cavern,https://www.padi.com/dive-site/spain/radazul-puerto/,28.40083388490751,-16.321049892198864,200,minimum_nearest_shoreline_crossing
22501,Spain,Radazul,28.39987,-16.32528,Beach; Sandy bottom; Wall,https://www.padi.com/dive-site/spain/radazul-3/,28.401192,-16.323896,200,minimum_nearest_shoreline_crossing
22503,Spain,Mogan West,27.82219,-15.77375,Drift; Sandy bottom; Wall,https://www.padi.com/dive-site/spain/mogan-west/,27.82218772588542,-15.773749351501468,0.0,PADI_coordinate_water
22511,Spain,CALA DEL FARO,37.55925,-1.25523,Wall,https://www.padi.com/dive-site/spain/cala-del-aljibe/,37.55924563650599,-1.2552255392074587,0.0,PADI_coordinate_water
22532,Spain,Racó,38.63385,0.07275,Beach; Sandy bottom,https://www.padi.com/dive-site/spain/raco/,38.63479491377599,0.0707888603210449,200,minimum_nearest_shoreline_crossing
22857,Spain,Farallon Norte,37.73237,-0.69858,Wall,https://www.padi.com/dive-site/spain/farallon-norte/,37.73237157147889,-0.6985752496129606,0.0,PADI_coordinate_water
22858,Spain,Farallon Sur,37.73186,-0.69767,Wall,https://www.padi.com/dive-site/spain/farallon-sur/,37.73186245776889,-0.6976747930450712,0.0,PADI_coordinate_water
22859,Spain,Cueva de Zeus,37.72633,-0.70613,Cave; Cavern,https://www.padi.com/dive-site/spain/cueva-de-zeus/,37.72632986309606,-0.706129456927247,0.0,PADI_coordinate_water
22895,Spain,Isla Grosa,37.72585,-0.70742,Wall; Cavern,https://www.padi.com/dive-site/spain/isla-grosa/,37.725854651640375,-0.7074174601777418,0.0,PADI_coordinate_water
23280,Spain,Isla Santa Eulalia South,38.98270,1.58461,Ocean,https://www.padi.com/dive-site/spain/isla-santa-eulalia-south/,38.98269765061846,1.584606170654297,0.0,PADI_coordinate_water
23293,Spain,Cala Vidre,40.91107,0.83227,Cave; Beach; Reef,https://www.padi.com/dive-site/spain/cala-vidre/,40.91083528898555,0.8299123206201895,200,minimum_nearest_shoreline_crossing
24525,Spain,Chimenea,38.96715,1.61568,Reef; Wall; Cavern; Ocean,https://www.padi.com/dive-site/spain/chimenea/,38.96715035137501,1.6156768798828127,0.0,PADI_coordinate_water
496,Sri Lanka,Polhena Reef,5.93609,80.52622,Reef,https://www.padi.com/dive-site/sri-lanka/polhena-reef/,5.93608823831072,80.52622318267822,0.0,PADI_coordinate_water
497,Sri Lanka,Rock Wall,5.92280,80.47834,Reef,https://www.padi.com/dive-site/sri-lanka/rock-wall/,5.9228,80.47834,0.0,PADI_coordinate_water
499,Sri Lanka,Dondra Point,5.91219,80.58963,Reef,https://www.padi.com/dive-site/sri-lanka/dondra-point/,5.91219,80.58963,0.0,PADI_coordinate_water
2153,Sri Lanka,Gala Pita Gala,6.00138,80.23681,Reef,https://www.padi.com/dive-site/sri-lanka/gala-pita-gala/,6.001381,80.236806,0.0,PADI_coordinate_water
2157,Sri Lanka,Aluth Gala,6.00437,80.23613,Reef,https://www.padi.com/dive-site/sri-lanka/aluth-gala/,6.004375,80.236129,0.0,PADI_coordinate_water
2161,Sri Lanka,Napolioan Reef,5.99692,80.25427,Reef,https://www.padi.com/dive-site/sri-lanka/napolioan-reef/,5.996915,80.25427,0.0,PADI_coordinate_water
2855,Sri Lanka,Black Coral Point,6.12848,80.08574,Cave; Reef,https://www.padi.com/dive-site/sri-lanka/black-coral-point/,6.128479285646498,80.0857400894165,0.0,PADI_coordinate_water
2856,Sri Lanka,Kirala Gala,6.13851,80.06304,Reef,https://www.padi.com/dive-site/sri-lanka/kirala-gala/,6.138506660916396,80.06303787231445,0.0,PADI_coordinate_water
2857,Sri Lanka,Goda Gala,6.07501,80.10355,Cave; Reef,https://www.padi.com/dive-site/sri-lanka/goda-gala/,6.075011000682009,80.10354995727539,0.0,PADI_coordinate_water
2858,Sri Lanka,Silva Point,6.16923,80.06338,Reef,https://www.padi.com/dive-site/sri-lanka/silva-point/,6.169227655704114,80.06338119506836,0.0,PADI_coordinate_water
5544,Sri Lanka,Octopus Reef,5.91660,80.52000,Reef; Sandy bottom; Ocean,https://www.padi.com/dive-site/sri-lanka/octopus-reef/,5.9166,80.52,0.0,PADI_coordinate_water
5564,Sri Lanka,WHITE ROCK BATTICALOA,7.72460,81.73828,Cave; Pinnacle; Reef; Wall,https://www.padi.com/dive-site/sri-lanka/white-rock-batticaloa/,7.7246,81.738281,0.0,PADI_coordinate_water
6203,Sri Lanka,Welluore Rock,8.68467,81.21587,Reef,https://www.padi.com/dive-site/sri-lanka/welluore-rock/,8.684666264863576,81.21586571331136,0.0,PADI_coordinate_water
6204,Sri Lanka,Sithanane Pare,8.69683,81.23692,Reef,https://www.padi.com/dive-site/sri-lanka/sithanane-pare/,8.696826578229764,81.23692057211883,0.0,PADI_coordinate_water
6652,Sri Lanka,Pigeon Rocks,8.71562,81.20268,Reef,https://www.padi.com/dive-site/sri-lanka/pigeon-rocks/,8.715624445395239,81.20267997903284,0.0,PADI_coordinate_water
8616,Sri Lanka,Mortar Rock,8.71293,81.20915,Reef,https://www.padi.com/dive-site/sri-lanka/mortar-rock/,8.712928673180638,81.20915445702849,0.0,PADI_coordinate_water
8683,Sri Lanka,Pigeon Island back side,8.72207,81.20656,Reef,https://www.padi.com/dive-site/sri-lanka/pigeon-island-back-side/,8.722071141355224,81.20656381473965,0.0,PADI_coordinate_water
8684,Sri Lanka,Knife Rock,8.71445,81.21232,Reef,https://www.padi.com/dive-site/sri-lanka/knife-rock/,8.71444605889408,81.21232002256875,0.0,PADI_coordinate_water
9028,Sri Lanka,Katana,8.61850,83.20210,Reef; Sandy bottom; Ocean,https://www.padi.com/dive-site/sri-lanka/katana/,8.618497222222222,83.20210277777778,0.0,PADI_coordinate_water
9596,Sri Lanka,Goda Gala,6.09400,80.10750,Pinnacle; Ocean,https://www.padi.com/dive-site/sri-lanka/goda-gala-2/,6.094000339456599,80.10749819751919,0.0,PADI_coordinate_water
13184,Sri Lanka,Sithananne Reef,8.68285,81.20819,Reef,https://www.padi.com/dive-site/sri-lanka/sithananne-reef/,8.682851370119707,81.20819091796876,0.0,PADI_coordinate_water
20716,Sri Lanka,Swami Rock,8.58314,81.24613,Pinnacle; Sandy bottom; Wall; Ocean,https://www.padi.com/dive-site/sri-lanka/swami-rock/,8.583142956904972,81.24612807530154,0.0,PADI_coordinate_water
20717,Sri Lanka,Navy Island,8.56707,81.24283,Cave; Beach; Reef; Ocean,https://www.padi.com/dive-site/sri-lanka/navy-island-2/,8.565576519605795,81.24181938197582,200,minimum_nearest_shoreline_crossing
23267,Sri Lanka,Hospital Reef,8.56711,81.24250,Beach; Reef; Sandy bottom; Ocean,https://www.padi.com/dive-site/sri-lanka/hospital-reef/,8.565617018755894,81.24149322509767,200,minimum_nearest_shoreline_crossing
23268,Sri Lanka,Middle Reef,8.57110,81.24525,Drift; Reef; Sandy bottom; Wall; Ocean,https://www.padi.com/dive-site/sri-lanka/middle-reef-2/,8.56960604423922,81.24423980712892,200,minimum_nearest_shoreline_crossing
23269,Sri Lanka,Life saving point reef,8.57431,81.24151,Beach; Reef; Sandy bottom; Ocean,https://www.padi.com/dive-site/sri-lanka/life-saving-point-reef/,8.572809965253006,81.24050617218019,200,minimum_nearest_shoreline_crossing
23993,Sri Lanka,Tangalle reef,6.01945,80.81633,Reef,https://www.padi.com/dive-site/sri-lanka/tangalle-reef/,6.0194461513276165,80.81633081865074,0.0,PADI_coordinate_water
24250,Sri Lanka,Lee's Apartment,5.99806,80.76912,Reef; Channel,https://www.padi.com/dive-site/sri-lanka/lees-apartment/,5.998063690119702,80.76912402410635,0.0,PADI_coordinate_water
24257,Sri Lanka,Navy Island Cave,8.56719,81.24300,Cave; Reef; Sandy bottom; Wall; Ocean,https://www.padi.com/dive-site/sri-lanka/navy-island-cave/,8.565701892074127,81.241986734155,200,minimum_nearest_shoreline_crossing
24527,Sri Lanka,batic rock,5.93104,80.48146,Reef,https://www.padi.com/dive-site/sri-lanka/moray-point/,5.93282,80.48173,200,minimum_nearest_shoreline_crossing
24529,Sri Lanka,diyaba pare,5.92070,80.47993,Reef,https://www.padi.com/dive-site/sri-lanka/diyaba-pare/,5.9207,80.47993,0.0,PADI_coordinate_water
24531,Sri Lanka,atharamba rock,5.94050,80.45500,Pinnacle,https://www.padi.com/dive-site/sri-lanka/atharamba-rock-2/,5.94050,80.45500,0.0,PADI_coordinate_water
24532,Sri Lanka,yala rock,5.94797,80.41222,Cave; Pinnacle; Reef,https://www.padi.com/dive-site/sri-lanka/yala-rock/,5.94797,80.41222,0.0,PADI_coordinate_water
24752,Sri Lanka,FORT ROCK Deep Dive site,8.58671,81.25699,Cave; Pinnacle; Sandy bottom; Ocean,https://www.padi.com/dive-site/sri-lanka/klathipa-deep-dive-site/,8.586707455528488,81.25698557370758,0.0,PADI_coordinate_water
25315,Sri Lanka,Navy Rock trincomalee,8.50000,81.20000,Cave; Reef,https://www.padi.com/dive-site/sri-lanka/navy-rock-trincomalee/,8.5,81.2,0.0,PADI_coordinate_water
501,Sudan,Sanganeb Reef,19.73956,37.44003,Reef; Wall,https://www.padi.com/dive-site/sudan/sanganeb-reef/,19.739561404984595,37.44003295898437,0.0,PADI_coordinate_water
956,Sudan,sua'ab Rumi,19.95270,37.41257,Wall,https://www.padi.com/dive-site/sudan/suaab-rumi/,19.9526963975442,37.41256713867187,0.0,PADI_coordinate_water
957,Sudan,Jumna,19.45429,37.72980,Wall,https://www.padi.com/dive-site/sudan/jumna/,19.45429127806745,37.72979736328125,0.0,PADI_coordinate_water
958,Sudan,"sha\ab Anbar (south platform)""",19.24244,37.73392,Drift; Reef,https://www.padi.com/dive-site/sudan/shaab-anbar-south-platform/,19.242439612988647,37.733917236328125,0.0,PADI_coordinate_water
959,Sudan,SEl ADA Kebir,19.24112,37.82172,Beach; Drift; Reef; Wall,https://www.padi.com/dive-site/sudan/sel-ada-kebir/,19.242439612988647,37.8204345703125,200,minimum_nearest_shoreline_crossing
2845,Sudan,"Sudan, Mar Rojo",19.34929,37.41943,Reef,https://www.padi.com/dive-site/sudan/sudan-mar-rojo/,19.34929388195402,37.41943359375,0.0,PADI_coordinate_water
2052,Sweden,Släggö,58.26728,11.43180,Wall,https://www.padi.com/dive-site/sweden/slaggo/,58.26806681445808,11.434868574142456,200,minimum_nearest_shoreline_crossing
6368,Sweden,"Arild, Kullaberg",56.27637,12.56886,Beach,https://www.padi.com/dive-site/sweden/arild-kullaberg/,56.27772132656148,12.570987939834597,200,minimum_nearest_shoreline_crossing
6380,Sweden,"Ransvik, Kullaberg",56.30026,12.47839,Beach,https://www.padi.com/dive-site/sweden/ransvik-kullaberg/,56.29134692478438,12.476434707641603,1000,minimum_nearest_shoreline_crossing
13472,Sweden,Långrevsudden,61.65927,17.38534,Beach; Muck; Sandy bottom,https://www.padi.com/dive-site/sweden/langrevsudden/,61.6575968831283,17.38672256469727,200,minimum_nearest_shoreline_crossing
5024,Taiwan,Confucius Rock孔子岩,22.65057,121.50404,Cave; Reef; Sandy bottom; Cavern,https://www.padi.com/dive-site/taiwan/confucius-rock/,22.650571,121.504036,0.0,PADI_coordinate_water
10234,Taiwan,石朗,22.65520,121.47433,Reef; Sandy bottom; Ocean,https://www.padi.com/dive-site/taiwan/-46/,22.655200287773564,121.47432816965912,0.0,PADI_coordinate_water
10245,Taiwan,龍洞灣4號潛點-和美國小,25.11308,121.91902,Reef; Sandy bottom; Wall; Fjord; Ocean,https://www.padi.com/dive-site/taiwan/4/,25.113075042920453,121.91901683807374,0.0,PADI_coordinate_water
10393,Taiwan,出水口,21.93278,120.74464,Reef; Ocean,https://www.padi.com/dive-site/taiwan/-63/,21.93277511785911,120.74463844299318,0.0,PADI_coordinate_water
10756,Taiwan,Soft Coral 軟珊瑚區,21.93524,120.74566,Beach; Ocean,https://www.padi.com/dive-site/taiwan/soft-coral-2/,21.937034643767344,120.74588298797607,200,minimum_nearest_shoreline_crossing
12163,Taiwan,LongDong NO.4,25.11296,121.91915,Reef; Sandy bottom; Ocean,https://www.padi.com/dive-site/taiwan/longdong-no4/,25.112958775384048,121.91914594465544,0.0,PADI_coordinate_water
6378,Tanzania,Milimani South,-7.93599,39.78939,Drift; Reef; Ocean,https://www.padi.com/dive-site/tanzania/milimani-south/,-7.935985613111548,39.78939056396485,0.0,PADI_coordinate_water
6438,Tanzania,Mwana  Wa Mwana,-5.75693,39.21866,Reef,https://www.padi.com/dive-site/tanzania/mwana-wa-mwana/,-5.756927,39.218664,0.0,PADI_coordinate_water
6439,Tanzania,Shetani,-5.80302,39.21520,Reef; Wall,https://www.padi.com/dive-site/tanzania/shetani/,-5.803019,39.215201,0.0,PADI_coordinate_water
6440,Tanzania,Hunga,-5.72351,39.24281,Reef,https://www.padi.com/dive-site/tanzania/hunga/,-5.723511,39.242812,0.0,PADI_coordinate_water
6441,Tanzania,Mbwangawa,-5.70665,39.30719,Drift; Reef,https://www.padi.com/dive-site/tanzania/mbwangawa/,-5.706649,39.307188,0.0,PADI_coordinate_water
6442,Tanzania,Kichafi,-5.71048,39.31421,Drift; Reef,https://www.padi.com/dive-site/tanzania/kichafi/,-5.710476,39.31421,0.0,PADI_coordinate_water
6443,Tanzania,Kichuani Wall,-5.83856,39.39238,Reef; Wall,https://www.padi.com/dive-site/tanzania/kichuani-wall/,-5.838556,39.392384,0.0,PADI_coordinate_water
6444,Tanzania,Wattabomi,-5.83480,39.38688,Reef,https://www.padi.com/dive-site/tanzania/wattabomi/,-5.8348,39.386878,0.0,PADI_coordinate_water
6446,Tanzania,Aquarium,-5.83032,39.38324,Reef,https://www.padi.com/dive-site/tanzania/aquarium-5/,-5.830319,39.383237,0.0,PADI_coordinate_water
6447,Tanzania,Big Wall,-5.80776,39.41867,Reef; Wall,https://www.padi.com/dive-site/tanzania/big-wall/,-5.807764,39.418671,0.0,PADI_coordinate_water
6448,Tanzania,Nankiville,-5.73021,39.23965,Reef,https://www.padi.com/dive-site/tanzania/nankiville/,-5.730206,39.239652,0.0,PADI_coordinate_water
6450,Tanzania,Leven Bank,-5.63462,39.29831,Reef,https://www.padi.com/dive-site/tanzania/leven-bank/,-5.634618,39.298309,0.0,PADI_coordinate_water
6451,Tanzania,Muyuni Plate Corals,-5.81586,39.36216,Reef; Wall,https://www.padi.com/dive-site/tanzania/muyuni-plate-corals/,-5.815856,39.362162,0.0,PADI_coordinate_water
6452,Tanzania,Leon's Wall,-5.81586,39.36216,Reef; Wall,https://www.padi.com/dive-site/tanzania/leons-wall/,-5.815856,39.362162,0.0,PADI_coordinate_water
6454,Tanzania,Small Wall,-5.84015,39.39997,Reef; Wall,https://www.padi.com/dive-site/tanzania/small-wall-2/,-5.840152,39.399972,0.0,PADI_coordinate_water
6456,Tanzania,Ametatu,-5.70849,39.30820,Reef,https://www.padi.com/dive-site/tanzania/ametatu/,-5.708492,39.3082,0.0,PADI_coordinate_water
6457,Tanzania,Haji,-5.73131,39.33544,Reef,https://www.padi.com/dive-site/tanzania/haji/,-5.731314,39.33544,0.0,PADI_coordinate_water
11096,Tanzania,Tom's Garden,-7.97536,39.75124,Beach; Muck,https://www.padi.com/dive-site/tanzania/toms-garden/,-7.974790242054254,39.74952220916748,200,minimum_nearest_shoreline_crossing
11097,Tanzania,Critter's Alley,-7.97264,39.75180,Beach; Muck,https://www.padi.com/dive-site/tanzania/critters-alley/,-7.972070212602287,39.750080108642585,200,minimum_nearest_shoreline_crossing
11098,Tanzania,Danii's Reef,-7.98010,39.75077,Muck; Reef; Archaeological; Channel,https://www.padi.com/dive-site/tanzania/daniis-reef/,-7.980102747402523,39.7507667541504,0.0,PADI_coordinate_water
11099,Tanzania,Frogfish Town,-7.97489,39.75575,Beach; Muck,https://www.padi.com/dive-site/tanzania/frogfish-town/,-7.97432273827944,39.75402832031251,200,minimum_nearest_shoreline_crossing
11100,Tanzania,Nudi City,-7.97199,39.75377,Muck; Reef,https://www.padi.com/dive-site/tanzania/nudi-city/,-7.97198521139049,39.75377082824708,0.0,PADI_coordinate_water
12358,Tanzania,Ukumbe reef,-6.32741,39.25381,Reef; Ocean,https://www.padi.com/dive-site/tanzania/ukumbe-reef/,-6.327412393115435,39.25380706787109,0.0,PADI_coordinate_water
16751,Tanzania,shane's reef,-5.72642,39.29054,Drift; Reef; Ocean,https://www.padi.com/dive-site/tanzania/shanes-reef/,-5.726423942393674,39.29054260253907,0.0,PADI_coordinate_water
19375,Tanzania,Bawe Reef,-6.15280,39.13437,Reef,https://www.padi.com/dive-site/tanzania/bawe-reef/,-6.152800678021692,39.13437386452956,0.0,PADI_coordinate_water
19376,Tanzania,Pange Reef,-6.16377,39.14429,Reef,https://www.padi.com/dive-site/tanzania/pange-reef/,-6.163766275391104,39.14428658523176,0.0,PADI_coordinate_water
19377,Tanzania,Aquarium,-6.16739,39.12811,Reef,https://www.padi.com/dive-site/tanzania/aquarium-12/,-6.167392979529105,39.12810891064884,0.0,PADI_coordinate_water
19378,Tanzania,Two Stones,-6.15848,39.14344,Reef,https://www.padi.com/dive-site/tanzania/two-stones/,-6.158475509600352,39.14343524196439,0.0,PADI_coordinate_water
19379,Tanzania,Pinnacles,-6.17861,39.14515,Pinnacle; Reef,https://www.padi.com/dive-site/tanzania/pinnacles-2/,-6.1786142716213925,39.14515160614189,0.0,PADI_coordinate_water
24072,Tanzania,Mnemba Atoll,-5.82253,39.38457,Drift; Reef; Wall; Ocean,https://www.padi.com/dive-site/tanzania/mnemba-atoll/,-5.822533910830518,39.38457012176514,0.0,PADI_coordinate_water
24073,Tanzania,Boat House,-5.82261,39.38066,Drift; Reef,https://www.padi.com/dive-site/tanzania/boat-house/,-5.822608625219051,39.38066489866936,0.0,PADI_coordinate_water
24123,Tanzania,Big Wall,-5.85203,39.41071,Drift,https://www.padi.com/dive-site/tanzania/big-wall-2/,-5.852034646984204,39.41071370957164,0.0,PADI_coordinate_water
575,Thailand,Koh Bon,8.82785,97.79508,Reef; Wall,https://www.padi.com/dive-site/thailand/koh-bon/,8.827854,97.79508,0.0,PADI_coordinate_water
577,Thailand,Three Trees,8.68071,97.65184,Reef,https://www.padi.com/dive-site/thailand/three-trees/,8.680706,97.651842,0.0,PADI_coordinate_water
579,Thailand,Kata Beach South,7.81264,98.29735,Beach,https://www.padi.com/dive-site/thailand/kata-beach-south/,7.814345,98.297917,200,minimum_nearest_shoreline_crossing
581,Thailand,Koh Tachai Pinnacle,9.05802,97.81172,Reef,https://www.padi.com/dive-site/thailand/koh-tachai-pinnacle/,9.05802,97.811724,0.0,PADI_coordinate_water
585,Thailand,Samaesan,12.52681,100.95742,Reef,https://www.padi.com/dive-site/thailand/samaesan/,12.526807,100.957423,0.0,PADI_coordinate_water
691,Thailand,Koh Haa,7.43165,98.89701,Cave; Beach; Reef,https://www.padi.com/dive-site/thailand/koh-haa/,7.4333918296729,98.897443402528,200,minimum_nearest_shoreline_crossing
692,Thailand,Hin Bida,7.65500,98.76560,Reef,https://www.padi.com/dive-site/thailand/hin-bida/,7.655,98.7656,0.0,PADI_coordinate_water
693,Thailand,Hin Muang,7.15942,98.83132,Drift; Reef,https://www.padi.com/dive-site/thailand/hin-muang/,7.159417,98.831317,0.0,PADI_coordinate_water
1019,Thailand,Richelieu Rock,9.36280,98.02204,Drift; Reef; Wall; Channel,https://www.padi.com/dive-site/thailand/richelieu-rock-2/,9.362797,98.022043,0.0,PADI_coordinate_water
1020,Thailand,Koh Bon Similan National Park,8.82785,97.79508,Drift; Reef; Wall,https://www.padi.com/dive-site/thailand/koh-bon-similan-national-park/,8.827854,97.79508,0.0,PADI_coordinate_water
1021,Thailand,Koh Tachai Similan National Park,9.05802,97.81172,Drift; Reef,https://www.padi.com/dive-site/thailand/koh-tachai-similan-national-park/,9.05802,97.811724,0.0,PADI_coordinate_water
1454,Thailand,Koh Doc Mai,7.79757,98.53054,Cave; Wall,https://www.padi.com/dive-site/thailand/koh-doc-mai-2/,7.797568309285076,98.5305404663086,0.0,PADI_coordinate_water
1480,Thailand,Koh Sii,7.93008,98.80548,Reef,https://www.padi.com/dive-site/thailand/koh-sii/,7.93007746718201,98.80547761917114,0.0,PADI_coordinate_water
1481,Thailand,Koh Haa,7.92651,98.80331,Reef,https://www.padi.com/dive-site/thailand/koh-haa-2/,7.926507035693427,98.8033103942871,0.0,PADI_coordinate_water
1482,Thailand,Koh Yawasam,7.94753,98.77921,Reef,https://www.padi.com/dive-site/thailand/koh-yawasam/,7.947525379765887,98.77921342849731,0.0,PADI_coordinate_water
1484,Thailand,Koh Talu,7.95552,98.78963,Reef,https://www.padi.com/dive-site/thailand/koh-talu/,7.9555158936497,98.78963112831114,0.0,PADI_coordinate_water
1682,Thailand,Koh Bida Nai & Nok / PhiPhi,7.65630,98.76709,Reef,https://www.padi.com/dive-site/thailand/koh-bida-nai-nok-phiphi/,7.656298045718425,98.76708984375,0.0,PADI_coordinate_water
1684,Thailand,Hin Bida Reef,7.63580,98.82168,Reef,https://www.padi.com/dive-site/thailand/hin-bida-reef/,7.635796763465028,98.82167816162108,0.0,PADI_coordinate_water
2086,Thailand,South point - Koh Larn,12.89766,100.77244,Drift; Reef,https://www.padi.com/dive-site/thailand/south-point-koh-larn/,12.89765651422799,100.7724380493164,0.0,PADI_coordinate_water
2090,Thailand,Koh Krock,12.92866,100.80406,Drift; Reef,https://www.padi.com/dive-site/thailand/koh-krock/,12.92866300913252,100.80405592918396,0.0,PADI_coordinate_water
2091,Thailand,Submarine Reef Koh Sak,12.94406,100.78948,Drift; Reef,https://www.padi.com/dive-site/thailand/submarine-reef-koh-sak/,12.94405502268154,100.789475440979,0.0,PADI_coordinate_water
2092,Thailand,Koh Klung Badan Bay,12.90130,100.68009,Reef,https://www.padi.com/dive-site/thailand/koh-klung-badan-bay/,12.90309469364649,100.6802773475647,200,minimum_nearest_shoreline_crossing
2093,Thailand,Koh Pai,12.92422,100.67717,Reef,https://www.padi.com/dive-site/thailand/koh-pai/,12.924218806832714,100.67716598510742,0.0,PADI_coordinate_water
2095,Thailand,Koh Rin,12.79891,100.70343,Reef,https://www.padi.com/dive-site/thailand/koh-rin/,12.798912138424638,100.70343017578124,0.0,PADI_coordinate_water
2098,Thailand,Shark Fin Rock,12.53691,100.93760,Reef,https://www.padi.com/dive-site/thailand/shark-fin-rock/,12.53690661907366,100.93759775161745,0.0,PADI_coordinate_water
2099,Thailand,Koh Chuang,12.51782,100.95667,Reef,https://www.padi.com/dive-site/thailand/koh-chuang/,12.517824067026558,100.95667362213136,0.0,PADI_coordinate_water
2100,Thailand,Koh Chan,12.51732,100.97294,Reef,https://www.padi.com/dive-site/thailand/koh-chan/,12.517321324285362,100.97293853759766,0.0,PADI_coordinate_water
2345,Thailand,The Bida´s,7.65503,98.76664,Drift; Reef; Wall,https://www.padi.com/dive-site/thailand/the-bida-s/,7.655032,98.766645,0.0,PADI_coordinate_water
2347,Thailand,Hin Daeng - Hin Muang,7.15217,98.82077,Drift; Reef; Wall,https://www.padi.com/dive-site/thailand/hin-daeng-hin-muang/,7.152166,98.820773,0.0,PADI_coordinate_water
2377,Thailand,Haad Yao,9.77441,99.96409,Beach,https://www.padi.com/dive-site/thailand/haad-yao/,9.776181472618129,99.9643850326538,200,minimum_nearest_shoreline_crossing
2609,Thailand,Koh Sak West,12.94636,100.79023,Reef,https://www.padi.com/dive-site/thailand/koh-sak-west/,12.946355377885771,100.79022645950316,0.0,PADI_coordinate_water
2611,Thailand,Had Nuan ( AKA Koh Lan Vak),12.89925,100.77673,Reef,https://www.padi.com/dive-site/thailand/had-nuan-aka-koh-lan-vak/,12.899246148131557,100.77672958374023,0.0,PADI_coordinate_water
2612,Thailand,Koh Sak East,12.94538,100.79513,Drift; Reef,https://www.padi.com/dive-site/thailand/koh-sak-east/,12.945382957594246,100.7951295375824,0.0,PADI_coordinate_water
2613,Thailand,Koh Sak Deep Reef,12.94606,100.78925,Drift; Reef,https://www.padi.com/dive-site/thailand/koh-sak-deep-reef/,12.946062606584269,100.78925013542175,0.0,PADI_coordinate_water
2614,Thailand,Koh Klung Badan South,12.89961,100.67952,Reef,https://www.padi.com/dive-site/thailand/koh-klung-badan-south/,12.899612180823494,100.67951560020444,0.0,PADI_coordinate_water
2762,Thailand,Surin Islands National Marine Park,9.41858,97.86982,Reef,https://www.padi.com/dive-site/thailand/surin-islands-national-marine-park/,9.41858067111931,97.86981582641602,0.0,PADI_coordinate_water
2763,Thailand,Similan Islands National Marine Park,8.59398,97.64848,Beach; Drift; Reef,https://www.padi.com/dive-site/thailand/similan-islands-national-marine-park/,8.595618555563465,97.64923095703124,200,minimum_nearest_shoreline_crossing
2825,Thailand,Khao Na Yak,8.57285,98.20968,Reef,https://www.padi.com/dive-site/thailand/khao-na-yak/,8.572852401111716,98.20968389511108,0.0,PADI_coordinate_water
2838,Thailand,Viking Cove,7.69336,98.76559,Reef,https://www.padi.com/dive-site/thailand/viking-cove/,7.6950861535237856,98.76605987548828,200,minimum_nearest_shoreline_crossing
3281,Thailand,Hin Raab,11.90011,102.31619,Reef,https://www.padi.com/dive-site/thailand/hin-raab/,11.900107,102.316189,0.0,PADI_coordinate_water
3921,Thailand,Banana Bay Racha Noi,7.50068,98.32400,Reef,https://www.padi.com/dive-site/thailand/banana-bay-racha-noi/,7.502387,98.324547,200,minimum_nearest_shoreline_crossing
4119,Thailand,Racha Noi Island,7.47073,98.31596,Drift; Reef; Sandy bottom; Wall; Ocean,https://www.padi.com/dive-site/thailand/racha-noi-island/,7.47073,98.315964,0.0,PADI_coordinate_water
4121,Thailand,Phi Phi Islands,7.65349,98.76503,Drift; Reef; Wall; Cavern; Ocean,https://www.padi.com/dive-site/thailand/phi-phi-islands/,7.653491,98.76503,0.0,PADI_coordinate_water
4122,Thailand,South Tip,7.46101,98.30494,Drift; Pinnacle; Reef; Wall; Ocean,https://www.padi.com/dive-site/thailand/south-tip/,7.461007,98.304935,0.0,PADI_coordinate_water
4123,Thailand,"Camera Bay, Racha Noi",7.50787,98.32455,Reef; Sandy bottom; Ocean,https://www.padi.com/dive-site/thailand/camera-bay-racha-noi/,7.509577,98.325105,200,minimum_nearest_shoreline_crossing
4124,Thailand,"Bungalow Bay, Racha Yai",7.60729,98.36538,Reef; Sandy bottom; Ocean,https://www.padi.com/dive-site/thailand/bungalow-bay-racha-yai/,7.608999,98.365917,200,minimum_nearest_shoreline_crossing
4125,Thailand,"Siam Bay, Racha Yai",7.61605,98.36967,Reef; Sandy bottom; Ocean,https://www.padi.com/dive-site/thailand/siam-bay-racha-yai/,7.617762,98.370209,200,minimum_nearest_shoreline_crossing
4131,Thailand,Marina Bay/Marita’s Rock,7.50102,98.31816,Drift; Reef; Ocean,https://www.padi.com/dive-site/thailand/marina-baymaritas-rock/,7.502727,98.31871,200,minimum_nearest_shoreline_crossing
4253,Thailand,Stonehenge,6.48519,99.33514,Drift; Pinnacle; Reef; Sandy bottom; Wall; Ocean,https://www.padi.com/dive-site/thailand/stonehenge-3/,6.485186,99.335139,0.0,PADI_coordinate_water
4750,Thailand,Nui Beach,7.78335,98.28661,Beach,https://www.padi.com/dive-site/thailand/nui-beach/,7.787123,98.290718,617,minimum_nearest_shoreline_crossing
4765,Thailand,Ao Sane beach,7.77617,98.29691,Beach; Reef; Sandy bottom,https://www.padi.com/dive-site/thailand/ao-sane-beach-2/,7.777882,98.297478,200,minimum_nearest_shoreline_crossing
4851,Thailand,Hin Daeng,7.15180,98.82000,Pinnacle; Reef; Ocean,https://www.padi.com/dive-site/thailand/hin-daeng-2/,7.1518,98.82,0.0,PADI_coordinate_water
4852,Thailand,Koh Ha,8.14847,98.74950,Cave; Pinnacle; Reef; Ocean,https://www.padi.com/dive-site/thailand/koh-ha/,8.1502,98.75,200,minimum_nearest_shoreline_crossing
4853,Thailand,Phi Phi,7.67867,98.75953,Beach; Reef,https://www.padi.com/dive-site/thailand/phi-phi/,7.6804,98.76,200,minimum_nearest_shoreline_crossing
5050,Thailand,Aussie Reef - Racha Noi,7.47098,98.31069,Drift; Reef; Wall; Ocean,https://www.padi.com/dive-site/thailand/aussie-reef-racha-noi/,7.470985,98.310685,0.0,PADI_coordinate_water
5304,Thailand,Koh Rok,7.22421,99.06647,Reef,https://www.padi.com/dive-site/thailand/koh-rok/,7.224206,99.066467,0.0,PADI_coordinate_water
5395,Thailand,Hin Klai (Garan heng),7.69475,98.78177,Reef,https://www.padi.com/dive-site/thailand/hin-klai-garan-heng/,7.694746,98.781767,0.0,PADI_coordinate_water
5425,Thailand,Koh Talang Steps,6.48939,99.33207,Muck; Reef,https://www.padi.com/dive-site/thailand/koh-talang-steps/,6.489386,99.33207,0.0,PADI_coordinate_water
5435,Thailand,Koh Ha Lagoon,7.42942,98.89539,Reef,https://www.padi.com/dive-site/thailand/koh-ha-lagoon/,7.429422,98.895394,0.0,PADI_coordinate_water
5438,Thailand,Palong Wall,7.68701,98.76323,Reef; Sandy bottom; Wall,https://www.padi.com/dive-site/thailand/palong-wall/,7.687006,98.763227,0.0,PADI_coordinate_water
5474,Thailand,Laem Thien,10.08785,99.85628,Wall,https://www.padi.com/dive-site/thailand/laem-thien/,10.087854,99.856281,0.0,PADI_coordinate_water
5800,Thailand,Angthong Marine Park,9.77402,99.68170,Cave; Reef; Channel,https://www.padi.com/dive-site/thailand/angthong-marine-park/,9.774025,99.681702,0.0,PADI_coordinate_water
5810,Thailand,Koh Ma,9.79898,99.97657,Beach; Reef; Wall,https://www.padi.com/dive-site/thailand/koh-ma/,9.800752,99.976873,200,minimum_nearest_shoreline_crossing
6251,Thailand,Yanui beach,7.76598,98.30254,Beach,https://www.padi.com/dive-site/thailand/yanui-beach/,7.76865470991368,98.30549240112305,442,minimum_nearest_shoreline_crossing
6252,Thailand,Mai Thon,7.75766,98.47503,Reef; Ocean,https://www.padi.com/dive-site/thailand/mai-thon/,7.757662767539553,98.4750294685364,0.0,PADI_coordinate_water
6253,Thailand,Anemone Reef,7.80748,98.62749,Reef; Ocean,https://www.padi.com/dive-site/thailand/anemone-reef-2/,7.807475009855,98.62748622894289,0.0,PADI_coordinate_water
6504,Thailand,Aow Leuk,10.07055,99.83971,Beach; Reef,https://www.padi.com/dive-site/thailand/aow-leuk/,10.072305,99.840059,200,minimum_nearest_shoreline_crossing
6506,Thailand,Hin Wong Bay,10.10050,99.85022,Reef,https://www.padi.com/dive-site/thailand/hin-wong-bay/,10.102261390296658,99.8505735397339,200,minimum_nearest_shoreline_crossing
6536,Thailand,Hin Wong Pinnacles,10.11261,99.85216,Reef; Ocean,https://www.padi.com/dive-site/thailand/hin-wong/,10.112612,99.852161,0.0,PADI_coordinate_water
6540,Thailand,Hin Pee Wee,10.10311,99.81517,Pinnacle; Reef; Ocean,https://www.padi.com/dive-site/thailand/hin-pee-wee/,10.103106389102482,99.8151683807373,0.0,PADI_coordinate_water
6545,Thailand,Tanote Bay,10.08168,99.84887,Pinnacle; Reef; Ocean,https://www.padi.com/dive-site/thailand/tanote-bay/,10.083438,99.849222,200,minimum_nearest_shoreline_crossing
6546,Thailand,Southwest,10.02126,99.75895,Reef,https://www.padi.com/dive-site/thailand/southwest/,10.021258,99.758949,0.0,PADI_coordinate_water
6559,Thailand,Lighthouse Bay,10.12006,99.84477,Reef; Wall; Ocean,https://www.padi.com/dive-site/thailand/lighthouse-4/,10.121823,99.845123,200,minimum_nearest_shoreline_crossing
6561,Thailand,Hin Ngam,10.06740,99.84066,Reef; Wall; Ocean,https://www.padi.com/dive-site/thailand/hin-ngam/,10.067403,99.84066,0.0,PADI_coordinate_water
7747,Thailand,Hin Yetti,11.62265,102.54221,Reef,https://www.padi.com/dive-site/thailand/hin-yetti/,11.622646995120736,102.5422110562795,0.0,PADI_coordinate_water
8272,Thailand,Ban's Artificial Reef,10.09390,99.82471,Reef,https://www.padi.com/dive-site/thailand/bans-artificial-reef/,10.093895782348962,99.82470989139983,0.0,PADI_coordinate_water
8299,Thailand,Sam Laem,10.62737,99.45316,Reef; Wall,https://www.padi.com/dive-site/thailand/sam-laem/,10.62737,99.45316,0.0,PADI_coordinate_water
8391,Thailand,Red Rock,10.12267,99.81512,Wall,https://www.padi.com/dive-site/thailand/red-rock-2/,10.122667,99.815125,0.0,PADI_coordinate_water
8394,Thailand,Green Rock,10.12655,99.81010,Pinnacle; Reef; Ocean,https://www.padi.com/dive-site/thailand/green-rock/,10.126554,99.810104,0.0,PADI_coordinate_water
8491,Thailand,AlotMeant - Coral Restoration Project,10.09010,99.82264,Reef,https://www.padi.com/dive-site/thailand/alotmeant-coral-restoration-project/,10.090104,99.822636,0.0,PADI_coordinate_water
8916,Thailand,Southwest Pinnacle,9.99460,99.77880,Pinnacle; Reef; Wall; Ocean,https://www.padi.com/dive-site/thailand/southwest-pinnacle/,9.9946,99.7788,0.0,PADI_coordinate_water
8918,Thailand,Ang Thong Marine Park,9.79960,99.71370,Cave; Reef; Sandy bottom; Ocean,https://www.padi.com/dive-site/thailand/ang-thong-marine-park/,9.7996,99.7137,0.0,PADI_coordinate_water
9242,Thailand,Hin Lak Ngam,10.45061,99.40213,Reef,https://www.padi.com/dive-site/thailand/lak-ngam/,10.450612,99.40213,0.0,PADI_coordinate_water
10381,Thailand,Monkey Reef,7.72558,98.76889,Reef,https://www.padi.com/dive-site/thailand/monkey-beach/,7.725578261339612,98.768892288208,0.0,PADI_coordinate_water
10608,Thailand,Mun Nai Jetty,12.61381,101.68616,Sandy bottom,https://www.padi.com/dive-site/thailand/mun-nai-jetty/,12.613809,101.686159,0.0,PADI_coordinate_water
10755,Thailand,Racha Yai Island,7.60347,98.37708,Drift; Reef; Sandy bottom; Ocean,https://www.padi.com/dive-site/thailand/racha-yai-island/,7.603469,98.377075,0.0,PADI_coordinate_water
11276,Thailand,Kata Beach House Reef,7.82159,98.29222,Beach; Reef; Sandy bottom; Ocean,https://www.padi.com/dive-site/thailand/kata-beach-house-reef/,7.823290999470534,98.2927894793097,200,minimum_nearest_shoreline_crossing
11479,Thailand,Artificial Reef and Coral Nursery,7.69560,98.76619,Reef,https://www.padi.com/dive-site/thailand/artificial-reef-and-coral-nursery/,7.695596499754293,98.766188621521,0.0,PADI_coordinate_water
11852,Thailand,Bida Nok,7.65481,98.76679,Drift; Pinnacle; Reef; Sandy bottom; Wall,https://www.padi.com/dive-site/thailand/bida-nok/,7.654809396567921,98.76678943634036,0.0,PADI_coordinate_water
12064,Thailand,Sail Rock,9.92692,99.97696,Wall,https://www.padi.com/dive-site/thailand/sail-rock-3/,9.926919,99.976959,0.0,PADI_coordinate_water
12183,Thailand,Buddha Island,7.74858,98.30279,Reef; Channel,https://www.padi.com/dive-site/thailand/buddha-island/,7.748584128537627,98.30278873443604,0.0,PADI_coordinate_water
12585,Thailand,Koh Yawabon,7.94847,98.79788,Reef; Wall,https://www.padi.com/dive-site/thailand/koh-yawabon/,7.948471073704264,98.79788160324097,0.0,PADI_coordinate_water
12675,Thailand,Junkyard Reef,10.09284,99.82392,Reef; Ocean,https://www.padi.com/dive-site/thailand/junkyard/,10.09284,99.823923,0.0,PADI_coordinate_water
12676,Thailand,Mango Bay,10.12167,99.83473,Reef,https://www.padi.com/dive-site/thailand/mango-bay/,10.123428,99.835081,200,minimum_nearest_shoreline_crossing
12677,Thailand,Chumphon Pinnacle,10.16119,99.78779,Pinnacle; Sandy bottom; Ocean,https://www.padi.com/dive-site/thailand/chumphon-pinnacle/,10.161195,99.787788,0.0,PADI_coordinate_water
12728,Thailand,Buoyancy World,10.11789,99.81318,Sandy bottom; Ocean,https://www.padi.com/dive-site/thailand/buoyancy-world/,10.117893508599048,99.8131835460663,0.0,PADI_coordinate_water
12729,Thailand,Twins,10.11741,99.81301,Pinnacle; Reef; Ocean,https://www.padi.com/dive-site/thailand/twins/,10.117408,99.813012,0.0,PADI_coordinate_water
12730,Thailand,White Rock,10.10535,99.81525,Reef,https://www.padi.com/dive-site/thailand/white-rock/,10.105346,99.815254,0.0,PADI_coordinate_water
12731,Thailand,Shark Island,10.06198,99.84476,Reef; Ocean,https://www.padi.com/dive-site/thailand/shark-island/,10.061984,99.844759,0.0,PADI_coordinate_water
12732,Thailand,Japanese Gardens,10.11937,99.81422,Reef; Sandy bottom; Ocean,https://www.padi.com/dive-site/thailand/japanese-gardens-2/,10.119372,99.814224,0.0,PADI_coordinate_water
12733,Thailand,Pottery,10.08220,99.81568,Reef,https://www.padi.com/dive-site/thailand/pottery/,10.082203,99.815683,0.0,PADI_coordinate_water
12955,Thailand,hin tai nam (blueberry hill),11.92077,102.31190,Reef; Ocean,https://www.padi.com/dive-site/thailand/hin-tai-nam-blueberry-hill/,11.920767235740016,102.31189727783205,0.0,PADI_coordinate_water
12957,Thailand,Hin gue dueng (The pinnacle),11.81460,102.36691,Pinnacle; Reef,https://www.padi.com/dive-site/thailand/hin-gue-dueng-the-pinnacle/,11.814596220279627,102.36691474914552,0.0,PADI_coordinate_water
12958,Thailand,Koh yak - Koh rang national park,11.78847,102.39580,Reef; Sandy bottom,https://www.padi.com/dive-site/thailand/koh-yak-koh-rang-national-park/,11.788467,102.395797,0.0,PADI_coordinate_water
12959,Thailand,Hin kuak maa (Three fingers),11.79191,102.39962,Reef,https://www.padi.com/dive-site/thailand/hin-kuak-maa-three-fingers/,11.791911936914468,102.39961624145508,0.0,PADI_coordinate_water
12960,Thailand,Koh thian - Koh rang national park,11.80569,102.37721,Reef; Sandy bottom,https://www.padi.com/dive-site/thailand/koh-thian-koh-rang-national-park/,11.805690762447794,102.37721443176272,0.0,PADI_coordinate_water
12962,Thailand,koh laun - Koh rang national park,11.78506,102.39391,Reef,https://www.padi.com/dive-site/thailand/koh-laun-koh-rang-national-park/,11.785064,102.393909,0.0,PADI_coordinate_water
13122,Thailand,Hin luk bath,11.94600,102.20000,Pinnacle; Reef,https://www.padi.com/dive-site/thailand/hin-luk-bath/,11.946,102.2,0.0,PADI_coordinate_water
13186,Thailand,Ao Kluai,11.67758,102.60497,Reef,https://www.padi.com/dive-site/thailand/ao-kluai-2/,11.679260973004943,102.60432353286184,200,minimum_nearest_shoreline_crossing
13187,Thailand,Soneva Reef,11.70011,102.53399,Reef,https://www.padi.com/dive-site/thailand/soneva-reef/,11.700105497049536,102.533985060994,0.0,PADI_coordinate_water
13189,Thailand,Koh Reath,11.68334,102.52387,Reef,https://www.padi.com/dive-site/thailand/koh-reath-2/,11.683336048204266,102.52387379151634,0.0,PADI_coordinate_water
13190,Thailand,Koh Reath,11.68313,102.52416,Reef,https://www.padi.com/dive-site/thailand/koh-reath-3/,11.683127414515251,102.52415566587308,0.0,PADI_coordinate_water
13459,Thailand,Koh Ngam Yai / Rhino Island,10.49634,99.42168,Reef,https://www.padi.com/dive-site/thailand/koh-ngam-yai/,10.496335838521404,99.42167758941652,0.0,PADI_coordinate_water
13460,Thailand,Hin Pae / Rocky Pinnacle,10.50002,99.42349,Pinnacle; Reef,https://www.padi.com/dive-site/thailand/hin-pae/,10.50001752430052,99.42348538831618,0.0,PADI_coordinate_water
13461,Thailand,Hin Chedi / Rhino Horns,10.49194,99.41913,Reef,https://www.padi.com/dive-site/thailand/hin-chedi/,10.491936746750923,99.41913479164222,0.0,PADI_coordinate_water
13462,Thailand,Koh Ngam Noi / Vietnamese Island,10.48593,99.41716,Drift; Reef,https://www.padi.com/dive-site/thailand/koh-ngam-noi/,10.485934,99.417161,0.0,PADI_coordinate_water
13470,Thailand,Koh Haa,7.42924,98.89528,Cave; Pinnacle; Reef; Sandy bottom; Wall; Cavern,https://www.padi.com/dive-site/thailand/koh-haa-5/,7.429240848718211,98.89527901609434,0.0,PADI_coordinate_water
13583,Thailand,Bida Nok Bay,7.65326,98.76634,Reef; Sandy bottom; Ocean,https://www.padi.com/dive-site/thailand/bida-nok-bay/,7.655001188113638,98.76681423502612,200,minimum_nearest_shoreline_crossing
14893,Thailand,Ao Tum,11.61913,102.53456,Reef,https://www.padi.com/dive-site/thailand/autum/,11.619130675601133,102.53455938010865,0.0,PADI_coordinate_water
16641,Thailand,Karon rock,7.83296,98.28438,Pinnacle; Reef; Sandy bottom; Ocean,https://www.padi.com/dive-site/thailand/karon-rock/,7.832963,98.284378,0.0,PADI_coordinate_water
17147,Thailand,Chumphon Pinnacle,10.17161,99.78022,Pinnacle,https://www.padi.com/dive-site/thailand/chumphon-pinnacle-2/,10.171614004492392,99.78022103224718,0.0,PADI_coordinate_water
18304,Thailand,No Name,10.11650,99.81003,Reef,https://www.padi.com/dive-site/thailand/no-name/,10.116499,99.810029,0.0,PADI_coordinate_water
21355,Thailand,Kata Beach North,7.82141,98.29258,Beach; Reef; Sandy bottom,https://www.padi.com/dive-site/thailand/kata-beach-north/,7.823106,98.293155,200,minimum_nearest_shoreline_crossing
21416,Thailand,Pileh wall,7.68424,98.77032,Reef; Wall,https://www.padi.com/dive-site/thailand/pileh-wall/,7.684241614678355,98.7703150675819,0.0,PADI_coordinate_water
21417,Thailand,Mushroom Rock,7.69424,98.76456,Pinnacle; Reef; Wall; Cavern,https://www.padi.com/dive-site/thailand/mushroom-rock-2/,7.694235575108032,98.76455783843996,0.0,PADI_coordinate_water
22770,Thailand,AOW Mao,10.09284,99.85246,Reef; Sandy bottom,https://www.padi.com/dive-site/thailand/aow-mao/,10.092839503254892,99.85246181488036,0.0,PADI_coordinate_water
23329,Thailand,Kata Beach North Reef,7.82070,98.29149,Beach; Muck; Reef,https://www.padi.com/dive-site/thailand/kata-beach-north-reef/,7.822398394264358,98.29205989837648,200,minimum_nearest_shoreline_crossing
23330,Thailand,Koh Bida Nok,7.65479,98.76623,Pinnacle; Reef; Sandy bottom; Wall,https://www.padi.com/dive-site/thailand/koh-bida-nok/,7.654788130113829,98.76623153686523,0.0,PADI_coordinate_water
23507,Thailand,Koh Man Wi chai,12.86879,100.67112,Drift; Reef; Ocean,https://www.padi.com/dive-site/thailand/koh-man-wi-chai/,12.868790353704243,100.67111584732376,0.0,PADI_coordinate_water
23658,Thailand,Shark Point,7.79850,98.62650,Drift; Pinnacle; Reef; Sandy bottom; Ocean,https://www.padi.com/dive-site/thailand/shark-point-7/,7.798503715938516,98.6264991760254,0.0,PADI_coordinate_water
24373,Thailand,Bida Nok Island,7.65498,98.76623,Reef; Wall,https://www.padi.com/dive-site/thailand/bida-nog-island/,7.65497952816253,98.76623153686523,0.0,PADI_coordinate_water
1975,The Guadeloupe Islands,Morphy,16.25369,-61.80547,Reef,https://www.padi.com/dive-site/the-guadeloupe-islands/morphy/,16.253694948801503,-61.80547239149746,0.0,PADI_coordinate_water
1976,The Guadeloupe Islands,Pointe de Ferry,16.27532,-61.81183,Reef,https://www.padi.com/dive-site/the-guadeloupe-islands/pointe-de-ferry/,16.275323808198852,-61.81182861328124,0.0,PADI_coordinate_water
1978,The Guadeloupe Islands,Reserve Cousteau North wall,16.17412,-61.78986,Reef; Wall,https://www.padi.com/dive-site/the-guadeloupe-islands/reserve-cousteau-north-wall/,16.174121484783985,-61.78985595703124,0.0,PADI_coordinate_water
7015,The Guadeloupe Islands,Jardin de corail,16.16747,-61.78820,Wall,https://www.padi.com/dive-site/the-guadeloupe-islands/jardin-de-corail/,16.167470562168837,-61.788199425791404,0.0,PADI_coordinate_water
21140,The Guadeloupe Islands,Paul Thomas,16.28473,-61.80530,Reef; Sandy bottom,https://www.padi.com/dive-site/the-guadeloupe-islands/paul-thomas/,16.284594,-61.803434,200,minimum_nearest_shoreline_crossing
21213,The Guadeloupe Islands,Gros Morne,16.31268,-61.80234,Cave; Reef,https://www.padi.com/dive-site/the-guadeloupe-islands/gros-morne/,16.312684620128717,-61.8023443222046,0.0,PADI_coordinate_water
23919,The Guadeloupe Islands,Pointe aux Fous,16.29278,-61.80476,Reef; Wall,https://www.padi.com/dive-site/the-guadeloupe-islands/pointe-aux-fous/,16.29258398776188,-61.802902221679695,200,minimum_nearest_shoreline_crossing
24369,The Guadeloupe Islands,Îlet Gosier,16.19978,-61.49243,Reef; Sandy bottom,https://www.padi.com/dive-site/the-guadeloupe-islands/ilet-gosier/,16.199777237002383,-61.49243116378785,0.0,PADI_coordinate_water
24370,The Guadeloupe Islands,Fajou,16.34746,-61.57692,Drift; Wall,https://www.padi.com/dive-site/the-guadeloupe-islands/fajou/,16.347464546733672,-61.576920747756965,0.0,PADI_coordinate_water
24371,The Guadeloupe Islands,Ismini,16.15906,-61.54565,Reef,https://www.padi.com/dive-site/the-guadeloupe-islands/ismini/,16.1590561929114,-61.54564619064332,0.0,PADI_coordinate_water
24521,The Guadeloupe Islands,Epi de Corail,16.18648,-61.51948,Sandy bottom; Wall,https://www.padi.com/dive-site/the-guadeloupe-islands/epi-de-corail/,16.186483,-61.519483,0.0,PADI_coordinate_water
24569,The Guadeloupe Islands,Grand Bornand,16.17807,-61.49472,Drift; Reef,https://www.padi.com/dive-site/the-guadeloupe-islands/grand-bornand/,16.178067,-61.494717,0.0,PADI_coordinate_water
24702,The Guadeloupe Islands,Le Cirque,16.17117,-61.52772,Reef,https://www.padi.com/dive-site/the-guadeloupe-islands/le-cirque/,16.171167,-61.527717,0.0,PADI_coordinate_water
11658,Timor Leste (East Timor),Dili Rock West,-8.55410,125.49728,Beach; Reef; Ocean,https://www.padi.com/dive-site/timor-leste-east-timor/dili-rock-west/,-8.555555555555557,125.49833333333332,200,minimum_nearest_shoreline_crossing
11668,Timor Leste (East Timor),Inner Reef,-8.21899,125.61415,Reef; Sandy bottom; Ocean,https://www.padi.com/dive-site/timor-leste-east-timor/inner-reef/,-8.220760462323838,125.61445713043214,200,minimum_nearest_shoreline_crossing
11670,Timor Leste (East Timor),Compass House Reef,-8.22668,125.60949,Drift; Reef; Sandy bottom,https://www.padi.com/dive-site/timor-leste-east-timor/compass-house-reef/,-8.22844824821665,125.60981154441836,200,minimum_nearest_shoreline_crossing
11671,Timor Leste (East Timor),Watuwai,-8.22888,125.61015,Drift; Reef; Wall; Ocean,https://www.padi.com/dive-site/timor-leste-east-timor/watuwai/,-8.230646247983849,125.61046600341798,200,minimum_nearest_shoreline_crossing
11672,Timor Leste (East Timor),Raiketa,-8.23278,125.60919,Drift; Muck; Reef; Sandy bottom; Ocean,https://www.padi.com/dive-site/timor-leste-east-timor/raiketa/,-8.23455377300814,125.60952186584474,200,minimum_nearest_shoreline_crossing
13437,Timor Leste (East Timor),Franks Crack,-8.20777,125.55550,Wall,https://www.padi.com/dive-site/timor-leste-east-timor/franks-crack/,-8.20777,125.5555,0.0,PADI_coordinate_water
1028,Trinidad and Tobago,Flying Manta,11.30670,-60.50789,Drift; Reef,https://www.padi.com/dive-site/trinidad-and-tobago/flying-manta/,11.306697731168978,-60.50788879394531,0.0,PADI_coordinate_water
1029,Trinidad and Tobago,TDE Special,11.29256,-60.50643,Drift; Reef,https://www.padi.com/dive-site/trinidad-and-tobago/tde-special/,11.292557685195094,-60.50642967224121,0.0,PADI_coordinate_water
1031,Trinidad and Tobago,Japanese Gardens,11.29710,-60.51973,Drift; Reef,https://www.padi.com/dive-site/trinidad-and-tobago/japanese-gardens/,11.297102776008908,-60.51973342895508,0.0,PADI_coordinate_water
1032,Trinidad and Tobago,Angel Reef,11.30156,-60.51995,Drift; Reef,https://www.padi.com/dive-site/trinidad-and-tobago/angel-reef/,11.301563628438402,-60.51994800567627,0.0,PADI_coordinate_water
1788,Trinidad and Tobago,Flying Reef,11.14320,-60.83147,Drift; Reef,https://www.padi.com/dive-site/trinidad-and-tobago/flying-reef/,11.14320316360361,-60.83147048950195,0.0,PADI_coordinate_water
1792,Trinidad and Tobago,Cove Ledge,11.13244,-60.80077,Drift; Reef,https://www.padi.com/dive-site/trinidad-and-tobago/cove-ledge/,11.133602775540371,-60.79936981201171,200,minimum_nearest_shoreline_crossing
1794,Trinidad and Tobago,Mount Irvine Wall,11.20080,-60.79654,Reef,https://www.padi.com/dive-site/trinidad-and-tobago/mount-irvine-wall/,11.200798829085851,-60.79653739929199,0.0,PADI_coordinate_water
1799,Trinidad and Tobago,Diver's Thirst,11.11255,-60.85670,Reef,https://www.padi.com/dive-site/trinidad-and-tobago/divers-thirst/,11.11254818490004,-60.85670471191406,0.0,PADI_coordinate_water
11452,Trinidad and Tobago,The 5 Sisters,11.33384,-60.64453,Pinnacle; Reef; Wall; Ocean,https://www.padi.com/dive-site/trinidad-and-tobago/the-5-sisters/,11.33383961356164,-60.64453125000001,0.0,PADI_coordinate_water
11840,Trinidad and Tobago,Rock Beauty Point,11.33275,-60.64693,Ocean,https://www.padi.com/dive-site/trinidad-and-tobago/rock-beauty-point/,11.332745571981905,-60.64693450927735,0.0,PADI_coordinate_water
1625,Tunisia,Lampione,35.55374,12.32168,Wall,https://www.padi.com/dive-site/tunisia/lampione/,35.55373654269702,12.32168197631836,0.0,PADI_coordinate_water
9030,Tunisia,Capo Grecale Nord,35.51721,12.63436,Drift; Wall,https://www.padi.com/dive-site/tunisia/capo-grecale-nord/,35.51720749147527,12.634363174438477,0.0,PADI_coordinate_water
9031,Tunisia,Taccio Vecchio,35.52521,12.59883,Sandy bottom; Wall; Cavern; Channel,https://www.padi.com/dive-site/tunisia/taccio-vecchio/,35.52520619154262,12.59882926940918,0.0,PADI_coordinate_water
9033,Tunisia,Punta Cappellone,35.52378,12.58358,Wall,https://www.padi.com/dive-site/tunisia/punta-cappellone/,35.5237829003794,12.583583593368532,0.0,PADI_coordinate_water
9051,Tunisia,La Madonnina,35.50833,12.55647,Sandy bottom; Wall; Cavern,https://www.padi.com/dive-site/tunisia/la-madonnina/,35.50833463852066,12.556471824645998,0.0,PADI_coordinate_water
24787,Tunisia,Roches de Sidi Yati,33.83116,11.05854,Sandy bottom; Ocean,https://www.padi.com/dive-site/tunisia/roches-de-sidi-yati/,33.83116,11.05854,0.0,PADI_coordinate_water
24788,Tunisia,Roches de Ras Taguermess,33.83522,11.07607,Sandy bottom; Ocean,https://www.padi.com/dive-site/tunisia/roches-de-ras-taguermess/,33.83522255865438,11.07607079272912,0.0,PADI_coordinate_water
24789,Tunisia,Arches de Sidi Yati,33.83575,11.04412,Cave; Sandy bottom; Ocean,https://www.padi.com/dive-site/tunisia/arches-de-sidi-yati/,33.83574570137751,11.044117196322604,0.0,PADI_coordinate_water
2663,Turkey,Akyar Reef,37.87613,27.26298,Reef,https://www.padi.com/dive-site/turkey/akyar-reef/,37.876445,27.265223,200,minimum_nearest_shoreline_crossing
2666,Turkey,Mustafa Reef,37.87956,27.25902,Reef,https://www.padi.com/dive-site/turkey/mustafa-reef/,37.879559,27.259023,0.0,PADI_coordinate_water
2669,Turkey,Red Rock,36.79105,28.28637,Cave; Wall,https://www.padi.com/dive-site/turkey/red-rock/,36.791049,28.286371,0.0,PADI_coordinate_water
2671,Turkey,Adabanko Reef,37.86910,27.24443,Reef,https://www.padi.com/dive-site/turkey/adabanko-reef/,37.869102,27.244433,0.0,PADI_coordinate_water
2687,Turkey,Abdi Reis,36.79349,28.28392,Reef; Wall,https://www.padi.com/dive-site/turkey/abdi-reis/,36.793486294168986,28.283915519714355,0.0,PADI_coordinate_water
2688,Turkey,Chimney Cave,36.79323,28.29181,Cave; Wall,https://www.padi.com/dive-site/turkey/chimney-cave/,36.79322854434974,28.2918119430542,0.0,PADI_coordinate_water
2689,Turkey,Lighthouse,36.79904,28.25937,Reef,https://www.padi.com/dive-site/turkey/lighthouse-2/,36.79904488756929,28.25936794281006,0.0,PADI_coordinate_water
2690,Turkey,kadirga bay,36.71703,28.29389,Reef,https://www.padi.com/dive-site/turkey/kadirga-bay/,36.71769630566352,28.295974731445312,200,minimum_nearest_shoreline_crossing
2691,Turkey,Ottoman Anchor,36.80214,28.26001,Reef,https://www.padi.com/dive-site/turkey/ottoman-anchor/,36.8021375933119,28.260011672973636,0.0,PADI_coordinate_water
2695,Turkey,Sari Mehmet,36.78915,28.25546,Cave; Wall,https://www.padi.com/dive-site/turkey/sari-mehmet/,36.78914738997798,28.25546264648437,0.0,PADI_coordinate_water
2703,Turkey,Frenk Bay,36.24320,29.40656,Reef,https://www.padi.com/dive-site/turkey/frenk-bay/,36.24410012782735,29.4084906578064,200,minimum_nearest_shoreline_crossing
2704,Turkey,Rambo Cave,36.53494,31.98634,Cave,https://www.padi.com/dive-site/turkey/rambo-cave/,36.53615711353248,31.987981796264645,200,minimum_nearest_shoreline_crossing
2705,Turkey,Frenk Bay Inner Wall,36.24396,29.40461,Wall,https://www.padi.com/dive-site/turkey/frenk-bay-inner-wall/,36.244861576252816,29.406538009643555,200,minimum_nearest_shoreline_crossing
2706,Turkey,Frenk Bay Outer Wall,36.24555,29.39959,Wall,https://www.padi.com/dive-site/turkey/frenk-bay-outer-wall/,36.2464536717158,29.40151691436768,200,minimum_nearest_shoreline_crossing
2707,Turkey,Pirate Cave,36.52972,31.99635,Cave,https://www.padi.com/dive-site/turkey/pirate-cave/,36.53095020487832,31.997981071472164,200,minimum_nearest_shoreline_crossing
2708,Turkey,Frenk Bay  South Wall,36.23728,29.40246,Reef; Wall,https://www.padi.com/dive-site/turkey/frenk-bay-south-wall/,36.238181343966346,29.40439224243164,200,minimum_nearest_shoreline_crossing
2711,Turkey,Vomit (Lighthouse) Reef,36.20855,29.34440,Reef; Wall,https://www.padi.com/dive-site/turkey/vomit-lighthouse-reef/,36.20854607573818,29.34439659118652,0.0,PADI_coordinate_water
2712,Turkey,Heybeli Ada Reef,36.20216,29.43759,Reef,https://www.padi.com/dive-site/turkey/heybeli-ada-reef/,36.20215709682373,29.43758726119995,0.0,PADI_coordinate_water
2713,Turkey,Heybeli Ada Wall,36.20470,29.43920,Wall,https://www.padi.com/dive-site/turkey/heybeli-ada-wall/,36.20470236230266,29.439196586608887,0.0,PADI_coordinate_water
2714,Turkey,Panorama Reef,36.20373,29.44134,Reef,https://www.padi.com/dive-site/turkey/panorama-reef/,36.20373274711737,29.4413423538208,0.0,PADI_coordinate_water
2715,Turkey,Oksuz Ada,36.18029,29.44799,Reef,https://www.padi.com/dive-site/turkey/oksuz-ada/,36.1802851813052,29.44799423217773,0.0,PADI_coordinate_water
2863,Turkey,SMAGGLERS BAY,36.98405,27.43638,Beach,https://www.padi.com/dive-site/turkey/smagglers-bay/,36.984592,27.438522,200,minimum_nearest_shoreline_crossing
2865,Turkey,BIG REEF,37.00481,27.41312,Reef,https://www.padi.com/dive-site/turkey/big-reef/,37.004814,27.413117,0.0,PADI_coordinate_water
2866,Turkey,SMALL REEF,37.00725,27.41410,Reef,https://www.padi.com/dive-site/turkey/small-reef-2/,37.007247,27.414104,0.0,PADI_coordinate_water
3373,Turkey,Besmi Island,36.15149,29.61614,Drift; Reef; Archaeological,https://www.padi.com/dive-site/turkey/besmi-island/,36.151494,29.616137,0.0,PADI_coordinate_water
8382,Turkey,BlueLagoon,36.54912,29.11056,Beach,https://www.padi.com/dive-site/turkey/bluelagoon/,36.54991407904702,29.112567901611328,200,minimum_nearest_shoreline_crossing
9841,Turkey,Milet,37.32606,27.24412,Cave; Reef; Wall,https://www.padi.com/dive-site/turkey/milet/,37.32606317789758,27.2441226587814,0.0,PADI_coordinate_water
10123,Turkey,Duden Waterfall,36.84986,30.78142,Drift,https://www.padi.com/dive-site/turkey/duden-waterfall/,36.85078,30.783348,200,minimum_nearest_shoreline_crossing
11305,Turkey,Peksimet Island,36.56728,28.82553,Wall; Ocean,https://www.padi.com/dive-site/turkey/peksimet-island/,36.56728208433598,28.825528621673588,0.0,PADI_coordinate_water
11500,Turkey,Aquarium,36.62028,29.04111,Ocean,https://www.padi.com/dive-site/turkey/aquarium-9/,36.62027777777778,29.041111111111118,0.0,PADI_coordinate_water
11644,Turkey,Cold Water Cave,36.72177,28.64472,Cave; Ocean; Spring,https://www.padi.com/dive-site/turkey/cold-water-cave/,36.72246922800819,28.64677727211529,200,minimum_nearest_shoreline_crossing
11645,Turkey,Tectonic Cove,36.54284,29.00916,Pinnacle; Ocean,https://www.padi.com/dive-site/turkey/tectonic-cove/,36.54361944477327,29.01116609562451,200,minimum_nearest_shoreline_crossing
11646,Turkey,Kabak Tunnel,36.44586,29.12175,Cave; Wall; Ocean,https://www.padi.com/dive-site/turkey/kabak-tunnel/,36.4458643978272,29.12174642086029,0.0,PADI_coordinate_water
11647,Turkey,Sancakli Bay,36.42580,29.12707,Reef; Wall; Ocean,https://www.padi.com/dive-site/turkey/sancakli-bay/,36.426617201001854,29.12904739379883,200,minimum_nearest_shoreline_crossing
11651,Turkey,Sariyarlar/Yellow Stones,36.60954,29.03401,Beach; Sandy bottom; Wall; Ocean,https://www.padi.com/dive-site/turkey/sariyarlaryellow-stones/,36.61030902067489,29.03602838516236,200,minimum_nearest_shoreline_crossing
11653,Turkey,Iblis Reef,36.54583,29.00748,Reef; Archaeological; Channel; Ocean,https://www.padi.com/dive-site/turkey/iblis-reef/,36.54583422171011,29.0074753756926,0.0,PADI_coordinate_water
11660,Turkey,Lycian Wall,36.51467,29.12184,Wall; Cavern; Spring,https://www.padi.com/dive-site/turkey/lycian-wall/,36.51466776675578,29.1218376159668,0.0,PADI_coordinate_water
11661,Turkey,Amphora Wall,36.54506,29.05510,Wall; Ocean,https://www.padi.com/dive-site/turkey/amphora-wall/,36.54506085269821,29.055104255676277,0.0,PADI_coordinate_water
11663,Turkey,Big Reef/Dalyan Reef,36.60185,29.02047,Reef; Wall; Ocean,https://www.padi.com/dive-site/turkey/big-reefdalyan-reef/,36.60185014773341,29.02047157287598,0.0,PADI_coordinate_water
12587,Turkey,Paradise,37.91746,27.26395,Reef,https://www.padi.com/dive-site/turkey/paradise-7/,37.91745629633874,27.26394653320313,0.0,PADI_coordinate_water
12945,Turkey,IREM METE,38.66323,26.51919,Wall,https://www.padi.com/dive-site/turkey/irem-mete/,38.6632293081453,26.51919397706325,0.0,PADI_coordinate_water
12951,Turkey,The Bedroom,38.42297,26.32371,Cavern,https://www.padi.com/dive-site/turkey/the-bedroom/,38.42296575580536,26.323714256286625,0.0,PADI_coordinate_water
13056,Turkey,MELINA ISLAND,39.33659,26.56078,Reef,https://www.padi.com/dive-site/turkey/melina-island-2/,39.33658773288795,26.56077861785889,0.0,PADI_coordinate_water
13130,Turkey,Yelken Kaya,38.75114,26.80424,Cave; Drift; Wall,https://www.padi.com/dive-site/turkey/yelken-kaya/,38.75113811053054,26.80423736572266,0.0,PADI_coordinate_water
13137,Turkey,BÜYÜKADA KURŞUN BURNU,40.83773,29.12404,Reef,https://www.padi.com/dive-site/turkey/buyukada-kursun-burnu/,40.837734,29.124038,0.0,PADI_coordinate_water
13440,Turkey,Air cave,36.45790,30.54789,Cave; Cavern,https://www.padi.com/dive-site/turkey/air-cave/,36.45789587565848,30.547893047332767,0.0,PADI_coordinate_water
13476,Turkey,Deep cave,36.45817,30.55255,Cave; Cavern,https://www.padi.com/dive-site/turkey/deep-cave/,36.4581720075129,30.55254936218262,0.0,PADI_coordinate_water
13477,Turkey,Pyramide Reef,36.46140,30.55276,Reef; Sandy bottom; Wall; Archaeological,https://www.padi.com/dive-site/turkey/pyramide-reef/,36.46139922566138,30.55276393890381,0.0,PADI_coordinate_water
21419,Turkey,Lego Hill,38.17359,26.77010,Wall; Ocean,https://www.padi.com/dive-site/turkey/lego-hill/,38.1735889,26.770102777777776,0.0,PADI_coordinate_water
24600,Turkey,Heybeliada,40.86800,29.08017,Sandy bottom; Wall,https://www.padi.com/dive-site/turkey/prince-islands/,40.86799610036374,29.080165352058632,0.0,PADI_coordinate_water
2773,Turks and Caicos Islands,The Arch,21.48418,-71.51658,Cave; Wall,https://www.padi.com/dive-site/turks-and-caicos-islands/the-arch-3/,21.484180176672144,-71.51657581329346,0.0,PADI_coordinate_water
928,U.S. Virgin Islands,Eagle Ray,17.76160,-64.69880,Reef,https://www.padi.com/dive-site/united-states-virgin-islands/eagle-ray/,17.7616,-64.6988,0.0,PADI_coordinate_water
1229,U.S. Virgin Islands,Scotch Bank,17.76863,-64.69122,Reef; Wall,https://www.padi.com/dive-site/united-states-virgin-islands/scotch-bank/,17.7686333333,-64.6912166667,0.0,PADI_coordinate_water
1446,U.S. Virgin Islands,Blue Hole,17.75998,-64.70468,Reef,https://www.padi.com/dive-site/united-states-virgin-islands/blue-hole-5/,17.7599833333,-64.7046833333,0.0,PADI_coordinate_water
1447,U.S. Virgin Islands,Sleeping Shark Hole,17.76017,-64.70710,Reef,https://www.padi.com/dive-site/united-states-virgin-islands/sleeping-shark-hole/,17.7601666667,-64.7071,0.0,PADI_coordinate_water
1448,U.S. Virgin Islands,WAPA Gardens,17.76013,-64.71123,Reef,https://www.padi.com/dive-site/united-states-virgin-islands/wapa-gardens/,17.7601333333,-64.7112333333,0.0,PADI_coordinate_water
1449,U.S. Virgin Islands,Sugar Beach,17.75873,-64.71568,Reef,https://www.padi.com/dive-site/united-states-virgin-islands/sugar-beach/,17.7604666667,-64.7161333333,200,minimum_nearest_shoreline_crossing
1450,U.S. Virgin Islands,Love Shack,17.76417,-64.72445,Reef,https://www.padi.com/dive-site/united-states-virgin-islands/love-shack/,17.7641666667,-64.72445,0.0,PADI_coordinate_water
1451,U.S. Virgin Islands,Cormorant,17.76567,-64.72748,Reef,https://www.padi.com/dive-site/united-states-virgin-islands/cormorant/,17.7656666667,-64.7274833333,0.0,PADI_coordinate_water
1452,U.S. Virgin Islands,WAPA Beach,17.76006,-64.71995,Reef,https://www.padi.com/dive-site/united-states-virgin-islands/wapa-beach/,17.761806305417796,-64.72037315368652,200,minimum_nearest_shoreline_crossing
1537,U.S. Virgin Islands,Carrot Shoal,18.32414,-64.57386,Reef,https://www.padi.com/dive-site/united-states-virgin-islands/carrot-shoal/,18.324136726066893,-64.57386016845703,0.0,PADI_coordinate_water
1554,U.S. Virgin Islands,Salt River - Outer East Wall,17.78667,-64.75745,Reef; Wall,https://www.padi.com/dive-site/united-states-virgin-islands/salt-river-outer-east-wall/,17.786666666,-64.75745,0.0,PADI_coordinate_water
1555,U.S. Virgin Islands,Salt River - Inner East Wall,17.78612,-64.75753,Reef; Wall,https://www.padi.com/dive-site/united-states-virgin-islands/salt-river-inner-east-wall/,17.786116667,-64.75753333,0.0,PADI_coordinate_water
1556,U.S. Virgin Islands,Salt River - Outer West Wall,17.78493,-64.75942,Reef; Wall,https://www.padi.com/dive-site/united-states-virgin-islands/salt-river-outer-west-wall/,17.78493333,-64.7594166,0.0,PADI_coordinate_water
1557,U.S. Virgin Islands,Salt River - Inner West Wall,17.78372,-64.75820,Reef; Wall,https://www.padi.com/dive-site/united-states-virgin-islands/salt-river-inner-west-wall/,17.78371666,-64.7582,0.0,PADI_coordinate_water
1618,U.S. Virgin Islands,Turquoise Bay,17.76000,-64.71879,Reef,https://www.padi.com/dive-site/united-states-virgin-islands/turquoise-bay-2/,17.76175,-64.7192166667,200,minimum_nearest_shoreline_crossing
1619,U.S. Virgin Islands,Cruzan Comfort,17.76563,-64.73077,Reef,https://www.padi.com/dive-site/united-states-virgin-islands/cruzan-comfort/,17.7674,-64.7311166667,200,minimum_nearest_shoreline_crossing
1620,U.S. Virgin Islands,Knobby Knoll,17.77995,-64.73990,Reef,https://www.padi.com/dive-site/united-states-virgin-islands/knobby-knoll/,17.77995,-64.7399,0.0,PADI_coordinate_water
1621,U.S. Virgin Islands,Twin Anchors,17.78312,-64.74237,Reef,https://www.padi.com/dive-site/united-states-virgin-islands/twin-anchors/,17.7831166667,-64.742366667,0.0,PADI_coordinate_water
1622,U.S. Virgin Islands,Little Cozumel,17.78500,-64.74388,Reef; Wall,https://www.padi.com/dive-site/united-states-virgin-islands/little-cozumel/,17.785,-64.7438833333,0.0,PADI_coordinate_water
1624,U.S. Virgin Islands,Shark Shanty,17.78865,-64.75465,Reef,https://www.padi.com/dive-site/united-states-virgin-islands/shark-shanty/,17.78865,-64.75465,0.0,PADI_coordinate_water
1656,U.S. Virgin Islands,Cane Bay Drop-off,17.77212,-64.81400,Beach; Reef; Wall,https://www.padi.com/dive-site/united-states-virgin-islands/cane-bay-drop-off/,17.77388333,-64.81361667,200,minimum_nearest_shoreline_crossing
1657,U.S. Virgin Islands,Northstar,17.76833,-64.82167,Cave; Reef; Wall,https://www.padi.com/dive-site/united-states-virgin-islands/northstar/,17.76833333,-64.82166667,0.0,PADI_coordinate_water
1658,U.S. Virgin Islands,Swirling Reef of Death,17.70667,-64.88965,Reef,https://www.padi.com/dive-site/united-states-virgin-islands/swirling-reef-of-death/,17.70666667,-64.88965,0.0,PADI_coordinate_water
2303,U.S. Virgin Islands,Green Cay Slope,17.77790,-64.67277,Reef; Wall,https://www.padi.com/dive-site/united-states-virgin-islands/green-cay-slope/,17.7779,-64.6727666667,0.0,PADI_coordinate_water
2304,U.S. Virgin Islands,19th Hole,17.77440,-64.68463,Reef,https://www.padi.com/dive-site/united-states-virgin-islands/19th-hole/,17.7744,-64.6846333333,0.0,PADI_coordinate_water
2305,U.S. Virgin Islands,Stingraysted,17.76612,-64.69400,Reef; Wall,https://www.padi.com/dive-site/united-states-virgin-islands/stingraysted/,17.7661166667,-64.694,0.0,PADI_coordinate_water
6102,U.S. Virgin Islands,Cow Rock,18.30380,-64.84786,Reef,https://www.padi.com/dive-site/united-states-virgin-islands/cow-rock/,18.303796464793223,-64.84785854816438,0.0,PADI_coordinate_water
6236,U.S. Virgin Islands,Calf Rock,18.30403,-64.84529,Reef,https://www.padi.com/dive-site/united-states-virgin-islands/calf-rock-2/,18.304025649800455,-64.84529435634614,0.0,PADI_coordinate_water
6237,U.S. Virgin Islands,Castle Reef,18.31299,-64.85126,Reef,https://www.padi.com/dive-site/united-states-virgin-islands/castle-reef/,18.312994184911062,-64.8512649536133,0.0,PADI_coordinate_water
6238,U.S. Virgin Islands,Straggler's,18.30368,-64.83620,Reef,https://www.padi.com/dive-site/united-states-virgin-islands/stragglers/,18.30368441867933,-64.83620166778566,0.0,PADI_coordinate_water
6239,U.S. Virgin Islands,Ledges of Little St. James,18.29882,-64.82978,Reef,https://www.padi.com/dive-site/united-states-virgin-islands/ledges-of-little-st-james/,18.29881543572736,-64.82977509498598,0.0,PADI_coordinate_water
6240,U.S. Virgin Islands,Grass Cay,18.35742,-64.83260,Reef,https://www.padi.com/dive-site/united-states-virgin-islands/grass-cay/,18.35741748253257,-64.83259677886964,0.0,PADI_coordinate_water
6241,U.S. Virgin Islands,Squidville,18.35888,-64.82873,Reef,https://www.padi.com/dive-site/united-states-virgin-islands/squidville/,18.358883806599163,-64.8287343978882,0.0,PADI_coordinate_water
6242,U.S. Virgin Islands,Mingo Pass,18.36112,-64.81290,Reef,https://www.padi.com/dive-site/united-states-virgin-islands/mingo-pass/,18.361123999876103,-64.81289863586427,0.0,PADI_coordinate_water
6244,U.S. Virgin Islands,Jaws,18.35925,-64.83702,Reef,https://www.padi.com/dive-site/united-states-virgin-islands/jaws/,18.35925038567001,-64.83701705932619,0.0,PADI_coordinate_water
6245,U.S. Virgin Islands,Congo,18.36699,-64.80792,Reef,https://www.padi.com/dive-site/united-states-virgin-islands/congo/,18.366989095481795,-64.80792045593263,0.0,PADI_coordinate_water
6246,U.S. Virgin Islands,Carval Rock,18.36921,-64.79530,Reef,https://www.padi.com/dive-site/united-states-virgin-islands/carval-rock/,18.36920881925572,-64.79530334472658,0.0,PADI_coordinate_water
6749,U.S. Virgin Islands,Rays Rise,18.30299,-64.83217,Reef,https://www.padi.com/dive-site/united-states-virgin-islands/rays-rise/,18.30299176836625,-64.83216762542726,0.0,PADI_coordinate_water
6750,U.S. Virgin Islands,Mingo Mounds,18.35923,-64.82037,Reef,https://www.padi.com/dive-site/united-states-virgin-islands/mingo-mounds/,18.35923002018649,-64.82036590576173,0.0,PADI_coordinate_water
21784,U.S. Virgin Islands,Dive Flag Rock,18.27781,-64.89821,Reef; Wall,https://www.padi.com/dive-site/united-states-virgin-islands/flagpole/,18.27781001248928,-64.89821434020998,0.0,PADI_coordinate_water
697,United Arab Emirates,3 Rocks (Sharm rock),25.48379,56.36742,Reef,https://www.padi.com/dive-site/united-arab-emirates/3-rocks-sharm-rock/,25.482583142378857,56.36593580245972,200,minimum_nearest_shoreline_crossing
698,United Arab Emirates,Shark Island,25.35207,56.37852,Reef,https://www.padi.com/dive-site/united-arab-emirates/shark-island-2/,25.35207363018928,56.37852072715759,0.0,PADI_coordinate_water
699,United Arab Emirates,Hole in the Wall,25.34085,56.37819,Reef,https://www.padi.com/dive-site/united-arab-emirates/hole-in-the-wall/,25.34084562472647,56.37818813323974,0.0,PADI_coordinate_water
701,United Arab Emirates,Martini Rock,25.33553,56.38145,Reef,https://www.padi.com/dive-site/united-arab-emirates/martini-rock/,25.335531835715592,56.381449699401855,0.0,PADI_coordinate_water
702,United Arab Emirates,Snoopy Island,25.49377,56.36558,Reef,https://www.padi.com/dive-site/united-arab-emirates/snoopy-island/,25.49255837439694,56.36411190032959,200,minimum_nearest_shoreline_crossing
703,United Arab Emirates,Dibba Island,25.60326,56.35122,Reef,https://www.padi.com/dive-site/united-arab-emirates/dibba-island/,25.60325681776105,56.35121583938598,0.0,PADI_coordinate_water
704,United Arab Emirates,Coral Gardens,25.35380,56.38081,Reef,https://www.padi.com/dive-site/united-arab-emirates/coral-gardens-2/,25.353799431523395,56.380805969238274,0.0,PADI_coordinate_water
705,United Arab Emirates,Anenome Gardens,25.35194,56.38008,Reef,https://www.padi.com/dive-site/united-arab-emirates/anenome-gardens/,25.35193789196091,56.38007640838623,0.0,PADI_coordinate_water
1725,United Arab Emirates,Bluewater,25.37792,56.41677,Drift,https://www.padi.com/dive-site/united-arab-emirates/bluewater/,25.37791928931006,56.41676902770996,0.0,PADI_coordinate_water
2410,United Arab Emirates,Nemo Training site,25.11097,55.13826,Beach,https://www.padi.com/dive-site/united-arab-emirates/nemo-training-site/,25.1094918,55.1371327,200,minimum_nearest_shoreline_crossing
23102,United Arab Emirates,Hole in the wall dive site,25.34118,56.37793,Reef; Wall; Cavern; Ocean,https://www.padi.com/dive-site/united-arab-emirates/hole-in-the-wall-dive-site/,25.341180152905228,56.37793064117432,0.0,PADI_coordinate_water
23920,United Arab Emirates,Coral Gardens,25.49163,56.37437,Reef,https://www.padi.com/dive-site/united-arab-emirates/coral-gardens-13/,25.491629,56.374369,0.0,PADI_coordinate_water
24177,United Arab Emirates,Martini Wall,25.33716,56.38068,Reef,https://www.padi.com/dive-site/united-arab-emirates/martini-wall/,25.33716090532552,56.380677223205566,0.0,PADI_coordinate_water
24185,United Arab Emirates,Martini Wall,25.33716,56.38068,Reef,https://www.padi.com/dive-site/united-arab-emirates/martini-wall-2/,25.33716090532552,56.380677223205566,0.0,PADI_coordinate_water
14,United Kingdom,Brixham Breakwater Beach,50.39813,-3.50408,Beach,https://www.padi.com/dive-site/united-kingdom/brixham-breakwater-beach/,50.3999287412946,-3.5040593147277828,200,minimum_nearest_shoreline_crossing
438,United Kingdom,Nest Ends Gully,55.87541,-2.08163,Reef; Wall; Channel,https://www.padi.com/dive-site/united-kingdom/nest-ends-gully/,55.87541014629012,-2.081630229949951,0.0,PADI_coordinate_water
442,United Kingdom,St Mary's Island - West Bay,55.06963,-1.44972,Beach; Reef,https://www.padi.com/dive-site/united-kingdom/st-marys-island-west-bay/,55.0701,-1.452749,200,minimum_nearest_shoreline_crossing
678,United Kingdom,Lundy Island,51.16643,-4.67880,Reef,https://www.padi.com/dive-site/united-kingdom/lundy-island/,51.16642774275134,-4.678802490234375,0.0,PADI_coordinate_water
811,United Kingdom,Chesil Beach,50.55971,-2.45580,Beach,https://www.padi.com/dive-site/united-kingdom/chesil-beach/,50.55874668203289,-2.4480950832366943,555,minimum_nearest_shoreline_crossing
2249,United Kingdom,Durdle Door,50.61925,-2.27587,Cave; Beach; Reef,https://www.padi.com/dive-site/united-kingdom/durdle-door/,50.62102995277043,-2.2763049602508545,200,minimum_nearest_shoreline_crossing
2513,United Kingdom,Shore Road Pipeline,50.69233,-1.92792,Beach; Reef,https://www.padi.com/dive-site/united-kingdom/shore-road-pipeline/,50.694092583172434,-1.9284868240356443,200,minimum_nearest_shoreline_crossing
2528,United Kingdom,Dover Shakespeare Beach,51.11240,1.31416,Reef,https://www.padi.com/dive-site/united-kingdom/dover-shakespeare-beach/,51.11386850819646,1.3125228881835935,200,minimum_nearest_shoreline_crossing
2595,United Kingdom,Wide Water Beach,50.81514,-0.29447,Beach,https://www.padi.com/dive-site/united-kingdom/wide-water-beach/,50.82466432537574,-0.2959012985229492,1065,minimum_nearest_shoreline_crossing
3233,United Kingdom,Beadnell,55.55399,-1.62176,Ocean,https://www.padi.com/dive-site/united-kingdom/beadnell/,55.553988,-1.621765,0.0,PADI_coordinate_water
3234,United Kingdom,The Manacles,50.04373,-5.04918,Drift; Ocean,https://www.padi.com/dive-site/united-kingdom/the-manacles/,50.043735,-5.049182,0.0,PADI_coordinate_water
3638,United Kingdom,Porthkerris Beach,50.06374,-5.06670,Ocean,https://www.padi.com/dive-site/united-kingdom/porthkerris-beach/,50.065503,-5.066162,200,minimum_nearest_shoreline_crossing
4158,United Kingdom,A-Frames (Finnart),56.11739,-4.83117,Sea Loch; Archaeological,https://www.padi.com/dive-site/united-kingdom/a-frames-finnart/,56.117388,-4.831173,0.0,PADI_coordinate_water
4208,United Kingdom,Craggen,56.16607,-4.79029,Reef; Sea Loch; Wall,https://www.padi.com/dive-site/united-kingdom/craggen/,56.164766,-4.788065,200,minimum_nearest_shoreline_crossing
4898,United Kingdom,Branksome Chine Pipes,50.70422,-1.90747,Beach; Reef; Sandy bottom; Ocean,https://www.padi.com/dive-site/united-kingdom/branksome-chine-pipe/,50.705985,-1.908048,200,minimum_nearest_shoreline_crossing
5016,United Kingdom,Trearddurr Bay,53.27630,-4.61095,Beach,https://www.padi.com/dive-site/united-kingdom/trearddurr-bay/,53.278,-4.61,200,minimum_nearest_shoreline_crossing
5033,United Kingdom,Farne Islands,55.66519,-1.62598,Drift; Reef,https://www.padi.com/dive-site/united-kingdom/farne-islands/,55.665193,-1.625977,0.0,PADI_coordinate_water
5071,United Kingdom,Carnoch Bay - Ballaculish,56.68287,-5.13543,Reef; Sea Loch; Wall,https://www.padi.com/dive-site/united-kingdom/carnoch-bay-ballaculish/,56.681411,-5.133533,200,minimum_nearest_shoreline_crossing
5073,United Kingdom,Anchor Point,56.06969,-5.26795,Beach; Pinnacle; Reef; Sea Loch; Wall,https://www.padi.com/dive-site/united-kingdom/anchor-point/,56.068682,-5.265284,200,minimum_nearest_shoreline_crossing
5074,United Kingdom,St Abbs,55.89984,-2.12787,Reef; Sandy bottom; Wall; Ocean,https://www.padi.com/dive-site/united-kingdom/st-abbs/,55.899836,-2.127872,0.0,PADI_coordinate_water
5090,United Kingdom,Lady Hole,55.55345,-1.62162,Beach; Reef,https://www.padi.com/dive-site/united-kingdom/lady-hole/,55.55315,-1.624753,200,minimum_nearest_shoreline_crossing
5091,United Kingdom,Knacker Hole,55.55421,-1.62391,Beach; Reef,https://www.padi.com/dive-site/united-kingdom/knacker-hole/,55.553914,-1.627039,200,minimum_nearest_shoreline_crossing
8061,United Kingdom,Portnahapple,55.18041,-6.72723,Ocean,https://www.padi.com/dive-site/united-kingdom/portnahapple/,55.18060444318401,-6.724099516868592,200,minimum_nearest_shoreline_crossing
8448,United Kingdom,Osborne Bay,50.75621,-1.25292,Drift,https://www.padi.com/dive-site/united-kingdom/osborne-bay/,50.75793426224536,-1.2537288665771489,200,minimum_nearest_shoreline_crossing
10375,United Kingdom,Gallanach Reef,56.39339,-5.51856,Reef; Ocean,https://www.padi.com/dive-site/united-kingdom/gallanach-reef/,56.392196539528165,-5.5161237716674805,200,minimum_nearest_shoreline_crossing
13324,United Kingdom,Gylly Beach,50.14212,-5.06882,Reef; Sandy bottom,https://www.padi.com/dive-site/united-kingdom/gylly-beach/,50.14387865096156,-5.068269803010103,200,minimum_nearest_shoreline_crossing
14878,United Kingdom,Selsey Beach,50.72669,-0.77774,Beach,https://www.padi.com/dive-site/united-kingdom/selsey-beach/,50.72838094605414,-0.7787096500396729,200,minimum_nearest_shoreline_crossing
15234,United Kingdom,Bognor Rocks,50.77743,-0.69249,Beach; Drift; Reef,https://www.padi.com/dive-site/united-kingdom/bognor-rocks-2/,50.77910504016152,-0.6934905052185059,200,minimum_nearest_shoreline_crossing
15273,United Kingdom,Bognor Rocks,50.77717,-0.69254,Reef; Sandy bottom,https://www.padi.com/dive-site/united-kingdom/bognor-rocks/,50.77884528757301,-0.6935371086001397,200,minimum_nearest_shoreline_crossing
20581,United Kingdom,Lundy Island - Gannet's Bay,51.19430,-4.67005,Reef; Ocean,https://www.padi.com/dive-site/united-kingdom/lundy-island-2/,51.196073592737626,-4.669532572689321,200,minimum_nearest_shoreline_crossing
24754,United Kingdom,Lundy Island Seal Encounter Dive Sites,51.19535,-4.66885,Sandy bottom,https://www.padi.com/dive-site/united-kingdom/lundy-island-seal-encounter-dive-sites-2/,51.19534747034083,-4.668846393998754,0.0,PADI_coordinate_water
25031,United Kingdom,Lulworth Cove,50.61688,-2.24921,Beach; Ocean,https://www.padi.com/dive-site/united-kingdom/lulworth-cove/,50.61864749154119,-2.24965393522028,200,minimum_nearest_shoreline_crossing
481,United States of America (USA),Stetson Bank NMS,28.16670,-94.30000,Reef; Ocean,https://www.padi.com/dive-site/united-states-of-america-usa/stetson-bank-nms/,28.1667,-94.3,0.0,PADI_coordinate_water
665,United States of America (USA),Indian River Inlet,38.59180,-75.16608,Beach; Channel,https://www.padi.com/dive-site/united-states-of-america-usa/indian-river-inlet/,38.5917952,-75.168384,200,minimum_nearest_shoreline_crossing
754,United States of America (USA),St. Andrews Jetties,30.12187,-85.73092,Beach,https://www.padi.com/dive-site/united-states-of-america-usa/st-andrews-jetties/,30.12476953136383,-85.73298633098602,379,minimum_nearest_shoreline_crossing
756,United States of America (USA),Destin Jetties,30.38400,-86.50607,Beach,https://www.padi.com/dive-site/united-states-of-america-usa/destin-jetties/,30.38579618049916,-86.50606870651245,200,minimum_nearest_shoreline_crossing
994,United States of America (USA),Casino Point Dive Park,33.34906,-118.32636,Beach,https://www.padi.com/dive-site/united-states-of-america-usa/casino-point-dive-park/,33.34906403624164,-118.32421302795412,200,minimum_nearest_shoreline_crossing
1044,United States of America (USA),Koloa Landing Dive Site,21.87908,-159.47052,Reef,https://www.padi.com/dive-site/united-states-of-america-usa/koloa-landing-dive-site/,21.87908222538648,-159.46857511997223,200,minimum_nearest_shoreline_crossing
1045,United States of America (USA),Sheraton Caverns,21.87341,-159.46821,Reef; Wall,https://www.padi.com/dive-site/united-states-of-america-usa/sheraton-caverns-2/,21.873407156419425,-159.46627378463745,200,minimum_nearest_shoreline_crossing
1113,United States of America (USA),Captain Mike's,26.89945,-80.03416,Drift; Reef,https://www.padi.com/dive-site/united-states-of-america-usa/captain-mikes/,26.89945344007972,-80.03415584564209,0.0,PADI_coordinate_water
1290,United States of America (USA),South Kihei Boat Ramp Shore Dive,20.70747,-156.44824,Reef,https://www.padi.com/dive-site/united-states-of-america-usa/south-kihei-boat-ramp-shore-dive/,20.707468463530272,-156.4463210105896,200,minimum_nearest_shoreline_crossing
1291,United States of America (USA),Keawakapu South,20.69562,-156.44678,Reef,https://www.padi.com/dive-site/united-states-of-america-usa/keawakapu-south/,20.6956158016175,-156.4448618888855,200,minimum_nearest_shoreline_crossing
1293,United States of America (USA),Mokapu Beach,20.69207,-156.44635,Reef,https://www.padi.com/dive-site/united-states-of-america-usa/mokapu-beach/,20.692072870158093,-156.44443273544312,200,minimum_nearest_shoreline_crossing
1294,United States of America (USA),Wailea Beach North,20.68426,-156.44526,Reef,https://www.padi.com/dive-site/united-states-of-america-usa/wailea-beach-north/,20.684264077508224,-156.44333839416504,200,minimum_nearest_shoreline_crossing
1296,United States of America (USA),Polo Beach North,20.67677,-156.44576,Reef,https://www.padi.com/dive-site/united-states-of-america-usa/polo-beach-north/,20.67676605398523,-156.44384264945984,200,minimum_nearest_shoreline_crossing
1297,United States of America (USA),Polo Beach Middle Reef,20.67543,-156.44577,Reef,https://www.padi.com/dive-site/united-states-of-america-usa/polo-beach-middle-reef/,20.675431025680904,-156.4438533782959,200,minimum_nearest_shoreline_crossing
1298,United States of America (USA),White Rock North,20.67142,-156.44543,Reef,https://www.padi.com/dive-site/united-states-of-america-usa/white-rock-north/,20.671415832219,-156.44351005554196,200,minimum_nearest_shoreline_crossing
1299,United States of America (USA),Whiterock South,20.66967,-156.44485,Reef,https://www.padi.com/dive-site/united-states-of-america-usa/whiterock-south/,20.669669189926225,-156.44293069839478,200,minimum_nearest_shoreline_crossing
1300,United States of America (USA),Five Graves at Makena Landing,20.65640,-156.44490,Reef,https://www.padi.com/dive-site/united-states-of-america-usa/five-graves-at-makena-landing/,20.656398067771114,-156.44298434257504,200,minimum_nearest_shoreline_crossing
1301,United States of America (USA),Five Caves at Makena Landing,20.65382,-156.44299,Reef,https://www.padi.com/dive-site/united-states-of-america-usa/five-caves-at-makena-landing/,20.65381799492841,-156.44107460975647,200,minimum_nearest_shoreline_crossing
1302,United States of America (USA),Reefs End at Molokini Crater,20.63479,-156.49759,Reef,https://www.padi.com/dive-site/united-states-of-america-usa/reefs-end-at-molokini-crater/,20.63479237067984,-156.4975941181183,0.0,PADI_coordinate_water
1303,United States of America (USA),Enenue at Molokini Dive Site,20.63345,-156.49460,Reef,https://www.padi.com/dive-site/united-states-of-america-usa/enenue-at-molokini-dive-site/,20.633446933014103,-156.49460077285767,0.0,PADI_coordinate_water
1713,United States of America (USA),Grayton Beach State Park,30.30589,-86.15891,Beach; Reef,https://www.padi.com/dive-site/united-states-of-america-usa/grayton-beach-state-park/,30.3076888673814,-86.15890502929688,200,minimum_nearest_shoreline_crossing
1720,United States of America (USA),Patch Reefs - 20-30 ft,24.90979,-80.57270,Reef,https://www.padi.com/dive-site/united-states-of-america-usa/patch-reefs-20-30-ft/,24.90979251097979,-80.57270050048828,0.0,PADI_coordinate_water
1721,United States of America (USA),Barrier Reef Shallow- 30-45 ft,24.88986,-80.54266,Reef,https://www.padi.com/dive-site/united-states-of-america-usa/barrier-reef-shallow-30-45-ft/,24.88986231692738,-80.54265975952148,0.0,PADI_coordinate_water
1722,United States of America (USA),Barrier Reef Deep - 60-90ft,24.89282,-80.50781,Wall,https://www.padi.com/dive-site/united-states-of-america-usa/barrier-reef-deep-60-90ft/,24.89282090847752,-80.5078125,0.0,PADI_coordinate_water
1928,United States of America (USA),Molasses Reef,25.05470,-80.22472,Reef,https://www.padi.com/dive-site/united-states-of-america-usa/molasses-reef-2/,25.0547,-80.224715,0.0,PADI_coordinate_water
1935,United States of America (USA),Grecian Rocks,25.06259,-80.17307,Reef,https://www.padi.com/dive-site/united-states-of-america-usa/grecian-rocks/,25.062587250954792,-80.17307281494139,0.0,PADI_coordinate_water
1936,United States of America (USA),Christ of the Abyss,25.07627,-80.17530,Reef,https://www.padi.com/dive-site/united-states-of-america-usa/christ-of-the-abyss-2/,25.076270372538804,-80.1753044128418,0.0,PADI_coordinate_water
1979,United States of America (USA),Breakwater,36.60945,-121.89759,Beach,https://www.padi.com/dive-site/united-states-of-america-usa/breakwater/,36.609447628057126,-121.89534902572632,200,minimum_nearest_shoreline_crossing
1981,United States of America (USA),Del Monte Beach,36.60127,-121.89067,Beach,https://www.padi.com/dive-site/united-states-of-america-usa/del-monte-beach/,36.601265564020615,-121.8884289264679,200,minimum_nearest_shoreline_crossing
1991,United States of America (USA),Laguna Beach - multiple sites,33.49043,-117.74044,Beach,https://www.padi.com/dive-site/united-states-of-america-usa/laguna-beach-multiple-sites/,33.490426178626954,-117.73828983306883,200,minimum_nearest_shoreline_crossing
1992,United States of America (USA),Bird Rock - Catalina Island,33.45150,-118.48759,Reef; Wall,https://www.padi.com/dive-site/united-states-of-america-usa/bird-rock-catalina-island/,33.45149531390295,-118.48759174346924,0.0,PADI_coordinate_water
2033,United States of America (USA),Point Dume,33.99872,-118.80942,Beach,https://www.padi.com/dive-site/united-states-of-america-usa/point-dume/,33.998721055067286,-118.80724668502806,200,minimum_nearest_shoreline_crossing
2036,United States of America (USA),Butterfly Beach,34.41171,-119.64364,Beach,https://www.padi.com/dive-site/united-states-of-america-usa/butterfly-beach/,34.41573441207462,-119.64361310005188,447,minimum_nearest_shoreline_crossing
2039,United States of America (USA),"Monestary Beach, Carmel CA",36.52373,-121.92845,Beach,https://www.padi.com/dive-site/united-states-of-america-usa/monestary-beach-carmel-ca/,36.5237254695679,-121.92620515823364,200,minimum_nearest_shoreline_crossing
2040,United States of America (USA),"Shadow Cliffs Regional Recreation Area, Pleasanton CA",37.67008,-121.83958,Beach,https://www.padi.com/dive-site/united-states-of-america-usa/shadow-cliffs-regional-recreation-area-pleasanton-ca/,37.670081004888985,-121.83730602264404,200,minimum_nearest_shoreline_crossing
2362,United States of America (USA),McAbee,36.61530,-121.89923,Reef,https://www.padi.com/dive-site/united-states-of-america-usa/mcabee/,36.615295118792936,-121.89923286437988,0.0,PADI_coordinate_water
2363,United States of America (USA),"Lovers 1, 2 & 3",36.62603,-121.91554,Reef,https://www.padi.com/dive-site/united-states-of-america-usa/lovers-1-2-3/,36.62603302263216,-121.91554069519044,0.0,PADI_coordinate_water
2364,United States of America (USA),Carmel River State Beach,36.53640,-121.93314,Reef,https://www.padi.com/dive-site/united-states-of-america-usa/carmel-river-state-beach/,36.536398484901234,-121.93090438842772,200,minimum_nearest_shoreline_crossing
2365,United States of America (USA),Point Lobos,36.51998,-121.94121,Reef,https://www.padi.com/dive-site/united-states-of-america-usa/point-lobos/,36.519983515652086,-121.93897247314452,200,minimum_nearest_shoreline_crossing
2366,United States of America (USA),Stillwater Cove,36.56329,-121.94705,Reef,https://www.padi.com/dive-site/united-states-of-america-usa/stillwater-cove/,36.563289431970894,-121.94480895996094,200,minimum_nearest_shoreline_crossing
2367,United States of America (USA),Coral Street,36.63566,-121.92739,Reef,https://www.padi.com/dive-site/united-states-of-america-usa/coral-street/,36.63565883717669,-121.9273853302002,0.0,PADI_coordinate_water
2368,United States of America (USA),Otter Cove,36.62841,-121.92349,Reef,https://www.padi.com/dive-site/united-states-of-america-usa/otter-cove/,36.62840945355952,-121.92124843597412,200,minimum_nearest_shoreline_crossing
2369,United States of America (USA),Copper Roof House,36.54533,-121.93133,Reef,https://www.padi.com/dive-site/united-states-of-america-usa/copper-roof-house/,36.54532869587907,-121.93133354187012,0.0,PADI_coordinate_water
2370,United States of America (USA),Butterfly House,36.54151,-121.93293,Reef,https://www.padi.com/dive-site/united-states-of-america-usa/butterfly-house/,36.54151020872897,-121.932932138443,0.0,PADI_coordinate_water
2371,United States of America (USA),Hidden Beach,36.61215,-121.89933,Reef,https://www.padi.com/dive-site/united-states-of-america-usa/hidden-beach/,36.61215182468912,-121.89708709716795,200,minimum_nearest_shoreline_crossing
2676,United States of America (USA),Fisherman's Cove,33.54540,-117.79806,Beach,https://www.padi.com/dive-site/united-states-of-america-usa/fishermans-cove-2/,33.5454,-117.7959,200,minimum_nearest_shoreline_crossing
2677,United States of America (USA),Leo Carrillo,34.04410,-118.94077,Beach,https://www.padi.com/dive-site/united-states-of-america-usa/leo-carrillo/,34.0441,-118.9386,200,minimum_nearest_shoreline_crossing
2678,United States of America (USA),Abalone Cove,33.74140,-118.37846,Beach,https://www.padi.com/dive-site/united-states-of-america-usa/abalone-cove/,33.7414,-118.3763,200,minimum_nearest_shoreline_crossing
2679,United States of America (USA),Malaga Cove,33.80590,-118.39556,Beach,https://www.padi.com/dive-site/united-states-of-america-usa/malaga-cove/,33.8059,-118.3934,200,minimum_nearest_shoreline_crossing
2681,United States of America (USA),Long Point,33.73630,-118.40006,Beach,https://www.padi.com/dive-site/united-states-of-america-usa/long-point/,33.7363,-118.3979,200,minimum_nearest_shoreline_crossing
2682,United States of America (USA),Veteran's Park,33.83720,-118.39256,Beach,https://www.padi.com/dive-site/united-states-of-america-usa/veterans-park/,33.8372,-118.3904,200,minimum_nearest_shoreline_crossing
2752,United States of America (USA),Sharks Cove,21.65138,-158.06459,Cave; Reef,https://www.padi.com/dive-site/united-states-of-america-usa/sharks-cove/,21.651375396758848,-158.0626630783081,200,minimum_nearest_shoreline_crossing
2816,United States of America (USA),Ballbuster 100 feet,36.63991,-121.90893,Wall,https://www.padi.com/dive-site/united-states-of-america-usa/ballbuster-100-feet/,36.63991172104428,-121.90893173217772,0.0,PADI_coordinate_water
2916,United States of America (USA),Kewalo Pipe,21.28783,-157.86450,Reef,https://www.padi.com/dive-site/united-states-of-america-usa/kewalo-pipe/,21.287833,-157.8645,0.0,PADI_coordinate_water
2969,United States of America (USA),Target Rock,35.36940,-120.86426,Channel,https://www.padi.com/dive-site/united-states-of-america-usa/target-rock/,35.36940280073097,-120.86426496505736,0.0,PADI_coordinate_water
3019,United States of America (USA),Seacrest Cove 2,47.58860,-122.38241,Beach,https://www.padi.com/dive-site/united-states-of-america-usa/seacrest-cove-2/,47.58859684758036,-122.37974524497986,200,minimum_nearest_shoreline_crossing
3020,United States of America (USA),Redondo,47.34932,-122.32701,Beach,https://www.padi.com/dive-site/united-states-of-america-usa/redondo/,47.349318,-122.324359,200,minimum_nearest_shoreline_crossing
3244,United States of America (USA),The Arch,33.47290,-119.03600,Ocean,https://www.padi.com/dive-site/united-states-of-america-usa/the-arch/,33.4729,-119.036,0.0,PADI_coordinate_water
3245,United States of America (USA),Casino Point,33.34864,-118.32479,Ocean,https://www.padi.com/dive-site/united-states-of-america-usa/casino-point/,33.3486397,-118.324795,0.0,PADI_coordinate_water
3246,United States of America (USA),Farnsworth Banks,33.50556,-118.77556,Ocean,https://www.padi.com/dive-site/united-states-of-america-usa/farnsworth-banks/,33.50555556,-118.7755556,0.0,PADI_coordinate_water
3261,United States of America (USA),Marine Room Turtle Reef,32.85154,-117.26619,Beach; Reef; Sandy bottom; Ocean,https://www.padi.com/dive-site/united-states-of-america-usa/marine-room-turtle-reef/,32.851543,-117.264054,200,minimum_nearest_shoreline_crossing
3272,United States of America (USA),Paniau North,19.95891,-155.86117,Reef; Cavern; Ocean,https://www.padi.com/dive-site/united-states-of-america-usa/paniau-north/,19.958909,-155.859261,200,minimum_nearest_shoreline_crossing
3367,United States of America (USA),Turtle Mound Mauna Lani Makaiwa Bay,19.94815,-155.87282,Cavern; Ocean,https://www.padi.com/dive-site/united-states-of-america-usa/turtle-mound-mauna-lani-makaiwa-bay/,19.948148,-155.870912,200,minimum_nearest_shoreline_crossing
3918,United States of America (USA),Fort Wetherill State Park,41.47938,-71.35803,Beach; Ocean,https://www.padi.com/dive-site/united-states-of-america-usa/fort-wetherill-state-park/,41.479382,-71.360428,200,minimum_nearest_shoreline_crossing
3995,United States of America (USA),Shaw's Cove,33.54570,-117.80056,Beach; Reef; Ocean,https://www.padi.com/dive-site/united-states-of-america-usa/shaws-cove/,33.5457,-117.7984,200,minimum_nearest_shoreline_crossing
3996,United States of America (USA),Crescent Bay,33.54680,-117.80416,Beach; Reef; Sandy bottom,https://www.padi.com/dive-site/united-states-of-america-usa/crescent-bay/,33.5468,-117.802,200,minimum_nearest_shoreline_crossing
4344,United States of America (USA),Sandy Point State Park,39.01325,-76.39232,Beach; Muck,https://www.padi.com/dive-site/united-states-of-america-usa/sandy-point-state-park/,39.013248,-76.394634,200,minimum_nearest_shoreline_crossing
4691,United States of America (USA),Stage Fort Park - Gloucester,42.62891,-70.63004,Beach; Sandy bottom; Ocean,https://www.padi.com/dive-site/united-states-of-america-usa/stage-fort-park-gloucester/,42.628907,-70.632477,200,minimum_nearest_shoreline_crossing
4906,United States of America (USA),Ulua Beach,20.69129,-156.44623,Reef,https://www.padi.com/dive-site/united-states-of-america-usa/ulua-beach/,20.69129,-156.444315,200,minimum_nearest_shoreline_crossing
4923,United States of America (USA),Manta Dive-Garden Eel Cove,19.73558,-156.05513,Reef,https://www.padi.com/dive-site/united-states-of-america-usa/manta-dive-garden-eel-cove/,19.735582,-156.053216,200,minimum_nearest_shoreline_crossing
4936,United States of America (USA),Port of Hoodsport,47.40332,-123.14414,Reef; Ocean,https://www.padi.com/dive-site/united-states-of-america-usa/port-of-hoodsport/,47.403316,-123.141493,200,minimum_nearest_shoreline_crossing
6090,United States of America (USA),Haleiwa Trench,21.59400,-158.00193,Reef; Wall,https://www.padi.com/dive-site/united-states-of-america-usa/haleiwa-trench/,21.594,-158.0,200,minimum_nearest_shoreline_crossing
6719,United States of America (USA),Southern Broward County Reefs,26.11313,-80.09630,Reef; Sandy bottom; Ocean,https://www.padi.com/dive-site/united-states-of-america-usa/southern-broward-county-reefs/,26.11313438243985,-80.09629726409914,0.0,PADI_coordinate_water
7306,United States of America (USA),Black Rock,20.92765,-156.69885,Drift; Reef; Sandy bottom; Wall; Ocean,https://www.padi.com/dive-site/united-states-of-america-usa/black-rock-5/,20.927652350307323,-156.69692516326907,200,minimum_nearest_shoreline_crossing
7307,United States of America (USA),Airport Beach,20.93603,-156.69485,Beach; Reef; Sandy bottom; Ocean,https://www.padi.com/dive-site/united-states-of-america-usa/airport-beach/,20.93602973751564,-156.6929340362549,200,minimum_nearest_shoreline_crossing
7323,United States of America (USA),Honolua Bay,21.01397,-156.64014,Beach; Reef; Sandy bottom,https://www.padi.com/dive-site/united-states-of-america-usa/honolua-bay/,21.013969054545925,-156.6382169723511,200,minimum_nearest_shoreline_crossing
7324,United States of America (USA),Olowalu Beach,20.80348,-156.59817,Beach; Reef; Sandy bottom,https://www.padi.com/dive-site/united-states-of-america-usa/olowalu-beach/,20.803479944354223,-156.59624576568606,200,minimum_nearest_shoreline_crossing
7414,United States of America (USA),First Cathedrals,20.73408,-156.88794,Cavern; Ocean,https://www.padi.com/dive-site/united-states-of-america-usa/first-cathedrals/,20.734080885227968,-156.88794136047366,0.0,PADI_coordinate_water
7439,United States of America (USA),Wash Rock,20.73479,-156.92068,Pinnacle; Reef; Ocean,https://www.padi.com/dive-site/united-states-of-america-usa/wash-rock-2/,20.73479329528508,-156.92067503929138,0.0,PADI_coordinate_water
7440,United States of America (USA),Second Cathedral,20.73599,-156.91953,Reef; Cavern; Ocean,https://www.padi.com/dive-site/united-states-of-america-usa/second-cathedral-2/,20.735987327156376,-156.91952705383304,0.0,PADI_coordinate_water
7441,United States of America (USA),Hammer Time,21.13082,-156.70501,Reef; Sandy bottom; Ocean,https://www.padi.com/dive-site/united-states-of-america-usa/hammer-time/,21.130821683025605,-156.705014705658,0.0,PADI_coordinate_water
7442,United States of America (USA),Molokini Back Wall,20.63066,-156.49477,Drift; Wall; Ocean,https://www.padi.com/dive-site/united-states-of-america-usa/molokini-back-wall/,20.630655613945077,-156.49477243423465,0.0,PADI_coordinate_water
7444,United States of America (USA),Red Hill,20.63238,-156.45088,Pinnacle; Ocean,https://www.padi.com/dive-site/united-states-of-america-usa/red-hill/,20.63238262314948,-156.44896030426028,200,minimum_nearest_shoreline_crossing
7445,United States of America (USA),Cliff House,21.00419,-156.66183,Beach; Ocean,https://www.padi.com/dive-site/united-states-of-america-usa/cliff-house-2/,21.00419380768146,-156.65991067886355,200,minimum_nearest_shoreline_crossing
7492,United States of America (USA),Outside Crystal Cove,20.05521,-155.84864,Reef; Sandy bottom; Ocean,https://www.padi.com/dive-site/united-states-of-america-usa/outside-crystal-cove/,20.05520563159177,-155.84672927856448,200,minimum_nearest_shoreline_crossing
7611,United States of America (USA),Coral Gardens,20.77983,-156.54891,Reef; Ocean,https://www.padi.com/dive-site/united-states-of-america-usa/coral-gardens-8/,20.77982885968785,-156.54891014099124,0.0,PADI_coordinate_water
7745,United States of America (USA),Fort Stark,43.05900,-70.71003,Beach,https://www.padi.com/dive-site/united-states-of-america-usa/fort-stark/,43.058999164312496,-70.71248531516177,200,minimum_nearest_shoreline_crossing
7758,United States of America (USA),Numerous Monterey and Carmel Bay sites,36.61015,-121.89770,Beach; Pinnacle; Sandy bottom; Wall; Ocean,https://www.padi.com/dive-site/united-states-of-america-usa/numerous-monterey-and-carmel-bay-sites/,36.610153828682336,-121.89545631408691,200,minimum_nearest_shoreline_crossing
7988,United States of America (USA),Venice Beach (Shark Tooth),27.09578,-82.46225,Beach; Sandy bottom,https://www.padi.com/dive-site/united-states-of-america-usa/venice-beach-shark-tooth/,27.097576,-82.462252,200,minimum_nearest_shoreline_crossing
8060,United States of America (USA),Spanish Rosks,27.48561,-82.71289,Beach; Reef; Sandy bottom; Ocean,https://www.padi.com/dive-site/united-states-of-america-usa/spanish-rosks/,27.487411,-82.712889,200,minimum_nearest_shoreline_crossing
8140,United States of America (USA),Catalina Island,33.38014,-118.41623,Reef,https://www.padi.com/dive-site/united-states-of-america-usa/catalina-island-2/,33.380139372009225,-118.41407775878903,200,minimum_nearest_shoreline_crossing
8141,United States of America (USA),Casino Point,33.34920,-118.32498,Ocean,https://www.padi.com/dive-site/united-states-of-america-usa/casino-point-2/,33.349196,-118.324982,0.0,PADI_coordinate_water
8142,United States of America (USA),"Catalina Island, TBD",33.45376,-118.50454,Reef,https://www.padi.com/dive-site/united-states-of-america-usa/catalina-island-tbd/,33.453759,-118.504543,0.0,PADI_coordinate_water
8613,United States of America (USA),Breakers Reef,26.73333,-80.03333,Drift; Reef; Ocean,https://www.padi.com/dive-site/united-states-of-america-usa/breakers-reef/,26.733330555555558,-80.03333166666667,0.0,PADI_coordinate_water
8870,United States of America (USA),Breakwater / San Carlos Beach,36.60962,-121.89833,Beach; Reef,https://www.padi.com/dive-site/united-states-of-america-usa/breakwater-san-carlos-beach/,36.60961832951698,-121.89609317246082,200,minimum_nearest_shoreline_crossing
8909,United States of America (USA),Neptune Memorial Reef,25.69020,-80.09075,Reef; Ocean,https://www.padi.com/dive-site/united-states-of-america-usa/neptune-memorial-reef-5/,25.6901972392,-80.090749637,0.0,PADI_coordinate_water
9017,United States of America (USA),San Carlos Beach,36.60984,-121.89779,Beach; Reef; Sandy bottom; Ocean,https://www.padi.com/dive-site/united-states-of-america-usa/san-carlos-beach-3/,36.60984435051932,-121.8955506916973,200,minimum_nearest_shoreline_crossing
9065,United States of America (USA),Carysfort Reef Light,25.22100,-80.21100,Reef,https://www.padi.com/dive-site/united-states-of-america-usa/carysfort-reef-light/,25.221,-80.211,0.0,PADI_coordinate_water
9115,United States of America (USA),Beach 8th Street F/K/A Almost Paradise,40.59501,-73.74049,Beach,https://www.padi.com/dive-site/united-states-of-america-usa/beach-8th-street-fka-almost-paradise/,40.59501394783216,-73.74286288935852,200,minimum_nearest_shoreline_crossing
9174,United States of America (USA),Stonington Point,41.32791,-71.90300,Beach,https://www.padi.com/dive-site/united-states-of-america-usa/stonington-point/,41.32790640822011,-71.9053888320923,200,minimum_nearest_shoreline_crossing
9419,United States of America (USA),The Caves,26.12580,-80.09200,Drift; Reef; Ocean,https://www.padi.com/dive-site/united-states-of-america-usa/the-caves/,26.1258,-80.092,0.0,PADI_coordinate_water
9813,United States of America (USA),Flagpole Point,47.56457,-123.01457,Pinnacle,https://www.padi.com/dive-site/united-states-of-america-usa/flagpole-point/,47.56457124631015,-123.01457047462463,0.0,PADI_coordinate_water
9818,United States of America (USA),Rocky Road,25.95167,-81.86167,Sandy bottom; Ocean,https://www.padi.com/dive-site/united-states-of-america-usa/rocky-road/,25.951666666666664,-81.86166666666666,0.0,PADI_coordinate_water
9819,United States of America (USA),Buddy's Break,25.95028,-81.90833,Sandy bottom; Ocean,https://www.padi.com/dive-site/united-states-of-america-usa/buddys-break/,25.950277777777774,-81.90833333333335,0.0,PADI_coordinate_water
9844,United States of America (USA),Bubbies' Bagpipes,25.95167,-81.83500,Sandy bottom; Ocean,https://www.padi.com/dive-site/united-states-of-america-usa/bubbies-bagpipes/,25.951666666666664,-81.835,0.0,PADI_coordinate_water
10091,United States of America (USA),Red Zone,25.91000,-81.98667,Reef; Sandy bottom; Ocean,https://www.padi.com/dive-site/united-states-of-america-usa/red-zone/,25.91,-81.98666666666666,0.0,PADI_coordinate_water
10255,United States of America (USA),Electric beach,21.35404,-158.13247,Beach; Reef; Sandy bottom; Ocean,https://www.padi.com/dive-site/united-states-of-america-usa/electric-beach/,21.354038670905297,-158.13054442405704,200,minimum_nearest_shoreline_crossing
10256,United States of America (USA),Horseshoe Reef,21.28494,-157.86538,Reef,https://www.padi.com/dive-site/united-states-of-america-usa/horseshoe-reef/,21.28493576072159,-157.86538124084473,0.0,PADI_coordinate_water
10752,United States of America (USA),Flower Gardens Banks National Marine Sanctuary,27.88410,-93.81470,Reef; Ocean,https://www.padi.com/dive-site/united-states-of-america-usa/flower-gardens-banks-national-marine-sanctuary/,27.8841,-93.8147,0.0,PADI_coordinate_water
10937,United States of America (USA),Emerald Reef,25.67417,-80.09867,Reef; Sandy bottom; Ocean,https://www.padi.com/dive-site/united-states-of-america-usa/emerald-reef-2/,25.67417,-80.09867,0.0,PADI_coordinate_water
11092,United States of America (USA),San Carlos Beach (Breakwater Cove),36.61126,-121.89641,Beach; Sandy bottom; Wall; Ocean,https://www.padi.com/dive-site/united-states-of-america-usa/san-carlos-beach-breakwater-cove/,36.61125617770816,-121.89416885375978,200,minimum_nearest_shoreline_crossing
12006,United States of America (USA),Glen Ayr,47.42033,-123.12987,Reef; Sandy bottom; Fjord,https://www.padi.com/dive-site/united-states-of-america-usa/glen-ayr/,47.42033491301206,-123.12987327575684,0.0,PADI_coordinate_water
12489,United States of America (USA),Leleiwi,19.73325,-155.01911,Pinnacle; Reef; Wall; Ocean,https://www.padi.com/dive-site/united-states-of-america-usa/leleiwi/,19.733254414488385,-155.01719700903018,200,minimum_nearest_shoreline_crossing
13279,United States of America (USA),NudiMadness,20.04041,-155.83375,Beach; Reef; Sandy bottom; Ocean,https://www.padi.com/dive-site/united-states-of-america-usa/nudimadness/,20.04041003730454,-155.8318376541138,200,minimum_nearest_shoreline_crossing
14874,United States of America (USA),sand key  lighthouse,24.45389,-81.87750,Reef; Ocean,https://www.padi.com/dive-site/united-states-of-america-usa/sand-key-lighthouse/,24.453888888888887,-81.8775,0.0,PADI_coordinate_water
14875,United States of America (USA),Eastern Dry Rocks,24.45616,-81.85000,Reef; Sandy bottom; Ocean,https://www.padi.com/dive-site/united-states-of-america-usa/eastern-dry-rocks/,24.456163888888888,-81.84999972222222,0.0,PADI_coordinate_water
15069,United States of America (USA),sund rock,47.40332,-123.14402,Beach; Channel; Fjord,https://www.padi.com/dive-site/united-states-of-america-usa/sund-rock/,47.40331638580707,-123.14137389233444,200,minimum_nearest_shoreline_crossing
15275,United States of America (USA),Rock Key,24.45722,-81.86417,Reef; Ocean,https://www.padi.com/dive-site/united-states-of-america-usa/rock-key/,24.45722222222222,-81.86416666666666,0.0,PADI_coordinate_water
15675,United States of America (USA),Barracuda Reef,26.07300,-80.09600,Drift; Reef; Ocean,https://www.padi.com/dive-site/united-states-of-america-usa/baracuda-reef/,26.073,-80.096,0.0,PADI_coordinate_water
20797,United States of America (USA),Prybil Beach,40.89889,-73.62022,Beach; Sandy bottom; Ocean,https://www.padi.com/dive-site/united-states-of-america-usa/prybil-beach/,40.89888595893784,-73.62260416225278,200,minimum_nearest_shoreline_crossing
20799,United States of America (USA),Orchard Beach (a/k/a Captain Mike's Beach),40.85365,-73.78547,Beach; Muck; Reef; Sandy bottom; Ocean,https://www.padi.com/dive-site/united-states-of-america-usa/captain-mikes-beach/,40.853646093831294,-73.78784894943239,200,minimum_nearest_shoreline_crossing
21151,United States of America (USA),Flowers Gardens,26.68357,-80.01675,Drift; Reef; Ocean,https://www.padi.com/dive-site/united-states-of-america-usa/flowers-gardens/,26.683566666666668,-80.0167475,0.0,PADI_coordinate_water
21812,United States of America (USA),Duck Island Isles of Shoals,43.00323,-70.60437,Ocean,https://www.padi.com/dive-site/united-states-of-america-usa/duck-island-isle-of-shoals/,43.00323483507604,-70.60437230219323,0.0,PADI_coordinate_water
21972,United States of America (USA),First Reef,25.91333,-81.74833,Reef; Sandy bottom; Ocean,https://www.padi.com/dive-site/united-states-of-america-usa/first-reef-caxambas-pile/,25.91333,-81.74833,0.0,PADI_coordinate_water
22266,United States of America (USA),Isles of Shoals Duck Island and Shag Rock,43.00416,-70.60332,Ocean,https://www.padi.com/dive-site/united-states-of-america-usa/isles-of-shoals-duck-island-and-shag-rock/,43.00416067507923,-70.60331574955295,0.0,PADI_coordinate_water
22267,United States of America (USA),Nubble Light,43.16616,-70.59192,Ocean,https://www.padi.com/dive-site/united-states-of-america-usa/nubble-light/,43.16616340812041,-70.59192173299202,0.0,PADI_coordinate_water
23000,United States of America (USA),Third Reef,25.87833,-81.90333,Reef; Sandy bottom; Ocean,https://www.padi.com/dive-site/united-states-of-america-usa/tko/,25.87833,-81.90333,0.0,PADI_coordinate_water
23272,United States of America (USA),Jupiter Atlantic Ocean,26.92544,-80.00484,Ocean,https://www.padi.com/dive-site/united-states-of-america-usa/jupiter-atlantic-ocean/,26.925437126300235,-80.00483891107865,0.0,PADI_coordinate_water
23472,United States of America (USA),Rainbow Reef,25.69137,-79.90295,Reef; Ocean,https://www.padi.com/dive-site/united-states-of-america-usa/rainbow-reef-3/,25.69137,-79.90295,0.0,PADI_coordinate_water
23581,United States of America (USA),Cabrillo Beach,33.70941,-118.28358,Beach; Sandy bottom; Ocean,https://www.padi.com/dive-site/united-states-of-america-usa/cabrillo-beach/,33.70940510347014,-118.28142106533052,200,minimum_nearest_shoreline_crossing
23633,United States of America (USA),San Miguel Island,34.03972,-120.37543,Reef; Sandy bottom; Ocean,https://www.padi.com/dive-site/united-states-of-america-usa/san-miguel-island/,34.0397186,-120.3754264,0.0,PADI_coordinate_water
23725,United States of America (USA),Radio Island Rock Jetty,34.70863,-76.67989,Reef,https://www.padi.com/dive-site/united-states-of-america-usa/radio-island-rock-jetty/,34.70863329306404,-76.67989253997804,0.0,PADI_coordinate_water
24374,United States of America (USA),Jules' Undersea Lab,25.13201,-80.39750,Archaeological; Ocean,https://www.padi.com/dive-site/united-states-of-america-usa/jules-undersea-lodge/,25.133275009508772,-80.39890408515932,200,minimum_nearest_shoreline_crossing
24701,United States of America (USA),Wailea Point (House) Reef,20.68106,-156.44632,Beach; Reef; Sandy bottom,https://www.padi.com/dive-site/united-states-of-america-usa/wailea-south/,20.681057136875456,-156.44440054893496,200,minimum_nearest_shoreline_crossing
1279,Venezuela,Chichiriviche de la costa,10.54934,-67.24197,Cave; Beach; Wall,https://www.padi.com/dive-site/venezuela/chichiriviche-de-la-costa/,10.547559017608286,-67.24169254302979,200,minimum_nearest_shoreline_crossing
5555,Venezuela,Puerto Cabello (Isla Larga),10.48868,-67.94449,Beach; Reef,https://www.padi.com/dive-site/venezuela/puerto-cabello-isla-larga/,10.486968,-67.943916,200,minimum_nearest_shoreline_crossing
20023,Venezuela,Bahia de Cata,10.49908,-67.73936,Beach; Reef; Wall,https://www.padi.com/dive-site/venezuela/bahia-de-cata-2/,10.497348570212546,-67.73886680603029,200,minimum_nearest_shoreline_crossing
23354,Venezuela,Farallón Centinela,10.81472,-66.09028,Drift; Pinnacle; Ocean,https://www.padi.com/dive-site/venezuela/farallon-centinela-2/,10.814722222222224,-66.09027777777777,0.0,PADI_coordinate_water
24264,Venezuela,Puerto Cruz y Petaquire,10.54659,-67.31208,Drift; Reef; Ocean,https://www.padi.com/dive-site/venezuela/puerto-cruz-y-petaquire/,10.544816641308056,-67.31177330017091,200,minimum_nearest_shoreline_crossing
2491,Vietnam,Mama Hanh Beach,12.16941,109.30883,Reef,https://www.padi.com/dive-site/vietnam/mama-hanh-beach/,12.170994439690253,109.30795669555664,200,minimum_nearest_shoreline_crossing
2492,Vietnam,Seahorse Bay,12.17108,109.30427,Reef,https://www.padi.com/dive-site/vietnam/seahorse-bay-2/,12.172672463404094,109.30340766906738,200,minimum_nearest_shoreline_crossing
2493,Vietnam,Moray Beach,12.16666,109.29753,Reef,https://www.padi.com/dive-site/vietnam/moray-beach/,12.168246652970552,109.29666996002196,200,minimum_nearest_shoreline_crossing
2494,Vietnam,Rainbow Reef,12.16361,109.30036,Reef,https://www.padi.com/dive-site/vietnam/rainbow-reef-2/,12.163611009446855,109.30036067962646,0.0,PADI_coordinate_water
2495,Vietnam,Debbies Beach,12.16376,109.31019,Reef,https://www.padi.com/dive-site/vietnam/debbies-beach/,12.165352007219528,109.30932998657228,200,minimum_nearest_shoreline_crossing
2496,Vietnam,Tiger Wall,12.16301,109.31204,Reef; Wall,https://www.padi.com/dive-site/vietnam/tiger-wall/,12.163013194328634,109.31204438209534,0.0,PADI_coordinate_water
2498,Vietnam,Electric Nose,12.18945,109.34525,Wall,https://www.padi.com/dive-site/vietnam/electric-nose/,12.189452117272904,109.3452501296997,0.0,PADI_coordinate_water
2726,Vietnam,Nha Trang,12.20715,109.27963,Reef; Wall,https://www.padi.com/dive-site/vietnam/nha-trang/,12.207153501451728,109.27963256835938,0.0,PADI_coordinate_water
2809,Vietnam,HON TAI NORTH,15.91016,108.53600,Drift; Reef,https://www.padi.com/dive-site/vietnam/hon-tai-north/,15.910159098898962,108.53599548339842,0.0,PADI_coordinate_water
2810,Vietnam,HON TAI SOUTH,15.90325,108.53990,Cave; Drift; Reef,https://www.padi.com/dive-site/vietnam/hon-tai-south/,15.903246024880056,108.53990077972412,0.0,PADI_coordinate_water
2811,Vietnam,HON MO,15.93139,108.47587,Drift; Reef,https://www.padi.com/dive-site/vietnam/hon-mo/,15.931392098821547,108.4758710861206,0.0,PADI_coordinate_water
2813,Vietnam,HON DAI NORTH,15.94656,108.47746,Drift; Reef; Wall,https://www.padi.com/dive-site/vietnam/hon-dai-north/,15.946557152473018,108.4774589538574,0.0,PADI_coordinate_water
2814,Vietnam,HON DAI - NIGHT DIVE,15.94924,108.48209,Drift; Reef,https://www.padi.com/dive-site/vietnam/hon-dai-night-dive/,15.949239287529949,108.48209381103514,0.0,PADI_coordinate_water
5237,Vietnam,Cemetery Bay,12.18092,109.29366,Beach; Reef,https://www.padi.com/dive-site/vietnam/cemetery-bay/,12.18251,109.292797,200,minimum_nearest_shoreline_crossing
5239,Vietnam,Phat Wall,12.56489,109.40664,Wall; Channel; Ocean,https://www.padi.com/dive-site/vietnam/phat-wall/,12.564889,109.406641,0.0,PADI_coordinate_water
5240,Vietnam,Bai Nhau,12.59181,109.39684,Sandy bottom; Ocean,https://www.padi.com/dive-site/vietnam/bai-nhau/,12.591811,109.396845,0.0,PADI_coordinate_water
5241,Vietnam,Bai Su,12.57562,109.39972,Reef; Wall; Channel; Ocean,https://www.padi.com/dive-site/vietnam/bai-su/,12.575622,109.39972,0.0,PADI_coordinate_water
5242,Vietnam,Three Kings,12.56531,109.45957,Pinnacle; Reef; Cavern; Ocean,https://www.padi.com/dive-site/vietnam/three-kings/,12.565308,109.459566,0.0,PADI_coordinate_water
7975,Vietnam,Koh Pulau Wai,9.90790,102.90070,Reef; Ocean,https://www.padi.com/dive-site/vietnam/koh-pulau-wai/,9.907895317981188,102.90069580078126,0.0,PADI_coordinate_water
9608,Vietnam,Turtle Island,10.35904,103.80853,Reef,https://www.padi.com/dive-site/vietnam/turtle-island-2/,10.35903993218102,103.80852792232264,0.0,PADI_coordinate_water
11699,Vietnam,Hon Tam,12.17569,109.23869,Reef; Sandy bottom; Ocean,https://www.padi.com/dive-site/vietnam/hon-tam/,12.175692879374104,109.23869132995608,0.0,PADI_coordinate_water
20433,Vietnam,hon bac island,12.34071,109.29182,Cave; Reef; Ocean,https://www.padi.com/dive-site/vietnam/hon-bac-island/,12.340714538666992,109.29182052612305,0.0,PADI_coordinate_water
24260,Vietnam,Dam Bay,12.18656,109.29298,Reef; Sandy bottom; Wall; Ocean,https://www.padi.com/dive-site/vietnam/dam-bay/,12.188151732024007,109.29212060866008,200,minimum_nearest_shoreline_crossing
7702,Western Sahara,Quinta do Lorde,32.74172,-16.70812,Sandy bottom; Ocean,https://www.padi.com/dive-site/western-sahara/quinta-do-lorde/,32.740685,-16.709862,200,minimum_nearest_shoreline_crossing
21413,Western Sahara,Parede do Sardinha,32.73813,-16.68113,Sandy bottom; Wall,https://www.padi.com/dive-site/western-sahara/parede-do-sardinha/,32.7374,-16.683083,200,minimum_nearest_shoreline_crossing
24411,Finland,Porkkala / Vetokannas,59.98840,24.41642,Beach; Sandy bottom; Ocean,https://www.padi.com/dive-site/finland/porkkala-vetokannas/,59.9901011791611,24.41758632659912,200,minimum_nearest_shoreline_crossing
